run_id,car_id,source_node,capacity,passenger_count,depart_time,road_arrival_time,parked_time,route_length_m
20260610_175521_48753422,33,46354890,1,1,66299.03013031813,66510.07413900498,66700.07413900498,2568.9732397074886
20260610_175521_48753422,37,46354890,3,3,66346.71152301542,66558.69831994963,66748.69831994963,2568.9732397074886
20260610_175521_48753422,36,3611512307,1,1,66324.65020758477,66596.85100137953,66786.85100137953,3392.1386767265885
20260610_175521_48753422,39,46354890,2,2,66387.30288459701,66600.52341361575,66790.52341361575,2568.9732397074886
20260610_175521_48753422,40,46354890,1,1,66401.91607671625,66616.28850499337,66806.28850499337,2568.9732397074886
20260610_175521_48753422,34,46336597,2,1,66420.0,66654.46424113639,66844.46424113639,3027.4039908375626
20260610_175521_48753422,41,46354890,2,2,66446.4155161548,66662.79027501956,66852.79027501956,2568.9732397074886
20260610_175521_48753422,45,46354890,1,1,66446.93829869591,66666.91459414616,66856.91459414616,2568.9732397074886
20260610_175521_48753422,46,46354890,3,3,66457.85158630845,66677.34661493084,66867.34661493084,2568.9732397074886
20260610_175521_48753422,38,3611512307,3,3,66428.06844123923,66700.269235034,66890.269235034,3392.1386767265885
20260610_175521_48753422,47,46354890,3,3,66490.51339408956,66708.01721811247,66898.01721811247,2568.9732397074886
20260610_175521_48753422,35,46493064,2,2,66403.21694046879,66721.617422563,66911.617422563,4309.4480798092145
20260610_175521_48753422,51,46354890,2,2,66519.19181457532,66735.3896654636,66925.3896654636,2568.9732397074886
20260610_175521_48753422,52,46354890,3,3,66527.05624490484,66746.30196603805,66936.30196603805,2568.9732397074886
20260610_175521_48753422,44,3611512307,3,3,66482.15645648303,66756.82244655414,66946.82244655414,3392.1386767265885
20260610_175521_48753422,49,3611512307,1,1,66488.38651137296,66766.76573590693,66956.76573590693,3392.1386767265885
20260610_175521_48753422,42,46493064,1,1,66460.50987894312,66780.41900398112,66970.41900398112,4259.280007571585
20260610_175521_48753422,53,46354890,2,2,66567.0220209924,66783.21987188069,66973.21987188069,2568.9732397074886
20260610_175521_48753422,58,46354890,2,2,66581.84111124111,66797.20583199317,66987.20583199317,2568.9732397074886
20260610_175521_48753422,50,3611512307,3,3,66528.01947681623,66806.26962255791,66996.26962255791,3392.1386767265885
20260610_175521_48753422,59,46354890,2,2,66589.98778681355,66808.0272444801,66998.0272444801,2568.9732397074886
20260610_175521_48753422,54,3611512307,1,1,66530.16654425648,66812.91301795581,67002.91301795581,3392.1386767265885
20260610_175521_48753422,55,3611512307,2,2,66556.61064798158,66836.7153881165,67026.7153881165,3392.1386767265885
20260610_175521_48753422,43,46336597,3,1,66600.0,66836.74467613995,67026.74467613995,3027.4039908375626
20260610_175521_48753422,60,46354890,3,3,66634.72997311468,66852.13185034954,67042.13185034954,2568.9732397074886
20260610_175521_48753422,62,46354890,2,2,66646.21019812072,66863.87309951411,67053.87309951411,2568.9732397074886
20260610_175521_48753422,64,46354890,1,1,66649.87890715126,66869.97823527352,67059.97823527352,2568.9732397074886
20260610_175521_48753422,66,46354890,1,1,66651.98787509234,66875.19905173365,67065.19905173365,2568.9732397074886
20260610_175521_48753422,48,46493064,2,2,66559.9929240219,66876.65391353345,67066.65391353345,4259.280007571585
20260610_175521_48753422,67,46354890,2,2,66679.04676762021,66898.94316266876,67088.94316266876,2568.9732397074886
20260610_175521_48753422,68,46354890,1,1,66689.42294230386,66910.5059082673,67100.5059082673,2568.9732397074886
20260610_175521_48753422,56,3611512307,3,3,66641.99844808344,66916.66443815455,67106.66443815455,3392.1386767265885
20260610_175521_48753422,63,3611512307,1,1,66646.27085009172,66924.07708058461,67114.07708058461,3392.1386767265885
20260610_175521_48753422,70,46354890,2,2,66709.32463949754,66927.87426421032,67117.87426421032,2568.9732397074886
20260610_175521_48753422,72,46354890,2,2,66730.49462321264,66950.10884943417,67140.10884943417,2568.9732397074886
20260610_175521_48753422,74,46354890,3,3,66733.9243148833,66956.75586928427,67146.75586928427,2568.9732397074886
20260610_175521_48753422,65,3611512307,2,2,66686.72246448099,66962.94246628678,67152.94246628678,3392.1386767265885
20260610_175521_48753422,75,46354890,3,3,66747.02671199625,66969.37351287657,67159.37351287657,2568.9732397074886
20260610_175521_48753422,69,3611512307,1,1,66693.92942950525,66972.73608350063,67162.73608350063,3392.1386767265885
20260610_175521_48753422,79,46354890,2,2,66752.31898168291,66975.22110875865,67165.22110875865,2568.9732397074886
20260610_175521_48753422,80,46354890,1,1,66755.45404602277,66981.73057043036,67171.73057043036,2568.9732397074886
20260610_175521_48753422,81,46354890,1,1,66755.45969106507,66986.49744958265,67176.49744958265,2568.9732397074886
20260610_175521_48753422,82,46354890,2,2,66763.18857077564,66992.75248363323,67182.75248363323,2568.9732397074886
20260610_175521_48753422,61,46336597,1,1,66746.3779937144,66995.75064085894,67185.75064085894,3027.4039908375626
20260610_175521_48753422,71,3611512307,3,3,66718.6362064779,66997.23962215598,67187.23962215598,3392.1386767265885
20260610_175521_48753422,84,46354890,1,1,66767.22988331437,66999.25297460589,67192.75248363323,2568.9732397074886
20260610_175521_48753422,86,46354890,2,2,66775.45481234814,67005.68926525624,67195.75064085894,2568.9732397074886
20260610_175521_48753422,73,3611512307,2,2,66738.72901543435,67018.1753204055,67208.1753204055,3392.1386767265885
20260610_175521_48753422,87,46354890,3,3,66810.48953322422,67033.98367993857,67223.98367993857,2568.9732397074886
20260610_175521_48753422,76,3611512307,3,3,66758.8979967714,67037.32389087084,67227.32389087084,3392.1386767265885
20260610_175521_48753422,91,46354890,1,1,66812.09582561074,67038.86849890153,67228.86849890153,2568.9732397074886
20260610_175521_48753422,83,3611512307,2,2,66767.22600980966,67048.28450388159,67238.28450388159,3392.1386767265885
20260610_175521_48753422,92,46354890,3,3,66834.43470828325,67058.5058666156,67248.5058666156,2568.9732397074886
20260610_175521_48753422,57,46493064,2,1,66739.9929240219,67062.55080816848,67252.55080816848,4259.280007571585
20260610_175521_48753422,93,46354890,1,1,66837.84227653382,67065.49568521393,67255.49568521393,2568.9732397074886
20260610_175521_48753422,94,46354890,1,1,66840.87875447542,67071.96696857673,67261.96696857673,2568.9732397074886
20260610_175521_48753422,85,3611512307,2,2,66789.75888636554,67072.65648220417,67262.65648220417,3392.1386767265885
20260610_175521_48753422,95,46354890,2,2,66850.73373297635,67080.84158143016,67270.84158143016,2568.9732397074886
20260610_175521_48753422,89,3611512307,1,1,66803.02797945737,67085.7734509636,67275.7734509636,3392.1386767265885
20260610_175521_48753422,97,46354890,2,2,66858.673716185,67087.59029716397,67277.59029716397,2568.9732397074886
20260610_175521_48753422,98,46354890,1,1,66863.34864673724,67095.34478913955,67285.34478913955,2568.9732397074886
20260610_175521_48753422,77,46493064,1,1,66782.95187605232,67104.03989050524,67294.03989050524,4259.280007571585
20260610_175521_48753422,99,46354890,2,2,66883.67790005759,67109.48382633424,67299.48382633424,2568.9732397074886
20260610_175521_48753422,101,46354890,2,2,66886.69740600782,67114.63674655191,67304.63674655191,2568.9732397074886
20260610_175521_48753422,90,3611512307,3,3,66842.39446951795,67122.70602940489,67312.70602940489,3392.1386767265885
20260610_175521_48753422,102,46354890,3,3,66913.30665872297,67135.1085554868,67325.1085554868,2568.9732397074886
20260610_175521_48753422,104,46354890,2,2,66926.7917720084,67149.89435083391,67339.89435083391,2568.9732397074886
20260610_175521_48753422,96,3611512307,2,2,66878.16066243216,67155.82850457105,67345.82850457105,3392.1386767265885
20260610_175521_48753422,106,46354890,2,2,66939.7209365845,67161.69936615051,67351.69936615051,2568.9732397074886
20260610_175521_48753422,108,46354890,3,3,66951.13738246946,67175.53216823471,67365.53216823471,2568.9732397074886
20260610_175521_48753422,100,3611512307,2,2,66896.9394349744,67175.81274590446,67365.81274590446,3392.1386767265885
20260610_175521_48753422,109,46354890,1,1,66972.20705124711,67192.90519138063,67382.90519138063,2568.9732397074886
20260610_175521_48753422,111,46354890,2,2,66984.27271167088,67206.15742271929,67396.15742271929,2568.9732397074886
20260610_175521_48753422,103,3611512307,2,2,66933.46383972658,67209.11084749129,67399.11084749129,3392.1386767265885
20260610_175521_48753422,112,46354890,1,1,67008.16979854008,67227.78402476161,67417.78402476161,2568.9732397074886
20260610_175521_48753422,114,46354890,1,1,67010.22898970496,67232.25879902096,67422.25879902096,2568.9732397074886
20260610_175521_48753422,115,46354890,1,1,67017.06786638184,67240.479271226,67430.479271226,2568.9732397074886
20260610_175521_48753422,117,46354890,1,1,67017.34880625563,67244.74617862869,67434.74617862869,2568.9732397074886
20260610_175521_48753422,118,46354890,2,2,67022.76585368106,67249.88947748902,67439.88947748902,2568.9732397074886
20260610_175521_48753422,119,46354890,2,2,67028.5656428541,67257.64894409507,67447.64894409507,2568.9732397074886
20260610_175521_48753422,120,46354890,1,1,67042.22907729707,67267.67317394575,67457.67317394575,2568.9732397074886
20260610_175521_48753422,121,46354890,2,2,67046.62877211148,67272.92587888514,67462.92587888514,2568.9732397074886
20260610_175521_48753422,107,3611512307,2,2,66999.78731951579,67273.89414685017,67463.89414685017,3392.1386767265885
20260610_175521_48753422,122,46354890,1,1,67047.24372108352,67277.0409809862,67467.67317394575,2568.9732397074886
20260610_175521_48753422,88,46493064,3,2,66962.95187605232,67280.51614565936,67472.92587888514,4259.280007571585
20260610_175521_48753422,123,46354890,3,3,67061.79362661096,67288.6805194982,67478.6805194982,2568.9732397074886
20260610_175521_48753422,113,3611512307,2,2,67011.18296324823,67290.25385489716,67480.25385489716,3392.1386767265885
20260610_175521_48753422,126,46354890,3,3,67074.90662384588,67301.02222446683,67491.02222446683,2568.9732397074886
20260610_175521_48753422,127,46354890,2,2,67082.42000136503,67310.2575954347,67500.2575954347,2568.9732397074886
20260610_175521_48753422,105,46336597,3,3,67077.98386543151,67323.9487383078,67513.9487383078,3027.4039908375626
20260610_175521_48753422,116,3611512307,3,3,67049.78893339421,67326.0089352,67516.0089352,3392.1386767265885
20260610_175521_48753422,129,46354890,3,3,67101.66522405768,67330.23807499348,67520.23807499348,2568.9732397074886
20260610_175521_48753422,124,3611512307,1,1,67052.40806345976,67333.06586773893,67523.9487383078,3392.1386767265885
20260610_175521_48753422,132,46354890,3,3,67113.3472370702,67341.70849185374,67531.70849185374,2568.9732397074886
20260610_175521_48753422,134,46354890,2,2,67116.54719051404,67347.35670321694,67537.35670321694,2568.9732397074886
20260610_175521_48753422,136,46354890,1,1,67119.10414670117,67353.11229692616,67543.11229692616,2568.9732397074886
20260610_175521_48753422,137,46354890,1,1,67124.28303044957,67359.70515029,67549.70515029,2568.9732397074886
20260610_175521_48753422,125,3611512307,2,2,67083.82174358219,67362.41584969856,67552.41584969856,3392.1386767265885
20260610_175521_48753422,138,46354890,3,3,67131.31946045972,67364.8232913288,67554.8232913288,2568.9732397074886
20260610_175521_48753422,139,46354890,2,2,67134.29131401057,67370.15018038369,67560.15018038369,2568.9732397074886
20260610_175521_48753422,140,46354890,1,1,67140.90767458336,67376.34272424325,67566.34272424325,2568.9732397074886
20260610_175521_48753422,130,3611512307,3,3,67097.50804671449,67377.99535495919,67567.99535495919,3392.1386767265885
20260610_175521_48753422,142,46354890,1,1,67141.31793642708,67379.2179996983,67570.15018038369,2568.9732397074886
20260610_175521_48753422,143,46354890,3,3,67155.66511352544,67388.5408976958,67578.5408976958,2568.9732397074886
20260610_175521_48753422,131,3611512307,1,1,67108.94859544458,67390.21784304634,67580.21784304634,3392.1386767265885
20260610_175521_48753422,147,46354890,3,3,67168.02952123054,67399.24107076702,67589.24107076702,2568.9732397074886
20260610_175521_48753422,148,46354890,1,1,67180.50780602201,67410.19055436745,67600.19055436745,2568.9732397074886
20260610_175521_48753422,133,3611512307,3,3,67136.4890806726,67415.93538564375,67605.93538564375,3392.1386767265885
20260610_175521_48753422,150,46354890,1,1,67188.1409963708,67418.37907091166,67608.37907091166,2568.9732397074886
20260610_175521_48753422,141,3611512307,1,1,67144.28767118792,67425.90625494826,67615.90625494826,3392.1386767265885
20260610_175521_48753422,144,3611512307,1,1,67146.50763109395,67431.06029249683,67621.06029249683,3392.1386767265885
20260610_175521_48753422,110,46493064,2,2,67114.04141030952,67438.94147823988,67628.94147823988,4259.280007571585
20260610_175521_48753422,151,46354890,3,3,67212.32849745822,67439.03732845801,67629.03732845801,2568.9732397074886
20260610_175521_48753422,153,46354890,3,3,67222.57040024578,67450.46580216046,67640.46580216046,2568.9732397074886
20260610_175521_48753422,146,3611512307,2,2,67178.12809012824,67461.04473215334,67651.04473215334,3392.1386767265885
20260610_175521_48753422,155,46354890,3,3,67238.137604411,67464.74079938594,67654.74079938594,2568.9732397074886
20260610_175521_48753422,135,46493064,1,1,67145.87590088844,67469.20522719527,67659.20522719527,4259.280007571585
20260610_175521_48753422,156,46354890,3,3,67268.03091474096,67489.55433191458,67679.55433191458,2568.9732397074886
20260610_175521_48753422,149,3611512307,3,3,67219.12430535498,67498.40614480851,67688.40614480851,3392.1386767265885
20260610_175521_48753422,128,46336597,2,1,67257.98386543151,67499.05300822937,67689.05300822937,3027.4039908375626
20260610_175521_48753422,159,46354890,2,2,67281.73944520616,67504.1955944166,67694.1955944166,2568.9732397074886
20260610_175521_48753422,160,46354890,1,1,67290.68681872713,67514.59680558002,67704.59680558002,2568.9732397074886
20260610_175521_48753422,145,46493064,1,1,67196.15637918534,67516.97072865228,67706.97072865228,4259.280007571585
20260610_175521_48753422,162,46354890,1,1,67290.7024323927,67517.82586570621,67707.82586570621,2568.9732397074886
20260610_175521_48753422,154,3611512307,3,3,67242.67992963822,67525.87488431163,67715.87488431163,3392.1386767265885
20260610_175521_48753422,163,46354890,3,3,67305.33366996376,67530.5465597205,67720.5465597205,2568.9732397074886
20260610_175521_48753422,165,46354890,1,1,67305.84849835212,67532.48532649093,67722.48532649093,2568.9732397074886
20260610_175521_48753422,166,46354890,2,2,67308.46512453686,67537.2787965647,67727.2787965647,2568.9732397074886
20260610_175521_48753422,167,46354890,1,1,67308.610063281,67541.57995496412,67731.57995496412,2568.9732397074886
20260610_175521_48753422,168,46354890,3,3,67323.80527024846,67551.9515133384,67741.9515133384,2568.9732397074886
20260610_175521_48753422,171,46354890,1,1,67329.13093361375,67557.73981994971,67747.73981994971,2568.9732397074886
20260610_175521_48753422,172,46354890,1,1,67329.66480408408,67561.93592279636,67751.93592279636,2568.9732397074886
20260610_175521_48753422,157,3611512307,3,3,67285.59156649452,67563.25940863341,67753.25940863341,3392.1386767265885
20260610_175521_48753422,161,3611512307,3,3,67298.42425869122,67576.27715874958,67766.27715874958,3392.1386767265885
20260610_175521_48753422,173,46354890,3,3,67353.44658890061,67579.54228585998,67769.54228585998,2568.9732397074886
20260610_175521_48753422,164,3611512307,2,2,67313.73782556075,67593.84256569567,67783.84256569567,3392.1386767265885
20260610_175521_48753422,176,46354890,3,3,67377.36065399669,67602.59847958233,67792.59847958233,2568.9732397074886
20260610_175521_48753422,179,46354890,3,3,67387.18453516596,67615.17432452677,67805.17432452677,2568.9732397074886
20260610_175521_48753422,170,3611512307,3,3,67340.65015194908,67620.09645692023,67810.09645692023,3392.1386767265885
20260610_175521_48753422,180,46354890,1,1,67393.03750603079,67621.66815514577,67811.66815514577,2568.9732397074886
20260610_175521_48753422,152,46493064,3,3,67311.039683035,67629.88023163649,67819.88023163649,4259.280007571585
20260610_175521_48753422,182,46354890,3,3,67405.46715270069,67632.35363903313,67822.35363903313,2568.9732397074886
20260610_175521_48753422,174,3611512307,1,1,67351.29837565789,67634.25560288705,67824.25560288705,3392.1386767265885
20260610_175521_48753422,183,46354890,3,3,67415.2837353154,67642.65278878009,67832.65278878009,2568.9732397074886
20260610_175521_48753422,175,3611512307,2,2,67364.50577538178,67648.51308557074,67838.51308557074,3392.1386767265885
20260610_175521_48753422,177,3611512307,1,1,67364.53244694178,67653.19193127326,67843.19193127326,3392.1386767265885
20260610_175521_48753422,185,46354890,3,3,67451.2551260044,67671.67478654771,67861.67478654771,2568.9732397074886
20260610_175521_48753422,178,3611512307,2,2,67391.9641224663,67675.94934092791,67865.94934092791,3392.1386767265885
20260610_175521_48753422,190,46354890,2,2,67455.47146763491,67678.30302203588,67868.30302203588,2568.9732397074886
20260610_175521_48753422,191,46354890,2,2,67460.61305978702,67683.74229580416,67873.74229580416,2568.9732397074886
20260610_175521_48753422,194,46354890,1,1,67461.96618029094,67687.2233481867,67877.2233481867,2568.9732397074886
20260610_175521_48753422,181,3611512307,3,3,67406.1233953932,67688.83711859342,67878.83711859342,3392.1386767265885
20260610_175521_48753422,196,46354890,1,1,67464.14727401116,67693.29460811344,67883.74229580416,2568.9732397074886
20260610_175521_48753422,197,46354890,2,2,67488.85119890647,67711.51096704403,67901.51096704403,2568.9732397074886
20260610_175521_48753422,184,3611512307,3,3,67437.26038400871,67717.78019719674,67907.78019719674,3392.1386767265885
20260610_175521_48753422,199,46354890,2,2,67492.44677809133,67718.36410975584,67908.36410975584,2568.9732397074886
20260610_175521_48753422,200,46354890,3,3,67499.90254137875,67726.79490659042,67916.79490659042,2568.9732397074886
20260610_175521_48753422,188,3611512307,1,1,67448.39085502416,67731.6211270522,67921.6211270522,3392.1386767265885
20260610_175521_48753422,186,3611512307,3,3,67446.70289633129,67735.33756781371,67925.33756781371,3442.3067489642194
20260610_175521_48753422,202,46354890,3,3,67519.80651020273,67743.0147250531,67933.0147250531,2568.9732397074886
20260610_175521_48753422,189,3611512307,2,2,67457.01672430766,67743.2727185387,67933.2727185387,3392.1386767265885
20260610_175521_48753422,204,46354890,1,1,67520.61794481409,67746.24550579589,67936.24550579589,2568.9732397074886
20260610_175521_48753422,192,3611512307,1,1,67459.82923857465,67750.38420308578,67943.0147250531,3392.1386767265885
20260610_175521_48753422,205,46354890,3,3,67541.24239893022,67764.45061378059,67954.45061378059,2568.9732397074886
20260610_175521_48753422,193,3611512307,1,1,67483.47027711126,67767.63481734494,67957.63481734494,3392.1386767265885
20260610_175521_48753422,210,46354890,3,3,67554.84108284081,67778.22583049335,67968.22583049335,2568.9732397074886
20260610_175521_48753422,198,3611512307,1,1,67493.0168683318,67778.58908020126,67968.58908020126,3392.1386767265885
20260610_175521_48753422,169,46493064,3,3,67461.43192004997,67786.73837455502,67976.73837455502,4259.280007571585
20260610_175521_48753422,211,46354890,2,2,67564.88502762979,67790.14275687702,67980.14275687702,2568.9732397074886
20260610_175521_48753422,201,3611512307,3,3,67510.977295213,67797.73317576043,67987.73317576043,3392.1386767265885
20260610_175521_48753422,214,46354890,3,3,67571.60779495993,67797.88294023449,67987.88294023449,2568.9732397074886
20260610_175521_48753422,216,46354890,1,1,67572.51915265922,67802.41853017341,67992.41853017341,2568.9732397074886
20260610_175521_48753422,217,46354890,3,3,67577.03644712328,67807.40900301786,67997.73317576043,2568.9732397074886
20260610_175521_48753422,203,3611512307,2,2,67523.93280969637,67810.68563968525,68000.68563968525,3392.1386767265885
20260610_175521_48753422,218,46354890,2,2,67582.55094725646,67812.77936080642,68002.77936080642,2568.9732397074886
20260610_175521_48753422,206,3611512307,2,2,67530.37939762509,67819.75347409038,68009.75347409038,3392.1386767265885
20260610_175521_48753422,219,46354890,2,2,67599.14444351876,67825.26004413971,68015.26004413971,2568.9732397074886
20260610_175521_48753422,207,3611512307,1,1,67536.28816102316,67826.45458535828,68016.45458535828,3392.1386767265885
20260610_175521_48753422,220,46354890,3,3,67617.0449893962,67841.86078122172,68031.86078122172,2568.9732397074886
20260610_175521_48753422,208,3611512307,1,1,67558.95019446363,67845.30550160911,68035.30550160911,3392.1386767265885
20260610_175521_48753422,212,3611512307,3,3,67563.00550166369,67851.44449886116,68041.44449886116,3392.1386767265885
20260610_175521_48753422,221,46354890,3,3,67628.42590076585,67852.82068653111,68042.82068653111,2568.9732397074886
20260610_175521_48753422,213,3611512307,1,1,67567.90842050221,67858.00309550388,68048.00309550388,3392.1386767265885
20260610_175521_48753422,223,46354890,2,2,67634.93070724483,67861.20585251939,68051.44449886116,2568.9732397074886
20260610_175521_48753422,195,46493064,2,2,67536.5225787186,67865.79306026807,68055.79306026807,4259.280007571585
20260610_175521_48753422,224,46354890,2,2,67643.87649337963,67869.97286873193,68059.97286873193,2568.9732397074886
20260610_175521_48753422,227,46354890,3,3,67668.92710649874,67892.13532134911,68082.13532134911,2568.9732397074886
20260610_175521_48753422,230,46354890,2,2,67674.03657117712,67900.13179544678,68090.13179544678,2568.9732397074886
20260610_175521_48753422,231,46354890,1,1,67675.92697757311,67904.37375597001,68094.37375597001,2568.9732397074886
20260610_175521_48753422,232,46354890,1,1,67677.55785847381,67909.95412466272,68099.95412466272,2568.9732397074886
20260610_175521_48753422,233,46354890,1,1,67678.53086251038,67912.78838229948,68102.78838229948,2568.9732397074886
20260610_175521_48753422,215,3611512307,3,3,67635.87557558304,67915.08748363549,68105.08748363549,3392.1386767265885
20260610_175521_48753422,234,46354890,1,1,67678.73402103815,67917.33698248968,68109.95412466272,2568.9732397074886
20260610_175521_48753422,235,46354890,1,1,67689.64286981385,67924.24595986308,68114.24595986308,2568.9732397074886
20260610_175521_48753422,225,3611512307,1,1,67649.85127660769,67929.76559081131,68119.76559081131,3392.1386767265885
20260610_175521_48753422,237,46354890,2,2,67694.728434293,67929.79293337022,68119.95412466272,2568.9732397074886
20260610_175521_48753422,238,46354890,1,1,67696.04177335255,67931.49960215965,68124.24595986308,2568.9732397074886
20260610_175521_48753422,239,46354890,2,2,67701.9821235884,67936.9766721507,68129.76559081131,2568.9732397074886
20260610_175521_48753422,228,3611512307,1,1,67659.52151996685,67941.83177084215,68131.83177084215,3392.1386767265885
20260610_175521_48753422,240,46354890,3,3,67711.39596737476,67945.61825974901,68135.61825974901,2568.9732397074886
20260610_175521_48753422,209,46493064,3,3,67638.04768540125,67958.40005880744,68148.40005880744,4259.280007571585
20260610_175521_48753422,229,3611512307,2,2,67680.34995906078,67963.47716431956,68153.47716431956,3392.1386767265885
20260610_175521_48753422,243,46354890,3,3,67739.25154207976,67967.74771951031,68157.74771951031,2568.9732397074886
20260610_175521_48753422,245,46354890,3,3,67749.98405902962,67979.09110482836,68169.09110482836,2568.9732397074886
20260610_175521_48753422,247,46354890,1,1,67750.97294962323,67981.20675977942,68171.20675977942,2568.9732397074886
20260610_175521_48753422,236,3611512307,1,1,67703.00805472322,67984.10199971925,68174.10199971925,3392.1386767265885
20260610_175521_48753422,241,3611512307,1,1,67704.0708349328,67989.71394318341,68179.71394318341,3392.1386767265885
20260610_175521_48753422,248,46354890,1,1,67760.42880088082,67991.26879499255,68181.26879499255,2568.9732397074886
20260610_175521_48753422,250,46354890,2,2,67764.42146121462,67996.34936840534,68186.34936840534,2568.9732397074886
20260610_175521_48753422,252,46354890,2,2,67773.19455852499,68005.84517132076,68195.84517132076,2568.9732397074886
20260610_175521_48753422,242,3611512307,2,2,67730.26198075335,68013.04902032297,68203.04902032297,3392.1386767265885
20260610_175521_48753422,254,46354890,2,2,67790.64461822297,68021.80115481383,68211.80115481383,2568.9732397074886
20260610_175521_48753422,258,46354890,3,3,67800.40016176488,68031.39445317362,68221.39445317362,2568.9732397074886
20260610_175521_48753422,244,3611512307,2,2,67752.35909991493,68033.89012876489,68223.89012876489,3392.1386767265885
20260610_175521_48753422,222,46336597,2,1,67797.98386543151,68043.93718190363,68233.93718190363,3027.4039908375626
20260610_175521_48753422,249,3611512307,1,1,67761.51228882038,68044.17382427418,68234.17382427418,3392.1386767265885
20260610_175521_48753422,251,3611512307,1,1,67764.83042293329,68049.95991365338,68239.95991365338,3392.1386767265885
20260610_175521_48753422,260,46354890,3,3,67825.26275586845,68051.94784015651,68243.93718190363,2568.9732397074886
20260610_175521_48753422,253,3611512307,1,1,67773.4053353766,68060.6977458063,68250.6977458063,3392.1386767265885
20260610_175521_48753422,264,46354890,3,3,67843.8363005445,68067.19806216583,68257.19806216583,2568.9732397074886
20260610_175521_48753422,226,46493064,3,3,67746.03323787589,68071.34428276651,68261.34428276651,4259.280007571585
20260610_175521_48753422,265,46354890,2,2,67849.20926020217,68074.13623980436,68264.13623980436,2568.9732397074886
20260610_175521_48753422,255,3611512307,1,1,67785.70766241834,68075.8516311935,68267.19806216583,3392.1386767265885
20260610_175521_48753422,266,46354890,1,1,67851.69614153555,68080.40351476459,68271.34428276651,2568.9732397074886
20260610_175521_48753422,267,46354890,1,1,67851.99307222654,68085.31611555241,68275.31611555241,2568.9732397074886
20260610_175521_48753422,256,3611512307,3,3,67801.64502142824,68090.09529436188,68280.09529436188,3392.1386767265885
20260610_175521_48753422,268,46354890,3,3,67863.00111838795,68093.3714010385,68283.3714010385,2568.9732397074886
20260610_175521_48753422,269,46354890,1,1,67871.68714504421,68100.87098435166,68290.87098435166,2568.9732397074886
20260610_175521_48753422,261,3611512307,2,2,67816.72070879808,68102.33372784352,68292.33372784352,3392.1386767265885
20260610_175521_48753422,262,3611512307,1,1,67816.8392917,68106.68026357677,68296.68026357677,3392.1386767265885
20260610_175521_48753422,270,46354890,2,2,67887.92666345178,68114.16176138874,68304.16176138874,2568.9732397074886
20260610_175521_48753422,246,46493064,1,1,67787.42760127623,68117.46873231564,68307.46873231564,4259.280007571585
20260610_175521_48753422,271,46354890,1,1,67888.18272891105,68117.50281891614,68307.50281891614,2568.9732397074886
20260610_175521_48753422,272,46354890,2,2,67906.87343482849,68131.65029704184,68321.65029704184,2568.9732397074886
20260610_175521_48753422,275,46354890,2,2,67911.5279606819,68139.0358919173,68329.0358919173,2568.9732397074886
20260610_175521_48753422,276,46354890,1,1,67912.10712866194,68143.442339747,68333.442339747,2568.9732397074886
20260610_175521_48753422,277,46354890,2,2,67920.27488080518,68151.21377835369,68341.21377835369,2568.9732397074886
20260610_175521_48753422,259,46336597,1,1,67901.18300914785,68155.58324041306,68345.58324041306,3027.4039908375626
20260610_175521_48753422,279,46354890,3,3,67923.07356784819,68159.76271709138,68349.76271709138,2568.9732397074886
20260610_175521_48753422,274,46336597,1,1,67919.13791487055,68171.09940400884,68361.09940400884,3027.4039908375626
20260610_175521_48753422,263,3611512307,3,3,67895.49032788703,68173.59072400584,68363.59072400584,3392.1386767265885
20260610_175521_48753422,280,46354890,2,2,67941.44338072791,68174.65413696306,68364.65413696306,2568.9732397074886
20260610_175521_48753422,282,46354890,2,2,67943.31893447318,68179.10388165274,68371.09940400884,2568.9732397074886
20260610_175521_48753422,283,46354890,1,1,67967.65202047711,68197.32580741406,68387.32580741406,2568.9732397074886
20260610_175521_48753422,285,46354890,1,1,67972.12925806944,68203.54277666347,68393.54277666347,2568.9732397074886
20260610_175521_48753422,287,46354890,1,1,67977.80305140301,68210.58249037505,68400.58249037505,2568.9732397074886
20260610_175521_48753422,273,3611512307,2,2,67953.24802050693,68226.33059722497,68416.33059722497,3392.1386767265885
20260610_175521_48753422,288,46354890,3,3,67998.53570760123,68226.39593868947,68416.39593868947,2568.9732397074886
20260610_175521_48753422,284,3611512307,3,3,67969.06434400665,68244.87103190758,68434.87103190758,3392.1386767265885
20260610_175521_48753422,257,46493064,2,2,67931.08132025457,68251.19233713472,68441.19233713472,4259.280007571585
20260610_175521_48753422,290,46354890,3,3,68027.14942000198,68252.03801414925,68442.03801414925,2568.9732397074886
20260610_175521_48753422,295,46354890,2,2,68028.59111068469,68257.07796961608,68447.07796961608,2568.9732397074886
20260610_175521_48753422,296,46354890,1,1,68034.55858659846,68264.89374018076,68454.89374018076,2568.9732397074886
20260610_175521_48753422,286,3611512307,3,3,67989.87784655749,68269.88096938857,68459.88096938857,3392.1386767265885
20260610_175521_48753422,298,46354890,1,1,68044.40924214614,68271.78084063905,68461.78084063905,2568.9732397074886
20260610_175521_48753422,299,46354890,2,2,68049.35875658011,68278.19747707451,68468.19747707451,2568.9732397074886
20260610_175521_48753422,300,46354890,1,1,68054.69168174706,68283.81890453359,68473.81890453359,2568.9732397074886
20260610_175521_48753422,289,3611512307,1,1,68007.39830535463,68286.33015623475,68476.33015623475,3392.1386767265885
20260610_175521_48753422,301,46354890,2,2,68058.1452308007,68288.53680555256,68478.53680555256,2568.9732397074886
20260610_175521_48753422,292,3611512307,1,1,68011.05469116227,68293.80678749784,68483.81890453359,3392.1386767265885
20260610_175521_48753422,303,46354890,1,1,68062.97769271127,68296.26736233616,68486.33015623475,2568.9732397074886
20260610_175521_48753422,305,46354890,2,2,68064.95807973397,68298.6214687431,68488.6214687431,2568.9732397074886
20260610_175521_48753422,293,3611512307,3,3,68032.93124950827,68315.1668071521,68505.1668071521,3392.1386767265885
20260610_175521_48753422,306,46354890,3,3,68090.16906425728,68316.17807675002,68506.17807675002,2568.9732397074886
20260610_175521_48753422,311,46354890,1,1,68092.61813529248,68322.23860933946,68512.23860933946,2568.9732397074886
20260610_175521_48753422,281,46493064,3,3,68006.37261182509,68328.81617643482,68518.81617643482,4259.280007571585
20260610_175521_48753422,312,46354890,1,1,68108.74148705263,68334.63446787166,68524.63446787166,2568.9732397074886
20260610_175521_48753422,297,3611512307,3,3,68056.99943377575,68340.6814314393,68530.6814314393,3392.1386767265885
20260610_175521_48753422,314,46354890,2,2,68117.8558044616,68344.8472591417,68534.8472591417,2568.9732397074886
20260610_175521_48753422,291,46493064,1,1,68020.16278495871,68346.70324197153,68536.70324197153,4259.280007571585
20260610_175521_48753422,278,46336597,3,1,68099.13791487055,68349.24879322082,68540.6814314393,3027.4039908375626
20260610_175521_48753422,302,3611512307,3,3,68065.19281317932,68353.4837166652,68544.8472591417,3392.1386767265885
20260610_175521_48753422,316,46354890,3,3,68129.57576304159,68359.30980108246,68549.30980108246,2568.9732397074886
20260610_175521_48753422,307,3611512307,2,2,68074.23573267985,68362.39349029149,68552.39349029149,3392.1386767265885
20260610_175521_48753422,318,46354890,2,2,68134.93273948564,68365.42826816121,68555.42826816121,2568.9732397074886
20260610_175521_48753422,309,3611512307,1,1,68080.24484643305,68370.32684225687,68560.32684225687,3392.1386767265885
20260610_175521_48753422,294,46493064,2,2,68061.66641389877,68388.16402700834,68578.16402700834,4259.280007571585
20260610_175521_48753422,320,46354890,2,2,68161.95887972346,68388.84816114779,68578.84816114779,2568.9732397074886
20260610_175521_48753422,322,46354890,2,2,68163.98755862731,68392.72107695536,68582.72107695536,2568.9732397074886
20260610_175521_48753422,304,46493064,1,1,68068.31507331348,68395.90592637176,68588.16402700834,4259.280007571585
20260610_175521_48753422,323,46354890,1,1,68166.27218208107,68398.45978815902,68588.84816114779,2568.9732397074886
20260610_175521_48753422,310,3611512307,2,2,68111.05215339042,68401.65860575919,68592.72107695536,3392.1386767265885
20260610_175521_48753422,324,46354890,3,3,68178.73597702678,68407.16196286316,68598.16402700834,2568.9732397074886
20260610_175521_48753422,315,3611512307,3,3,68120.13516777028,68410.45135435704,68600.45135435704,3392.1386767265885
20260610_175521_48753422,326,46354890,1,1,68186.15041182688,68413.76036668745,68603.76036668745,2568.9732397074886
20260610_175521_48753422,327,46354890,2,2,68190.42309587095,68421.08627465134,68611.08627465134,2568.9732397074886
20260610_175521_48753422,328,46354890,2,2,68201.08441113659,68428.72086518843,68618.72086518843,2568.9732397074886
20260610_175521_48753422,317,3611512307,3,3,68151.26028961672,68436.63293440457,68626.63293440457,3392.1386767265885
20260610_175521_48753422,333,46354890,3,3,68212.33311727653,68440.68208106676,68630.68208106676,2568.9732397074886
20260610_175521_48753422,334,46354890,1,1,68217.22517266838,68446.30836320174,68636.30836320174,2568.9732397074886
20260610_175521_48753422,335,46354890,1,1,68224.04690746828,68454.31395249687,68644.31395249687,2568.9732397074886
20260610_175521_48753422,321,3611512307,2,2,68173.79576775408,68455.72419953636,68645.72419953636,3392.1386767265885
20260610_175521_48753422,308,46493064,3,3,68134.281569092,68460.62827768682,68650.62827768682,4259.280007571585
20260610_175521_48753422,337,46354890,3,3,68236.0801255479,68464.31670328554,68654.31670328554,2568.9732397074886
20260610_175521_48753422,340,46354890,2,2,68241.4697635153,68471.75042472607,68661.75042472607,2568.9732397074886
20260610_175521_48753422,325,3611512307,2,2,68196.55340222643,68479.62250618835,68669.62250618835,3392.1386767265885
20260610_175521_48753422,342,46354890,3,3,68255.1377935729,68483.47310200654,68673.47310200654,2568.9732397074886
20260610_175521_48753422,329,3611512307,2,2,68200.20901154289,68485.98697315734,68675.98697315734,3392.1386767265885
20260610_175521_48753422,343,46354890,2,2,68260.79339611203,68489.68219962623,68679.68219962623,2568.9732397074886
20260610_175521_48753422,331,3611512307,3,3,68219.77782378385,68503.02394615333,68693.02394615333,3392.1386767265885
20260610_175521_48753422,344,46354890,2,2,68283.39354304256,68509.96427032951,68699.96427032951,2568.9732397074886
20260610_175521_48753422,336,3611512307,2,2,68225.15879122913,68510.02287095867,68700.02287095867,3392.1386767265885
20260610_175521_48753422,319,46493064,1,1,68197.1011239063,68521.14912634011,68711.14912634011,4259.280007571585
20260610_175521_48753422,347,46354890,3,3,68296.01125867695,68521.57030210676,68711.57030210676,2568.9732397074886
20260610_175521_48753422,338,3611512307,2,2,68240.8843517708,68528.1032693267,68718.1032693267,3392.1386767265885
20260610_175521_48753422,349,46354890,2,2,68308.45408538816,68533.56516862879,68723.56516862879,2568.9732397074886
20260610_175521_48753422,330,46493064,1,1,68200.4331544382,68536.14325261193,68726.14325261193,4309.4480798092145
20260610_175521_48753422,332,46493064,2,2,68230.0730187958,68559.14134235974,68749.14134235974,4309.4480798092145
20260610_175521_48753422,351,46354890,2,2,68343.36216018585,68563.63688384315,68753.63688384315,2568.9732397074886
20260610_175521_48753422,341,3611512307,3,3,68279.26247736553,68564.43649675905,68754.43649675905,3392.1386767265885
20260610_175521_48753422,352,46354890,3,3,68350.5594923127,68572.57346146098,68762.57346146098,2568.9732397074886
20260610_175521_48753422,353,46354890,3,3,68360.99377619538,68582.90152824263,68772.90152824263,2568.9732397074886
20260610_175521_48753422,355,46354890,1,1,68362.15738524779,68586.4767001462,68776.4767001462,2568.9732397074886
20260610_175521_48753422,346,3611512307,2,2,68303.29966036128,68586.8699864336,68776.8699864336,3392.1386767265885
20260610_175521_48753422,356,46354890,2,2,68379.8517166647,68601.31676198897,68791.31676198897,2568.9732397074886
20260610_175521_48753422,339,46493064,2,2,68288.53274049226,68609.14719065424,68799.14719065424,4259.280007571585
20260610_175521_48753422,358,46354890,2,2,68387.7039193103,68609.46953366479,68799.46953366479,2568.9732397074886
20260610_175521_48753422,360,46354890,3,3,68405.22789129122,68626.22432218624,68816.22432218624,2568.9732397074886
20260610_175521_48753422,350,3611512307,3,3,68360.36985673275,68637.86000324214,68827.86000324214,3392.1386767265885
20260610_175521_48753422,361,46354890,3,3,68416.58460259576,68638.58859000202,68828.58859000202,2568.9732397074886
20260610_175521_48753422,362,46354890,2,2,68431.61390630345,68652.6003953914,68842.6003953914,2568.9732397074886
20260610_175521_48753422,354,3611512307,3,3,68374.86530833563,68653.55851995664,68843.55851995664,3392.1386767265885
20260610_175521_48753422,364,46354890,3,3,68448.17655412207,68668.87864177245,68858.87864177245,2568.9732397074886
20260610_175521_48753422,366,46354890,2,2,68460.50568674704,68683.31613561737,68873.31613561737,2568.9732397074886
20260610_175521_48753422,368,46354890,1,1,68470.28505430353,68693.7520781902,68883.7520781902,2568.9732397074886
20260610_175521_48753422,357,3611512307,3,3,68419.5729990065,68695.03037460806,68885.03037460806,3392.1386767265885
20260610_175521_48753422,370,46354890,3,3,68477.44169218402,68701.26586677959,68891.26586677959,2568.9732397074886
20260610_175521_48753422,348,46493064,3,3,68387.46071254517,68705.50006491208,68895.50006491208,4259.280007571585
20260610_175521_48753422,371,46354890,1,1,68477.53727669691,68705.5873735489,68895.5873735489,2568.9732397074886
20260610_175521_48753422,372,46354890,1,1,68481.08627723258,68709.69521352192,68901.26586677959,2568.9732397074886
20260610_175521_48753422,373,46354890,1,1,68481.09458178304,68712.60070345076,68905.50006491208,2568.9732397074886
20260610_175521_48753422,374,46354890,1,1,68491.41568537398,68721.55642977753,68911.55642977753,2568.9732397074886
20260610_175521_48753422,363,3611512307,2,2,68445.17203641948,68724.46886110248,68914.46886110248,3392.1386767265885
20260610_175521_48753422,375,46354890,2,2,68501.15569269196,68728.40424680832,68918.40424680832,2568.9732397074886
20260610_175521_48753422,377,46354890,1,1,68509.02101220911,68736.26478595364,68926.26478595364,2568.9732397074886
20260610_175521_48753422,378,46354890,2,2,68517.04294275327,68745.4496245789,68935.4496245789,2568.9732397074886
20260610_175521_48753422,365,3611512307,1,1,68468.66440464537,68746.88188730887,68936.88188730887,3392.1386767265885
20260610_175521_48753422,380,46354890,2,2,68530.15620546683,68757.23689033023,68947.23689033023,2568.9732397074886
20260610_175521_48753422,383,46354890,3,3,68538.28887151352,68765.73411288885,68955.73411288885,2568.9732397074886
20260610_175521_48753422,369,3611512307,3,3,68492.22394193397,68770.43842987267,68960.43842987267,3392.1386767265885
20260610_175521_48753422,385,46354890,3,3,68548.76225670442,68776.90841366134,68966.90841366134,2568.9732397074886
20260610_175521_48753422,386,46354890,3,3,68552.70974887091,68781.7999518658,68971.7999518658,2568.9732397074886
20260610_175521_48753422,387,46354890,1,1,68552.93788246422,68786.1268098779,68976.1268098779,2568.9732397074886
20260610_175521_48753422,376,3611512307,1,1,68509.35539241791,68788.58667608324,68978.58667608324,3392.1386767265885
20260610_175521_48753422,388,46354890,3,3,68562.75968567048,68795.78220553172,68985.78220553172,2568.9732397074886
20260610_175521_48753422,379,3611512307,2,2,68520.97601942036,68801.43890896701,68991.43890896701,3392.1386767265885
20260610_175521_48753422,390,46354890,2,2,68575.09078499554,68805.78456282968,68995.78456282968,2568.9732397074886
20260610_175521_48753422,381,3611512307,2,2,68531.66772000508,68813.2946762807,69003.2946762807,3392.1386767265885
20260610_175521_48753422,392,46354890,2,2,68599.88296523056,68827.57220386266,69017.57220386266,2568.9732397074886
20260610_175521_48753422,395,46354890,1,1,68602.4062183965,68832.22349540872,69022.22349540872,2568.9732397074886
20260610_175521_48753422,396,46354890,2,2,68606.65654244304,68837.2203654319,69027.2203654319,2568.9732397074886
20260610_175521_48753422,384,3611512307,2,2,68560.71872280362,68839.93376747375,69029.93376747375,3392.1386767265885
20260610_175521_48753422,359,46493064,3,3,68522.2937608924,68845.26031837313,69035.26031837313,4259.280007571585
20260610_175521_48753422,398,46354890,2,2,68617.20734784048,68845.89446324753,69037.2203654319,2568.9732397074886
20260610_175521_48753422,399,46354890,1,1,68618.19702185984,68848.6359822441,69039.93376747375,2568.9732397074886
20260610_175521_48753422,389,3611512307,1,1,68568.78302056412,68852.27175676903,69045.26031837313,3392.1386767265885
20260610_175521_48753422,400,46354890,3,3,68622.0628837584,68854.59140786008,69047.2203654319,2568.9732397074886
20260610_175521_48753422,391,3611512307,3,3,68578.041136174,68863.2460891207,69053.2460891207,3392.1386767265885
20260610_175521_48753422,401,46354890,1,1,68634.41647335322,68863.3090344911,69055.26031837313,2568.9732397074886
20260610_175521_48753422,403,46354890,3,3,68641.2373262173,68871.70770271106,69061.70770271106,2568.9732397074886
20260610_175521_48753422,405,46354890,1,1,68652.39201932539,68882.01532331732,69072.01532331732,2568.9732397074886
20260610_175521_48753422,406,46354890,1,1,68656.95284011742,68887.4120630351,69077.4120630351,2568.9732397074886
20260610_175521_48753422,393,3611512307,1,1,68605.59052437627,68888.07682395157,69078.07682395157,3392.1386767265885
20260610_175521_48753422,409,46354890,2,2,68676.14792379376,68903.07324581553,69093.07324581553,2568.9732397074886
20260610_175521_48753422,397,3611512307,2,2,68625.35536009971,68905.59236154568,69095.59236154568,3392.1386767265885
20260610_175521_48753422,382,46493064,2,2,68594.94783048585,68917.0880393684,69107.0880393684,4259.280007571585
20260610_175521_48753422,411,46354890,3,3,68702.64224925714,68926.19188564313,69116.19188564313,2568.9732397074886
20260610_175521_48753422,402,3611512307,2,2,68656.31303320346,68937.5964924676,69127.5964924676,3392.1386767265885
20260610_175521_48753422,414,46354890,3,3,68714.32225071832,68939.33421409655,69129.33421409655,2568.9732397074886
20260610_175521_48753422,417,46354890,1,1,68716.86274931108,68944.44235468404,69134.44235468404,2568.9732397074886
20260610_175521_48753422,418,46354890,2,2,68727.54568369103,68955.35583815958,69145.35583815958,2568.9732397074886
20260610_175521_48753422,408,3611512307,3,3,68681.16178928144,68960.34399664818,69150.34399664818,3392.1386767265885
20260610_175521_48753422,420,46354890,2,2,68745.74135559626,68968.87252686254,69158.87252686254,2568.9732397074886
20260610_175521_48753422,394,46493064,2,2,68655.9203212196,68974.88567649883,69164.88567649883,4259.280007571585
20260610_175521_48753422,422,46354890,1,1,68754.12225004053,68977.7992555632,69167.7992555632,2568.9732397074886
20260610_175521_48753422,407,46493064,1,1,68660.11046809825,68984.01022380665,69174.01022380665,4259.280007571585
20260610_175521_48753422,423,46354890,1,1,68762.238933704,68985.8083182741,69175.8083182741,2568.9732397074886
20260610_175521_48753422,412,3611512307,2,2,68703.51610140315,68990.0296313414,69180.0296313414,3392.1386767265885
20260610_175521_48753422,424,46354890,1,1,68768.41439477575,68993.56913547893,69184.01022380665,2568.9732397074886
20260610_175521_48753422,425,46354890,3,3,68776.49029786969,69001.64401973307,69191.64401973307,2568.9732397074886
20260610_175521_48753422,427,46354890,3,3,68782.64612889879,69008.08001504032,69198.08001504032,2568.9732397074886
20260610_175521_48753422,415,3611512307,2,2,68724.68865220057,69008.70591199929,69198.70591199929,3392.1386767265885
20260610_175521_48753422,419,3611512307,1,1,68729.10430588445,69014.24871563332,69204.24871563332,3392.1386767265885
20260610_175521_48753422,428,46354890,2,2,68793.47429516444,69018.35485750971,69208.35485750971,2568.9732397074886
20260610_175521_48753422,410,46493064,1,1,68696.0165890431,69022.57620382254,69212.57620382254,4259.280007571585
20260610_175521_48753422,429,46354890,2,2,68800.15256595741,69026.72629417054,69216.72629417054,2568.9732397074886
20260610_175521_48753422,413,46493064,3,3,68706.02232921476,69032.87888368026,69222.87888368026,4259.280007571585
20260610_175521_48753422,430,46354890,3,3,68809.16860617079,69035.56365677374,69225.56365677374,2568.9732397074886
20260610_175521_48753422,433,46354890,1,1,68810.83241520116,69040.32541035664,69230.32541035664,2568.9732397074886
20260610_175521_48753422,434,46354890,3,3,68816.35652980086,69047.52854153443,69237.52854153443,2568.9732397074886
20260610_175521_48753422,421,3611512307,3,3,68769.88677121101,69053.2312204078,69243.2312204078,3392.1386767265885
20260610_175521_48753422,435,46354890,3,3,68823.07018838185,69053.6495707546,69243.6495707546,2568.9732397074886
20260610_175521_48753422,437,46354890,3,3,68832.59365393723,69062.83639980781,69252.83639980781,2568.9732397074886
20260610_175521_48753422,439,46354890,2,2,68857.22579756986,69082.741982509,69272.741982509,2568.9732397074886
20260610_175521_48753422,426,3611512307,3,3,68808.51720205376,69087.987909383,69277.987909383,3392.1386767265885
20260610_175521_48753422,441,46354890,1,1,68867.35182039675,69094.94998524386,69284.94998524386,2568.9732397074886
20260610_175521_48753422,443,46354890,2,2,68879.33904651382,69105.46865955442,69295.46865955442,2568.9732397074886
20260610_175521_48753422,432,3611512307,3,3,68829.70912062403,69109.32005180656,69299.32005180656,3392.1386767265885
20260610_175521_48753422,444,46354890,2,2,68890.7634311772,69117.17357772261,69307.17357772261,2568.9732397074886
20260610_175521_48753422,446,46354890,2,2,68893.93482284147,69121.75179920491,69311.75179920491,2568.9732397074886
20260610_175521_48753422,416,46493064,3,3,68804.53874544516,69126.09349320883,69316.09349320883,4309.4480798092145
20260610_175521_48753422,447,46354890,3,3,68903.81601824725,69131.06507036994,69321.06507036994,2568.9732397074886
20260610_175521_48753422,448,46354890,2,2,68909.90541988233,69137.33281830397,69327.33281830397,2568.9732397074886
20260610_175521_48753422,438,3611512307,3,3,68861.98708725403,69140.1106948586,69330.1106948586,3392.1386767265885
20260610_175521_48753422,449,46354890,3,3,68924.35427746426,69150.0394859628,69340.0394859628,2568.9732397074886
20260610_175521_48753422,431,46493064,1,1,68845.84997921571,69163.92091870218,69353.92091870218,4259.280007571585
20260610_175521_48753422,450,46354890,3,3,68952.80430528354,69174.31806699651,69364.31806699651,2568.9732397074886
20260610_175521_48753422,453,46354890,3,3,68961.86010628121,69183.83126278962,69373.83126278962,2568.9732397074886
20260610_175521_48753422,456,46354890,2,2,68972.43879442518,69195.13591353502,69385.13591353502,2568.9732397074886
20260610_175521_48753422,442,3611512307,2,2,68926.9857323061,69203.32893874786,69393.32893874786,3392.1386767265885
20260610_175521_48753422,458,46354890,1,1,68979.00164147893,69203.83401804199,69393.83401804199,2568.9732397074886
20260610_175521_48753422,440,46493064,3,3,68886.88861733943,69210.84078296435,69400.84078296435,4309.4480798092145
20260610_175521_48753422,460,46354890,2,2,68987.3323264651,69212.27208300178,69403.32893874786,2568.9732397074886
20260610_175521_48753422,461,46354890,3,3,68994.00751843565,69219.12559778082,69409.12559778082,2568.9732397074886
20260610_175521_48753422,451,3611512307,1,1,68946.0281250002,69226.22922350685,69416.22922350685,3392.1386767265885
20260610_175521_48753422,462,46354890,3,3,69002.7421674449,69229.11322655021,69419.11322655021,2568.9732397074886
20260610_175521_48753422,464,46354890,2,2,69006.65064031152,69234.7725892823,69424.7725892823,2568.9732397074886
20260610_175521_48753422,452,3611512307,2,2,68960.20203703886,69240.09962889005,69430.09962889005,3392.1386767265885
20260610_175521_48753422,454,3611512307,1,1,68961.08775434537,69245.05932913498,69435.05932913498,3392.1386767265885
20260610_175521_48753422,465,46354890,2,2,69022.3173228267,69246.99251990265,69436.99251990265,2568.9732397074886
20260610_175521_48753422,468,46354890,1,1,69022.66746965883,69249.60632220315,69440.09962889005,2568.9732397074886
20260610_175521_48753422,455,3611512307,3,3,68977.92420096739,69260.10574512767,69450.10574512767,3392.1386767265885
20260610_175521_48753422,469,46354890,3,3,69050.9827296244,69272.778435589,69462.778435589,2568.9732397074886
20260610_175521_48753422,470,46354890,3,3,69059.24360548767,69283.71818965152,69473.71818965152,2568.9732397074886
20260610_175521_48753422,445,46493064,3,3,68963.4777151361,69284.00435974824,69474.00435974824,4259.280007571585
20260610_175521_48753422,471,46354890,1,1,69062.71324026713,69289.36255583851,69479.36255583851,2568.9732397074886
20260610_175521_48753422,473,46354890,1,1,69063.3111887516,69293.53722275987,69483.71818965152,2568.9732397074886
20260610_175521_48753422,459,3611512307,2,2,69013.2051872965,69295.01256213004,69485.01256213004,3392.1386767265885
20260610_175521_48753422,474,46354890,2,2,69069.79884983848,69300.58817788035,69490.58817788035,2568.9732397074886
20260610_175521_48753422,475,46354890,3,3,69090.82907634262,69316.62590728916,69506.62590728916,2568.9732397074886
20260610_175521_48753422,478,46354890,3,3,69105.14402266254,69329.66418503573,69519.66418503573,2568.9732397074886
20260610_175521_48753422,479,46354890,2,2,69106.82657221062,69334.63911345377,69524.63911345377,2568.9732397074886
20260610_175521_48753422,457,46493064,3,3,69019.48220587736,69336.78407212178,69526.78407212178,4259.280007571585
20260610_175521_48753422,481,46354890,2,2,69110.54655507526,69340.1330366891,69530.1330366891,2568.9732397074886
20260610_175521_48753422,466,3611512307,3,3,69061.38036646746,69342.65710486955,69534.63911345377,3392.1386767265885
20260610_175521_48753422,482,46354890,1,1,69113.18742083015,69344.80408362989,69536.78407212178,2568.9732397074886
20260610_175521_48753422,483,46354890,3,3,69128.31157060494,69355.47122853909,69545.47122853909,2568.9732397074886
20260610_175521_48753422,472,3611512307,3,3,69078.52804238081,69358.72914088746,69548.72914088746,3392.1386767265885
20260610_175521_48753422,485,46354890,1,1,69131.39150680682,69359.78703389158,69549.78703389158,2568.9732397074886
20260610_175521_48753422,476,3611512307,1,1,69079.14346367918,69363.44293479102,69555.47122853909,3392.1386767265885
20260610_175521_48753422,486,46354890,1,1,69143.7033620275,69372.34176534791,69562.34176534791,2568.9732397074886
20260610_175521_48753422,489,46354890,3,3,69151.84811917481,69379.20293436116,69569.20293436116,2568.9732397074886
20260610_175521_48753422,491,46354890,1,1,69152.56720068354,69383.73551840469,69573.73551840469,2568.9732397074886
20260610_175521_48753422,477,3611512307,3,3,69106.1618437771,69387.12641319678,69577.12641319678,3392.1386767265885
20260610_175521_48753422,463,46336597,1,1,69145.98060685414,69395.82782892844,69585.82782892844,3027.4039908375626
20260610_175521_48753422,492,46354890,3,3,69174.6894052401,69404.06289163353,69594.06289163353,2568.9732397074886
20260610_175521_48753422,480,3611512307,3,3,69126.11492257522,69405.83543526394,69595.83543526394,3392.1386767265885
20260610_175521_48753422,495,46354890,1,1,69176.10477669146,69409.01461463094,69599.01461463094,2568.9732397074886
20260610_175521_48753422,496,46354890,1,1,69178.90329757423,69412.88037143319,69604.06289163353,2568.9732397074886
20260610_175521_48753422,484,3611512307,2,2,69131.91304472336,69414.28021832417,69605.83543526394,3392.1386767265885
20260610_175521_48753422,497,46354890,3,3,69183.95438555378,69419.38922686155,69609.38922686155,2568.9732397074886
20260610_175521_48753422,499,46354890,3,3,69191.53266420614,69425.01338252274,69615.01338252274,2568.9732397074886
20260610_175521_48753422,487,3611512307,1,1,69137.92133549711,69425.7635167871,69615.83543526394,3442.3067489642194
20260610_175521_48753422,500,46354890,1,1,69194.30482989743,69429.83482992639,69619.83482992639,2568.9732397074886
20260610_175521_48753422,501,46354890,2,2,69213.0023619257,69444.1488124987,69634.1488124987,2568.9732397074886
20260610_175521_48753422,488,3611512307,1,1,69162.35133404862,69444.8265318913,69634.8265318913,3392.1386767265885
20260610_175521_48753422,503,46354890,2,2,69219.20930502111,69451.91596857105,69641.91596857105,2568.9732397074886
20260610_175521_48753422,505,46354890,3,3,69228.28515661016,69460.69951807367,69650.69951807367,2568.9732397074886
20260610_175521_48753422,493,3611512307,2,2,69181.99921728147,69463.23067547403,69653.23067547403,3392.1386767265885
20260610_175521_48753422,506,46354890,3,3,69244.44243538541,69472.23341869828,69662.23341869828,2568.9732397074886
20260610_175521_48753422,508,46354890,3,3,69254.63240986555,69483.71635928603,69673.71635928603,2568.9732397074886
20260610_175521_48753422,509,46354890,1,1,69257.9497347657,69488.15557405887,69678.15557405887,2568.9732397074886
20260610_175521_48753422,467,46493064,2,2,69170.3195268852,69489.69683460682,69679.69683460682,4259.280007571585
20260610_175521_48753422,498,3611512307,3,3,69211.1402884608,69493.64468368598,69683.71635928603,3392.1386767265885
20260610_175521_48753422,510,46354890,3,3,69267.93648259886,69498.80589369994,69688.80589369994,2568.9732397074886
20260610_175521_48753422,502,3611512307,1,1,69218.09445111253,69502.55934030877,69692.55934030877,3392.1386767265885
20260610_175521_48753422,512,46354890,3,3,69290.75533433547,69517.16222204456,69707.16222204456,2568.9732397074886
20260610_175521_48753422,504,3611512307,2,2,69236.19349559298,69518.69217856794,69708.69217856794,3392.1386767265885
20260610_175521_48753422,513,46354890,2,2,69295.11577468965,69523.54467222914,69713.54467222914,2568.9732397074886
20260610_175521_48753422,514,46354890,3,3,69310.73592023406,69536.13360549691,69726.13360549691,2568.9732397074886
20260610_175521_48753422,507,3611512307,3,3,69258.88965410226,69539.64826891811,69729.64826891811,3392.1386767265885
20260610_175521_48753422,515,46354890,3,3,69327.1485435,69550.2412374954,69740.2412374954,2568.9732397074886
20260610_175521_48753422,518,46354890,3,3,69361.36547536083,69580.419556537,69770.419556537,2568.9732397074886
20260610_175521_48753422,522,46354890,1,1,69366.36464040475,69588.51411972164,69778.51411972164,2568.9732397074886
20260610_175521_48753422,511,3611512307,2,2,69314.30079175324,69591.10103837652,69781.10103837652,3392.1386767265885
20260610_175521_48753422,523,46354890,2,2,69381.69815545042,69602.28742179037,69792.28742179037,2568.9732397074886
20260610_175521_48753422,525,46354890,1,1,69392.61997788023,69613.4176201088,69803.4176201088,2568.9732397074886
20260610_175521_48753422,528,46354890,1,1,69394.17585065293,69617.46191722482,69807.46191722482,2568.9732397074886
20260610_175521_48753422,516,3611512307,3,3,69346.04634245238,69620.58652986307,69810.58652986307,3392.1386767265885
20260610_175521_48753422,529,46354890,2,2,69397.5930325303,69623.12551955238,69813.4176201088,2568.9732397074886
20260610_175521_48753422,530,46354890,1,1,69398.8388803892,69627.51433266012,69817.51433266012,2568.9732397074886
20260610_175521_48753422,531,46354890,2,2,69406.6215175893,69635.3954635339,69825.3954635339,2568.9732397074886
20260610_175521_48753422,519,3611512307,3,3,69359.13271654941,69635.6794764113,69825.6794764113,3392.1386767265885
20260610_175521_48753422,532,46354890,3,3,69414.31913024082,69641.3862349606,69831.3862349606,2568.9732397074886
20260610_175521_48753422,533,46354890,3,3,69425.41312824,69650.56124377536,69840.56124377536,2568.9732397074886
20260610_175521_48753422,535,46354890,1,1,69425.71309478779,69654.60887631704,69844.60887631704,2568.9732397074886
20260610_175521_48753422,521,3611512307,3,3,69381.81179820401,69658.9306336022,69848.9306336022,3392.1386767265885
20260610_175521_48753422,536,46354890,1,1,69427.1650790861,69659.98242777433,69850.56124377536,2568.9732397074886
20260610_175521_48753422,537,46354890,1,1,69429.21017736373,69663.15271864356,69854.60887631704,2568.9732397074886
20260610_175521_48753422,494,46493064,3,3,69348.98292026599,69668.51005280607,69858.9306336022,4259.280007571585
20260610_175521_48753422,538,46354890,2,2,69442.22149181592,69673.01140800485,69863.01140800485,2568.9732397074886
20260610_175521_48753422,526,3611512307,2,2,69390.50254879879,69674.32316668492,69864.60887631704,3392.1386767265885
20260610_175521_48753422,539,46354890,1,1,69451.4584301881,69680.58943134396,69870.58943134396,2568.9732397074886
20260610_175521_48753422,541,46354890,2,2,69458.3449779424,69689.0417730299,69879.0417730299,2568.9732397074886
20260610_175521_48753422,543,46354890,1,1,69458.51397568232,69693.44727970475,69883.44727970475,2568.9732397074886
20260610_175521_48753422,520,46493064,1,1,69372.98510590651,69694.75384437006,69884.75384437006,4259.280007571585
20260610_175521_48753422,544,46354890,3,3,69470.21232325448,69704.20898685999,69894.20898685999,2568.9732397074886
20260610_175521_48753422,527,3611512307,3,3,69424.91759885824,69706.85338248513,69896.85338248513,3392.1386767265885
20260610_175521_48753422,545,46354890,1,1,69472.8920821137,69709.11133895816,69899.11133895816,2568.9732397074886
20260610_175521_48753422,546,46354890,3,3,69486.83960003221,69719.17278352146,69909.17278352146,2568.9732397074886
20260610_175521_48753422,534,3611512307,3,3,69444.23759297103,69725.46905116359,69915.46905116359,3392.1386767265885
20260610_175521_48753422,548,46354890,3,3,69503.26525973098,69734.1182614353,69924.1182614353,2568.9732397074886
20260610_175521_48753422,540,3611512307,1,1,69453.48891711685,69736.9150087641,69926.9150087641,3392.1386767265885
20260610_175521_48753422,550,46354890,2,2,69524.80621966226,69752.13916465214,69942.13916465214,2568.9732397074886
20260610_175521_48753422,551,46336597,1,1,69510.00354973653,69759.09606246506,69949.09606246506,3027.4039908375626
20260610_175521_48753422,555,46354890,2,2,69532.67892316109,69763.7821560986,69953.7821560986,2568.9732397074886
20260610_175521_48753422,542,3611512307,3,3,69485.69818044628,69764.84219455786,69954.84219455786,3392.1386767265885
20260610_175521_48753422,547,3611512307,2,2,69487.87222892517,69772.09403861719,69962.09403861719,3392.1386767265885
20260610_175521_48753422,557,46354890,3,3,69546.23273710137,69775.21045333048,69965.21045333048,2568.9732397074886
20260610_175521_48753422,559,46354890,2,2,69552.62889567837,69781.05779321786,69971.05779321786,2568.9732397074886
20260610_175521_48753422,560,46354890,1,1,69558.64557462875,69788.72657515836,69978.72657515836,2568.9732397074886
20260610_175521_48753422,549,3611512307,2,2,69514.43351983986,69795.26309080468,69985.26309080468,3392.1386767265885
20260610_175521_48753422,562,46354890,3,3,69572.52811936874,69799.50830771215,69989.50830771215,2568.9732397074886
20260610_175521_48753422,553,3611512307,1,1,69516.37686473304,69800.19858064833,69990.19858064833,3392.1386767265885
20260610_175521_48753422,554,3611512307,3,3,69529.45502653295,69812.63486689079,70002.63486689079,3392.1386767265885
20260610_175521_48753422,564,46354890,3,3,69593.27591272753,69816.19251265157,70006.19251265157,2568.9732397074886
20260610_175521_48753422,565,46354890,3,3,69599.42126416547,69825.2159367335,70015.2159367335,2568.9732397074886
20260610_175521_48753422,556,3611512307,1,1,69543.31766897933,69827.05445969505,70017.05445969505,3392.1386767265885
20260610_175521_48753422,566,46354890,2,2,69600.86958388022,69829.2928398223,70019.2928398223,2568.9732397074886
20260610_175521_48753422,568,46354890,1,1,69605.01205787968,69833.61825692831,70025.2159367335,2568.9732397074886
20260610_175521_48753422,569,46354890,2,2,69613.24950790576,69842.32815502433,70032.32815502433,2568.9732397074886
20260610_175521_48753422,558,3611512307,1,1,69565.21609002499,69845.97470484085,70035.97470484085,3392.1386767265885
20260610_175521_48753422,570,46354890,3,3,69616.76559213272,69846.42022833099,70036.42022833099,2568.9732397074886
20260610_175521_48753422,571,46354890,1,1,69618.02279981878,69851.15639929954,70042.32815502433,2568.9732397074886
20260610_175521_48753422,572,46354890,3,3,69631.37889770417,69861.68078114084,70051.68078114084,2568.9732397074886
20260610_175521_48753422,575,46354890,3,3,69647.17481847374,69875.83449041031,70065.83449041031,2568.9732397074886
20260610_175521_48753422,563,3611512307,1,1,69599.43600370878,69876.96984015692,70066.96984015692,3392.1386767265885
20260610_175521_48753422,579,46354890,1,1,69653.75468978252,69883.68112582737,70073.68112582737,2568.9732397074886
20260610_175521_48753422,580,46354890,2,2,69663.35045122427,69891.780495546,70081.780495546,2568.9732397074886
20260610_175521_48753422,581,46354890,1,1,69667.21278968509,69897.41862897825,70087.41862897825,2568.9732397074886
20260610_175521_48753422,567,3611512307,2,2,69624.35049827115,69902.912543673,70092.912543673,3392.1386767265885
20260610_175521_48753422,573,3611512307,2,2,69628.02475240124,69908.7671150435,70098.7671150435,3392.1386767265885
20260610_175521_48753422,582,46354890,2,2,69682.56966575293,69909.61781990621,70099.61781990621,2568.9732397074886
20260610_175521_48753422,583,46354890,2,2,69686.28461783136,69915.39252297432,70105.39252297432,2568.9732397074886
20260610_175521_48753422,574,3611512307,2,2,69639.95499811338,69921.49548417404,70111.49548417404,3392.1386767265885
20260610_175521_48753422,584,46354890,3,3,69692.05620312007,69923.74960287444,70113.74960287444,2568.9732397074886
20260610_175521_48753422,576,3611512307,1,1,69643.24772906741,69928.1198821904,70118.1198821904,3392.1386767265885
20260610_175521_48753422,586,46354890,2,2,69701.67814445791,69931.605727285,70121.605727285,2568.9732397074886
20260610_175521_48753422,552,46336597,2,1,69690.00354973653,69941.08213705776,70131.08213705776,3027.4039908375626
20260610_175521_48753422,588,46354890,3,3,69715.49252064426,69947.45993830179,70137.45993830179,2568.9732397074886
20260610_175521_48753422,589,46354890,2,2,69727.88305567495,69957.4360116591,70147.4360116591,2568.9732397074886
20260610_175521_48753422,561,46493064,1,1,69639.9679668857,69957.84190866642,70147.84190866642,4259.280007571585
20260610_175521_48753422,578,3611512307,2,2,69696.46215074777,69975.88698572703,70165.88698572703,3392.1386767265885
20260610_175521_48753422,590,46354890,2,2,69767.90847283632,69990.26486910484,70180.26486910484,2568.9732397074886
20260610_175521_48753422,591,46354890,3,3,69776.89944606357,70000.8138265719,70190.8138265719,2568.9732397074886
20260610_175521_48753422,592,46354890,1,1,69807.55748773876,70027.97066000736,70217.97066000736,2568.9732397074886
20260610_175521_48753422,596,46354890,3,3,69812.65596146519,70034.80544078209,70224.80544078209,2568.9732397074886
20260610_175521_48753422,597,46354890,1,1,69816.59469161143,70041.18254952002,70231.18254952002,2568.9732397074886
20260610_175521_48753422,599,46354890,3,3,69830.6077083255,70051.5848201448,70241.5848201448,2568.9732397074886
20260610_175521_48753422,587,3611512307,3,3,69781.45954548643,70055.26614307227,70245.26614307227,3392.1386767265885
20260610_175521_48753422,593,3611512307,1,1,69792.15680539429,70068.30111839967,70258.30111839967,3392.1386767265885
20260610_175521_48753422,600,46354890,3,3,69863.16506583603,70080.39292569253,70270.39292569253,2568.9732397074886
20260610_175521_48753422,602,46354890,3,3,69865.3207322688,70085.71724929189,70275.71724929189,2568.9732397074886
20260610_175521_48753422,594,3611512307,2,2,69813.89140657154,70090.20895763469,70280.20895763469,3392.1386767265885
20260610_175521_48753422,605,46354890,1,1,69868.27702748346,70091.97049995541,70281.97049995541,2568.9732397074886
20260610_175521_48753422,606,46354890,2,2,69884.3524066309,70106.41035013874,70296.41035013874,2568.9732397074886
20260610_175521_48753422,577,46493064,1,1,69807.5211711015,70122.80775180596,70312.80775180596,4259.280007571585
20260610_175521_48753422,608,46354890,3,3,69905.47877882213,70125.37876643593,70315.37876643593,2568.9732397074886
20260610_175521_48753422,598,3611512307,3,3,69850.0141882061,70129.80730469436,70319.80730469436,3392.1386767265885
20260610_175521_48753422,609,46354890,3,3,69908.78640737252,70131.60730157158,70322.80775180596,2568.9732397074886
20260610_175521_48753422,601,3611512307,1,1,69863.66884293462,70143.86994144127,70333.86994144127,3392.1386767265885
20260610_175521_48753422,610,46354890,3,3,69933.15031785805,70153.56349012665,70343.56349012665,2568.9732397074886
20260610_175521_48753422,612,46354890,1,1,69946.74550366105,70166.5358825641,70356.5358825641,2568.9732397074886
20260610_175521_48753422,613,46354890,1,1,69950.47898990885,70172.3985220101,70362.3985220101,2568.9732397074886
20260610_175521_48753422,614,46354890,1,1,69951.84919919231,70176.62350335279,70366.62350335279,2568.9732397074886
20260610_175521_48753422,595,46493064,2,2,69864.6691482094,70180.95341913083,70370.95341913083,4259.280007571585
20260610_175521_48753422,615,46354890,1,1,69954.75548417834,70182.94626175119,70372.94626175119,2568.9732397074886
20260610_175521_48753422,616,46354890,3,3,69961.04769280944,70189.82163875405,70379.82163875405,2568.9732397074886
20260610_175521_48753422,603,3611512307,2,2,69910.66280797294,70190.19753300236,70380.95341913083,3392.1386767265885
20260610_175521_48753422,617,46354890,3,3,69970.15338234713,70198.18392985412,70388.18392985412,2568.9732397074886
20260610_175521_48753422,618,46354890,2,2,69983.51325621388,70208.4819021585,70398.4819021585,2568.9732397074886
20260610_175521_48753422,619,46354890,2,2,70011.17099420569,70232.68475591866,70422.68475591866,2568.9732397074886
20260610_175521_48753422,625,46354890,3,3,70014.87842856297,70239.6388619142,70429.6388619142,2568.9732397074886
20260610_175521_48753422,627,46354890,3,3,70019.93089752756,70247.49253380511,70437.49253380511,2568.9732397074886
20260610_175521_48753422,611,3611512307,2,2,69993.54111891822,70267.34771650405,70457.34771650405,3392.1386767265885
20260610_175521_48753422,628,46354890,3,3,70046.16705466656,70269.08365459059,70459.08365459059,2568.9732397074886
20260610_175521_48753422,621,3611512307,1,1,69994.56542117753,70273.33906162583,70463.33906162583,3392.1386767265885
20260610_175521_48753422,630,46354890,3,3,70051.49033972003,70276.42894947446,70467.34771650405,2568.9732397074886
20260610_175521_48753422,622,3611512307,1,1,69994.59205032038,70278.11903217304,70469.08365459059,3392.1386767265885
20260610_175521_48753422,633,46354890,3,3,70060.11051838347,70285.90633773374,70475.90633773374,2568.9732397074886
20260610_175521_48753422,623,3611512307,2,2,70007.24663288094,70289.05641733782,70479.05641733782,3392.1386767265885
20260610_175521_48753422,624,3611512307,1,1,70012.95620811323,70297.07443958688,70487.07443958688,3392.1386767265885
20260610_175521_48753422,634,46354890,2,2,70079.16728069985,70301.13908073581,70491.13908073581,2568.9732397074886
20260610_175521_48753422,626,3611512307,2,2,70022.87578471878,70307.7968781385,70497.7968781385,3392.1386767265885
20260610_175521_48753422,635,46354890,1,1,70086.22466876516,70310.04238456016,70500.04238456016,2568.9732397074886
20260610_175521_48753422,604,46493064,3,3,69984.17193213016,70312.91681693404,70502.91681693404,4259.280007571585
20260610_175521_48753422,637,46354890,1,1,70103.21511473908,70324.08632533067,70514.08632533067,2568.9732397074886
20260610_175521_48753422,639,46354890,2,2,70108.21725568274,70330.64867925127,70520.64867925127,2568.9732397074886
20260610_175521_48753422,629,3611512307,3,3,70048.8601359311,70332.34621561278,70522.34621561278,3392.1386767265885
20260610_175521_48753422,640,46354890,2,2,70121.63160364986,70344.79013660207,70534.79013660207,2568.9732397074886
20260610_175521_48753422,641,46354890,1,1,70124.9716635443,70350.47921352,70540.47921352,2568.9732397074886
20260610_175521_48753422,642,46354890,3,3,70128.84069230435,70356.12218265074,70546.12218265074,2568.9732397074886
20260610_175521_48753422,643,46354890,3,3,70134.73165004328,70363.05146918242,70553.05146918242,2568.9732397074886
20260610_175521_48753422,644,46354890,1,1,70137.70886472633,70368.30749576582,70558.30749576582,2568.9732397074886
20260610_175521_48753422,645,46354890,1,1,70143.26446185366,70373.47362226262,70563.47362226262,2568.9732397074886
20260610_175521_48753422,631,3611512307,3,3,70097.1756909918,70376.63155214464,70566.63155214464,3392.1386767265885
20260610_175521_48753422,646,46354890,2,2,70148.05887821416,70379.63421647626,70569.63421647626,2568.9732397074886
20260610_175521_48753422,648,46354890,1,1,70152.38740756485,70385.63200137696,70575.63200137696,2568.9732397074886
20260610_175521_48753422,649,46354890,1,1,70152.53968397652,70390.28432573105,70580.28432573105,2568.9732397074886
20260610_175521_48753422,620,46493064,3,3,70081.82433332814,70399.13681320328,70589.13681320328,4259.280007571585
20260610_175521_48753422,650,46354890,2,2,70171.34828642722,70401.4921318633,70591.4921318633,2568.9732397074886
20260610_175521_48753422,652,46354890,1,1,70177.13742010314,70407.65474559991,70597.65474559991,2568.9732397074886
20260610_175521_48753422,653,46354890,1,1,70177.35817604211,70412.09039109568,70602.09039109568,2568.9732397074886
20260610_175521_48753422,638,3611512307,2,2,70145.9481791596,70422.31962647177,70612.31962647177,3392.1386767265885
20260610_175521_48753422,632,46336597,1,1,70192.30693668562,70439.00809048486,70629.00809048486,3027.4039908375626
20260610_175521_48753422,647,3611512307,2,2,70164.28225664668,70441.40109204486,70631.40109204486,3392.1386767265885
20260610_175521_48753422,654,46354890,3,3,70213.79781848776,70443.27123853877,70633.27123853877,2568.9732397074886
20260610_175521_48753422,658,46354890,2,2,70219.7789829746,70452.00981331062,70642.00981331062,2568.9732397074886
20260610_175521_48753422,659,46354890,1,1,70222.70503514774,70457.03634808307,70647.03634808307,2568.9732397074886
20260610_175521_48753422,651,3611512307,3,3,70185.60369497382,70463.72022058898,70653.72022058898,3392.1386767265885
20260610_175521_48753422,655,3611512307,3,3,70194.66512517877,70474.92721908395,70664.92721908395,3392.1386767265885
20260610_175521_48753422,660,46354890,3,3,70254.64843004254,70481.34102053373,70671.34102053373,2568.9732397074886
20260610_175521_48753422,663,46354890,3,3,70269.5002824378,70493.45279777725,70683.45279777725,2568.9732397074886
20260610_175521_48753422,657,3611512307,2,2,70223.72937586422,70501.28295633943,70691.28295633943,3392.1386767265885
20260610_175521_48753422,665,46354890,2,2,70280.9225514868,70504.74056455608,70694.74056455608,2568.9732397074886
20260610_175521_48753422,661,3611512307,1,1,70229.55200751338,70510.40049316915,70700.40049316915,3392.1386767265885
20260610_175521_48753422,666,46354890,3,3,70300.99489808822,70522.50865980118,70712.50865980118,2568.9732397074886
20260610_175521_48753422,669,46354890,3,3,70329.86510979652,70548.9191909727,70738.9191909727,2568.9732397074886
20260610_175521_48753422,671,46354890,2,2,70333.16954547956,70555.70849542698,70745.70849542698,2568.9732397074886
20260610_175521_48753422,672,46354890,3,3,70343.09069540634,70564.16048981695,70754.16048981695,2568.9732397074886
20260610_175521_48753422,662,3611512307,2,2,70296.81265312782,70571.59761421115,70761.59761421115,3392.1386767265885
20260610_175521_48753422,673,46354890,1,1,70353.46422624681,70574.26186847538,70764.26186847538,2568.9732397074886
20260610_175521_48753422,636,46493064,2,1,70261.82433332814,70578.71503962729,70768.71503962729,4259.280007571585
20260610_175521_48753422,677,46354890,1,1,70355.7377940454,70579.12612535521,70771.59761421115,2568.9732397074886
20260610_175521_48753422,679,46354890,2,2,70376.67447340181,70597.65529270415,70787.65529270415,2568.9732397074886
20260610_175521_48753422,664,46493064,2,2,70285.03545568076,70602.57770589522,70792.57770589522,4259.280007571585
20260610_175521_48753422,683,46354890,3,3,70401.28428916995,70620.61662975002,70810.61662975002,2568.9732397074886
20260610_175521_48753422,668,3611512307,3,3,70346.4933688829,70623.43689173137,70813.43689173137,3392.1386767265885
20260610_175521_48753422,674,3611512307,1,1,70347.40870511495,70628.81908888502,70818.81908888502,3392.1386767265885
20260610_175521_48753422,685,46354890,2,2,70414.68827557738,70634.1967102288,70824.1967102288,2568.9732397074886
20260610_175521_48753422,675,3611512307,2,2,70353.3408494067,70636.78705569355,70826.78705569355,3392.1386767265885
20260610_175521_48753422,686,46354890,3,3,70417.60189925051,70640.32031878867,70830.32031878867,2568.9732397074886
20260610_175521_48753422,676,3611512307,2,2,70357.34297605287,70643.458147903,70834.1967102288,3392.1386767265885
20260610_175521_48753422,667,46493064,3,3,70321.25491765395,70650.04144478867,70840.04144478867,4259.280007571585
20260610_175521_48753422,687,46354890,2,2,70440.40694323725,70661.10205975748,70851.10205975748,2568.9732397074886
20260610_175521_48753422,680,3611512307,2,2,70375.77165314218,70664.32754484197,70854.32754484197,3392.1386767265885
20260610_175521_48753422,690,46354890,1,1,70440.65316318978,70665.51105458984,70855.51105458984,2568.9732397074886
20260610_175521_48753422,691,46354890,1,1,70449.46987138422,70674.87622808026,70864.87622808026,2568.9732397074886
20260610_175521_48753422,682,3611512307,2,2,70387.02932495585,70675.98920224352,70865.98920224352,3392.1386767265885
20260610_175521_48753422,670,46493064,1,1,70354.52570121738,70681.96475170259,70871.96475170259,4259.280007571585
20260610_175521_48753422,693,46354890,2,2,70460.73192484956,70684.17616058387,70874.87622808026,2568.9732397074886
20260610_175521_48753422,694,46354890,1,1,70461.59209203608,70687.16184447879,70877.16184447879,2568.9732397074886
20260610_175521_48753422,695,46354890,2,2,70461.83830237147,70691.45825603721,70881.96475170259,2568.9732397074886
20260610_175521_48753422,696,46354890,1,1,70467.77295462873,70697.47327909723,70887.47327909723,2568.9732397074886
20260610_175521_48753422,698,46354890,1,1,70469.93484208047,70702.49655484981,70892.49655484981,2568.9732397074886
20260610_175521_48753422,699,46354890,3,3,70476.68101400656,70707.67932893988,70897.67932893988,2568.9732397074886
20260610_175521_48753422,701,46354890,1,1,70476.73017990065,70712.46571413582,70902.46571413582,2568.9732397074886
20260610_175521_48753422,684,3611512307,1,1,70432.97930531486,70714.08826208505,70904.08826208505,3392.1386767265885
20260610_175521_48753422,702,46354890,1,1,70478.03417970723,70715.42363210839,70907.67932893988,2568.9732397074886
20260610_175521_48753422,688,3611512307,1,1,70433.99432319707,70720.22355789176,70912.46571413582,3392.1386767265885
20260610_175521_48753422,703,46354890,2,2,70490.9296203012,70724.6425842645,70914.6425842645,2568.9732397074886
20260610_175521_48753422,689,3611512307,1,1,70448.68515722979,70733.34517631844,70923.34517631844,3392.1386767265885
20260610_175521_48753422,692,3611512307,3,3,70464.59091983346,70747.84574163357,70937.84574163357,3392.1386767265885
20260610_175521_48753422,705,46354890,3,3,70527.18437934412,70753.59126705321,70943.59126705321,2568.9732397074886
20260610_175521_48753422,697,3611512307,3,3,70484.37528279131,70765.60674098387,70955.60674098387,3392.1386767265885
20260610_175521_48753422,708,46354890,2,2,70544.19117915662,70769.02866076396,70959.02866076396,2568.9732397074886
20260610_175521_48753422,711,46354890,3,3,70563.65537176149,70788.59501870135,70978.59501870135,2568.9732397074886
20260610_175521_48753422,678,46493064,2,2,70472.06370894835,70791.52747600937,70981.52747600937,4259.280007571585
20260610_175521_48753422,704,3611512307,3,3,70511.43718011992,70796.46752207642,70986.46752207642,3442.3067489642194
20260610_175521_48753422,706,3611512307,1,1,70520.16431778448,70804.62920698072,70994.62920698072,3392.1386767265885
20260610_175521_48753422,714,46354890,3,3,70583.82833052018,70807.60475178827,70997.60475178827,2568.9732397074886
20260610_175521_48753422,707,3611512307,3,3,70530.12234712356,70815.94921162543,71005.94921162543,3392.1386767265885
20260610_175521_48753422,709,3611512307,1,1,70542.88545558667,70827.30340368526,71017.30340368526,3392.1386767265885
20260610_175521_48753422,717,46354890,3,3,70613.28329549637,70830.23289594898,71020.23289594898,2568.9732397074886
20260610_175521_48753422,710,3611512307,1,1,70554.2030361127,70839.23766894257,71029.23766894257,3392.1386767265885
20260610_175521_48753422,720,46354890,3,3,70630.0661465554,70846.16719242054,71036.16719242054,2568.9732397074886
20260610_175521_48753422,713,3611512307,1,1,70566.88716905747,70852.20726462365,71042.20726462365,3392.1386767265885
20260610_175521_48753422,715,3611512307,3,3,70576.30252135462,70861.80148953426,71051.80148953426,3392.1386767265885
20260610_175521_48753422,721,46354890,2,2,70653.01482634501,70870.24268620151,71060.24268620151,2568.9732397074886
20260610_175521_48753422,723,46354890,1,1,70653.0444586333,70873.05688574885,71063.05688574885,2568.9732397074886
20260610_175521_48753422,716,3611512307,3,3,70595.17945238175,70879.3223791369,71069.3223791369,3392.1386767265885
20260610_175521_48753422,724,46354890,3,3,70664.04567200635,70885.14427901631,71075.14427901631,2568.9732397074886
20260610_175521_48753422,718,3611512307,1,1,70598.26366752552,70886.51708373468,71076.51708373468,3392.1386767265885
20260610_175521_48753422,726,46354890,3,3,70677.14602222932,70896.8820632221,71086.8820632221,2568.9732397074886
20260610_175521_48753422,728,46354890,2,2,70679.60993118382,70901.81516606717,71091.81516606717,2568.9732397074886
20260610_175521_48753422,730,46354890,2,2,70689.13582588927,70912.245900733,71102.245900733,2568.9732397074886
20260610_175521_48753422,731,46354890,1,1,70691.7946910646,70917.02978301111,71107.02978301111,2568.9732397074886
20260610_175521_48753422,733,46354890,1,1,70705.63914633718,70928.27232960006,71118.27232960006,2568.9732397074886
20260610_175521_48753422,712,46336597,1,1,70689.57963033265,70933.99713976057,71123.99713976057,3027.4039908375626
20260610_175521_48753422,736,46354890,3,3,70710.82943209319,70938.2860074435,71128.2860074435,2568.9732397074886
20260610_175521_48753422,719,3611512307,2,2,70662.97798722298,70939.77823384627,71129.77823384627,3392.1386767265885
20260610_175521_48753422,737,46354890,3,3,70715.74217479289,70946.04733027413,71136.04733027413,2568.9732397074886
20260610_175521_48753422,725,3611512307,3,3,70667.9548008672,70947.46774007363,71138.2860074435,3392.1386767265885
20260610_175521_48753422,738,46354890,1,1,70725.92940611434,70955.1231792931,71145.1231792931,2568.9732397074886
20260610_175521_48753422,727,3611512307,1,1,70679.26833536965,70963.2970212366,71153.2970212366,3442.3067489642194
20260610_175521_48753422,740,46354890,2,2,70736.840898297,70964.11453550908,71154.11453550908,2568.9732397074886
20260610_175521_48753422,741,46354890,2,2,70751.16682942743,70977.13975444532,71167.13975444532,2568.9732397074886
20260610_175521_48753422,729,3611512307,2,2,70699.45470874381,70979.352300595,71169.352300595,3392.1386767265885
20260610_175521_48753422,742,46354890,2,2,70757.69431917433,70986.12321671382,71176.12321671382,2568.9732397074886
20260610_175521_48753422,743,46354890,3,3,70762.11945750762,70993.50839322724,71183.50839322724,2568.9732397074886
20260610_175521_48753422,744,46354890,1,1,70768.7653148607,71000.23726002929,71190.23726002929,2568.9732397074886
20260610_175521_48753422,735,3611512307,3,3,70725.20882664263,71003.32535225779,71193.32535225779,3392.1386767265885
20260610_175521_48753422,745,46354890,2,2,70774.98222927643,71006.45417444501,71196.45417444501,2568.9732397074886
20260610_175521_48753422,748,46354890,1,1,70783.54364593758,71014.65432519112,71204.65432519112,2568.9732397074886
20260610_175521_48753422,722,46493064,2,2,70698.18897325725,71017.66704063266,71207.66704063266,4259.280007571585
20260610_175521_48753422,751,46354890,1,1,70785.41734680523,71018.80357671995,71208.80357671995,2568.9732397074886
20260610_175521_48753422,752,46354890,2,2,70802.09781990474,71030.93696143205,71220.93696143205,2568.9732397074886
20260610_175521_48753422,753,46354890,2,2,70812.04416450472,71041.41765089815,71231.41765089815,2568.9732397074886
20260610_175521_48753422,739,3611512307,3,3,70773.93511807005,71050.27604664548,71240.27604664548,3392.1386767265885
20260610_175521_48753422,754,46354890,2,2,70822.53102429846,71051.61497371894,71241.61497371894,2568.9732397074886
20260610_175521_48753422,746,3611512307,1,1,70774.83234643146,71056.19334795602,71246.19334795602,3392.1386767265885
20260610_175521_48753422,747,3611512307,1,1,70777.32136333986,71062.58564710752,71252.58564710752,3392.1386767265885
20260610_175521_48753422,756,46354890,2,2,70841.41937396055,71066.64096515205,71256.64096515205,2568.9732397074886
20260610_175521_48753422,749,3611512307,1,1,70778.59275254597,71068.60279603105,71258.60279603105,3442.3067489642194
20260610_175521_48753422,757,46354890,3,3,70849.47993332284,71076.25950875416,71266.25950875416,2568.9732397074886
20260610_175521_48753422,759,46354890,2,2,70852.62787232811,71081.62350999772,71271.62350999772,2568.9732397074886
20260610_175521_48753422,750,3611512307,3,3,70819.88917007667,71100.04551555915,71290.04551555915,3392.1386767265885
20260610_175521_48753422,760,46354890,3,3,70883.30674040862,71107.36510592834,71297.36510592834,2568.9732397074886
20260610_175521_48753422,732,46336597,3,2,70869.57963033265,71115.1156193394,71305.1156193394,3027.4039908375626
20260610_175521_48753422,764,46354890,2,2,70896.88750456866,71122.30869707599,71312.30869707599,2568.9732397074886
20260610_175521_48753422,755,3611512307,2,2,70844.84815894908,71123.41020435093,71313.41020435093,3392.1386767265885
20260610_175521_48753422,766,46354890,2,2,70899.30055255844,71127.03020488074,71317.03020488074,2568.9732397074886
20260610_175521_48753422,767,46354890,3,3,70908.43307456424,71135.69769312306,71325.69769312306,2568.9732397074886
20260610_175521_48753422,758,3611512307,2,2,70864.27861433159,71144.45083739687,71334.45083739687,3392.1386767265885
20260610_175521_48753422,768,46354890,3,3,70930.22461515141,71153.42691785755,71343.42691785755,2568.9732397074886
20260610_175521_48753422,761,3611512307,3,3,70896.8204990568,71172.33904996498,71362.33904996498,3392.1386767265885
20260610_175521_48753422,769,46354890,2,2,70957.31439468649,71177.4493075512,71367.4493075512,2568.9732397074886
20260610_175521_48753422,771,46354890,2,2,70964.85947329798,71188.10954205925,71378.10954205925,2568.9732397074886
20260610_175521_48753422,734,46493064,2,1,70878.18897325725,71195.50145313238,71385.50145313238,4259.280007571585
20260610_175521_48753422,772,46354890,2,2,70986.95728216686,71206.28962274692,71396.28962274692,2568.9732397074886
20260610_175521_48753422,774,46354890,1,1,70987.17725981427,71210.65694359355,71400.65694359355,2568.9732397074886
20260610_175521_48753422,775,46354890,2,2,70999.95597552323,71223.11450847544,71413.11450847544,2568.9732397074886
20260610_175521_48753422,765,3611512307,3,3,70943.0557047373,71223.51240532435,71413.51240532435,3442.3067489642194
20260610_175521_48753422,776,46354890,3,3,71032.6671731525,71250.93791249677,71440.93791249677,2568.9732397074886
20260610_175521_48753422,770,3611512307,2,2,70978.57327885203,71253.91651721048,71443.91651721048,3392.1386767265885
20260610_175521_48753422,780,46354890,1,1,71034.18058516503,71254.57710218812,71444.57710218812,2568.9732397074886
20260610_175521_48753422,781,46354890,1,1,71043.24282249068,71265.49571332773,71455.49571332773,2568.9732397074886
20260610_175521_48753422,782,46354890,2,2,71062.54707684366,71282.16136167536,71472.16136167536,2568.9732397074886
20260610_175521_48753422,773,3611512307,1,1,71009.21594994362,71284.7345008518,71474.7345008518,3392.1386767265885
20260610_175521_48753422,786,46354890,1,1,71062.69385968748,71286.45924624887,71476.45924624887,2568.9732397074886
20260610_175521_48753422,787,46354890,3,3,71074.03202061109,71298.65935277185,71488.65935277185,2568.9732397074886
20260610_175521_48753422,778,3611512307,2,2,71024.36519264727,71300.91195250915,71490.91195250915,3392.1386767265885
20260610_175521_48753422,790,46354890,3,3,71093.05856431778,71313.75368083801,71503.75368083801,2568.9732397074886
20260610_175521_48753422,763,46493064,1,1,71003.85679532084,71321.74135073228,71511.74135073228,4259.280007571585
20260610_175521_48753422,779,3611512307,3,3,71047.38834569896,71328.36585132655,71518.36585132655,3392.1386767265885
20260610_175521_48753422,791,46354890,2,2,71112.49966180263,71331.8320023827,71521.8320023827,2568.9732397074886
20260610_175521_48753422,783,3611512307,2,2,71053.17895082121,71336.21959335366,71526.21959335366,3392.1386767265885
20260610_175521_48753422,793,46354890,2,2,71115.27371203761,71338.09460623667,71528.36585132655,2568.9732397074886
20260610_175521_48753422,794,46354890,3,3,71128.1818572224,71350.23980073024,71540.23980073024,2568.9732397074886
20260610_175521_48753422,785,3611512307,1,1,71067.72198357366,71351.43392839626,71541.43392839626,3392.1386767265885
20260610_175521_48753422,797,46354890,1,1,71131.16495995923,71355.55161597549,71545.55161597549,2568.9732397074886
20260610_175521_48753422,788,3611512307,1,1,71068.36943313718,71356.727969444,71550.23980073024,3392.1386767265885
20260610_175521_48753422,798,46354890,2,2,71136.83528253392,71363.54085599788,71553.54085599788,2568.9732397074886
20260610_175521_48753422,784,46336597,1,1,71126.51868640014,71372.99232785922,71562.99232785922,3027.4039908375626
20260610_175521_48753422,799,46354890,1,1,71150.81867814135,71377.53936073369,71567.53936073369,2568.9732397074886
20260610_175521_48753422,789,3611512307,3,3,71094.36193585629,71378.02509470042,71568.02509470042,3392.1386767265885
20260610_175521_48753422,801,46354890,2,2,71169.74478863925,71393.41272238968,71583.41272238968,2568.9732397074886
20260610_175521_48753422,792,3611512307,3,3,71119.46602897161,71400.69748716417,71590.69748716417,3392.1386767265885
20260610_175521_48753422,804,46354890,1,1,71174.92811050246,71401.00848585258,71591.00848585258,2568.9732397074886
20260610_175521_48753422,805,46354890,2,2,71186.62611525497,71411.19124494871,71601.19124494871,2568.9732397074886
20260610_175521_48753422,795,3611512307,2,2,71139.46178043445,71420.693238627,71610.693238627,3392.1386767265885
20260610_175521_48753422,807,46354890,3,3,71198.69971761723,71422.79967493814,71612.79967493814,2568.9732397074886
20260610_175521_48753422,800,3611512307,2,2,71151.31457194852,71433.29902594452,71623.29902594452,3392.1386767265885
20260610_175521_48753422,796,46336597,1,1,71189.37355257107,71435.19524435991,71625.19524435991,3027.4039908375626
20260610_175521_48753422,809,46354890,2,2,71209.80259318052,71438.37340421938,71628.37340421938,2568.9732397074886
20260610_175521_48753422,802,3611512307,1,1,71155.4164685648,71439.42926904347,71633.29902594452,3392.1386767265885
20260610_175521_48753422,810,46354890,1,1,71212.13046346241,71442.05519049938,71635.19524435991,2568.9732397074886
20260610_175521_48753422,811,46354890,1,1,71213.27681062554,71447.1163164314,71638.37340421938,2568.9732397074886
20260610_175521_48753422,812,46354890,3,3,71223.17092102967,71456.35388465959,71646.35388465959,2568.9732397074886
20260610_175521_48753422,813,46354890,2,2,71226.8959995952,71460.83695630213,71650.83695630213,2568.9732397074886
20260610_175521_48753422,814,46354890,3,3,71243.77454535635,71473.44148061845,71663.44148061845,2568.9732397074886
20260610_175521_48753422,815,46354890,1,1,71243.82775428286,71476.80417482804,71666.80417482804,2568.9732397074886
20260610_175521_48753422,816,46354890,2,2,71258.86462632671,71488.41758231087,71678.41758231087,2568.9732397074886
20260610_175521_48753422,818,46354890,1,1,71262.37735381283,71492.87273007893,71682.87273007893,2568.9732397074886
20260610_175521_48753422,777,46493064,3,2,71183.85679532084,71499.58278896713,71689.58278896713,4259.280007571585
20260610_175521_48753422,820,46354890,2,2,71283.19068927394,71509.88327976513,71699.88327976513,2568.9732397074886
20260610_175521_48753422,822,46354890,1,1,71286.59625684928,71516.62262655172,71706.62262655172,2568.9732397074886
20260610_175521_48753422,823,46354890,2,2,71296.48590378485,71526.123949639,71716.123949639,2568.9732397074886
20260610_175521_48753422,824,46354890,2,2,71300.28461455207,71530.95280594267,71720.95280594267,2568.9732397074886
20260610_175521_48753422,803,3611512307,3,3,71261.30765012537,71535.66469649615,71725.66469649615,3392.1386767265885
20260610_175521_48753422,826,46354890,2,2,71309.67870749757,71540.48972179611,71730.48972179611,2568.9732397074886
20260610_175521_48753422,828,46354890,2,2,71311.45803870558,71544.5404949471,71734.5404949471,2568.9732397074886
20260610_175521_48753422,830,46354890,1,1,71314.49128806146,71549.71324788926,71739.71324788926,2568.9732397074886
20260610_175521_48753422,819,3611512307,1,1,71275.06811585806,71550.62868373227,71740.62868373227,3392.1386767265885
20260610_175521_48753422,831,46354890,1,1,71316.06528491782,71553.81357958251,71744.5404949471,2568.9732397074886
20260610_175521_48753422,832,46354890,3,3,71326.13469712317,71563.37131686966,71753.37131686966,2568.9732397074886
20260610_175521_48753422,833,46354890,2,2,71339.6503326226,71570.83574891035,71760.83574891035,2568.9732397074886
20260610_175521_48753422,806,46493064,3,3,71257.39083727523,71574.2648081918,71764.2648081918,4259.280007571585
20260610_175521_48753422,821,3611512307,3,3,71306.0006008028,71585.26595104425,71775.26595104425,3392.1386767265885
20260610_175521_48753422,836,46354890,2,2,71356.99865519408,71585.35295240134,71775.35295240134,2568.9732397074886
20260610_175521_48753422,827,3611512307,2,2,71311.37876941181,71593.10346234741,71783.10346234741,3392.1386767265885
20260610_175521_48753422,837,46354890,3,3,71394.56974958481,71616.90758703994,71806.90758703994,2568.9732397074886
20260610_175521_48753422,817,46493064,1,1,71299.23304392671,71618.88154148347,71808.88154148347,4259.280007571585
20260610_175521_48753422,829,3611512307,1,1,71339.23729465409,71623.75977969465,71813.75977969465,3392.1386767265885
20260610_175521_48753422,841,46354890,3,3,71421.163711439,71642.37595760955,71832.37595760955,2568.9732397074886
20260610_175521_48753422,825,46493064,1,1,71328.2844685976,71648.85904511566,71838.85904511566,4259.280007571585
20260610_175521_48753422,843,46354890,3,3,71426.4883082232,71649.71475257364,71839.71475257364,2568.9732397074886
20260610_175521_48753422,844,46354890,3,3,71441.55171456104,71662.11710773653,71852.11710773653,2568.9732397074886
20260610_175521_48753422,846,46354890,3,3,71449.80530471083,71670.9535995259,71860.9535995259,2568.9732397074886
20260610_175521_48753422,835,3611512307,3,3,71394.32644821696,71673.72890067336,71863.72890067336,3392.1386767265885
20260610_175521_48753422,847,46354890,1,1,71454.0787759437,71676.25924933644,71866.25924933644,2568.9732397074886
20260610_175521_48753422,840,3611512307,3,3,71417.46030200733,71695.9936806862,71885.9936806862,3392.1386767265885
20260610_175521_48753422,834,46493064,2,2,71387.56038674845,71707.00840463548,71897.00840463548,4259.280007571585
20260610_175521_48753422,842,3611512307,2,2,71428.12665279553,71711.95085886877,71901.95085886877,3392.1386767265885
20260610_175521_48753422,848,46354890,3,3,71501.2788060173,71717.92497916461,71907.92497916461,2568.9732397074886
20260610_175521_48753422,849,46354890,2,2,71523.56625811795,71740.48590058068,71930.48590058068,2568.9732397074886
20260610_175521_48753422,851,46354890,2,2,71541.59256368416,71760.00516684954,71950.00516684954,2568.9732397074886
20260610_175521_48753422,854,46354890,3,3,71555.6289196787,71772.99854828841,71962.99854828841,2568.9732397074886
20260610_175521_48753422,856,46354890,1,1,71556.6713368522,71777.49372362037,71967.49372362037,2568.9732397074886
20260610_175521_48753422,845,3611512307,2,2,71506.96117663929,71781.7105469596,71971.7105469596,3392.1386767265885
20260610_175521_48753422,857,46354890,2,2,71569.4554939322,71788.29294616476,71978.29294616476,2568.9732397074886
20260610_175521_48753422,858,46354890,1,1,71572.31103415272,71793.6009266412,71983.6009266412,2568.9732397074886
20260610_175521_48753422,860,46354890,2,2,71584.8850910901,71805.04959913473,71995.04959913473,2568.9732397074886
20260610_175521_48753422,864,46354890,1,1,71586.7742581254,71809.41425897928,71999.41425897928,2568.9732397074886
20260610_175521_48753422,850,3611512307,1,1,71536.78219220237,71811.2820201107,72001.2820201107,3392.1386767265885
20260610_175521_48753422,865,46354890,1,1,71598.31234680442,71822.08651816448,72012.08651816448,2568.9732397074886
20260610_175521_48753422,868,46354890,1,1,71611.17987603346,71834.69210637179,72024.69210637179,2568.9732397074886
20260610_175521_48753422,869,46354890,1,1,71614.57761908852,71840.33104953698,72030.33104953698,2568.9732397074886
20260610_175521_48753422,852,3611512307,3,3,71571.89648166139,71846.39492994297,72036.39492994297,3392.1386767265885
20260610_175521_48753422,870,46354890,2,2,71625.30279718674,71850.11386561586,72040.11386561586,2568.9732397074886
20260610_175521_48753422,859,3611512307,1,1,71576.14711364152,71854.1739931712,72044.1739931712,3392.1386767265885
20260610_175521_48753422,839,46493064,3,3,71538.46208994686,71860.4293915853,72050.4293915853,4259.280007571585
20260610_175521_48753422,861,3611512307,1,1,71578.8868496474,71864.84183643913,72054.84183643913,3392.1386767265885
20260610_175521_48753422,872,46354890,3,3,71642.96584987007,71866.30002309744,72056.30002309744,2568.9732397074886
20260610_175521_48753422,862,3611512307,2,2,71582.97335229626,71871.27316717539,72061.27316717539,3392.1386767265885
20260610_175521_48753422,874,46354890,3,3,71655.69079035884,71879.88018238549,72069.88018238549,2568.9732397074886
20260610_175521_48753422,863,3611512307,1,1,71591.0559614585,71880.68141173411,72070.68141173411,3392.1386767265885
20260610_175521_48753422,875,46354890,3,3,71671.92696976963,71895.83060334146,72085.83060334146,2568.9732397074886
20260610_175521_48753422,877,46354890,1,1,71672.18396729945,71899.1471269513,72089.1471269513,2568.9732397074886
20260610_175521_48753422,867,3611512307,2,2,71624.67375858383,71906.57642292959,72096.57642292959,3392.1386767265885
20260610_175521_48753422,853,46493064,3,3,71586.82342568754,71912.49880206879,72102.49880206879,4259.280007571585
20260610_175521_48753422,878,46354890,1,1,71692.09665752144,71915.13956308852,72105.13956308852,2568.9732397074886
20260610_175521_48753422,871,3611512307,2,2,71641.5171076806,71926.0058221166,72116.0058221166,3392.1386767265885
20260610_175521_48753422,879,46354890,2,2,71706.04299314592,71927.96501596988,72117.96501596988,2568.9732397074886
20260610_175521_48753422,880,46354890,2,2,71720.5786375323,71942.21469525158,72132.21469525158,2568.9732397074886
20260610_175521_48753422,873,3611512307,2,2,71660.19433276274,71947.78870203492,72137.78870203492,3442.3067489642194
20260610_175521_48753422,882,46354890,1,1,71725.674720943,71949.15202284131,72139.15202284131,2568.9732397074886
20260610_175521_48753422,883,46354890,1,1,71729.08954628112,71956.12781660841,72146.12781660841,2568.9732397074886
20260610_175521_48753422,886,46354890,1,1,71733.92695657244,71961.14758188445,72151.14758188445,2568.9732397074886
20260610_175521_48753422,888,46354890,3,3,71743.85504721427,71970.39325825461,72160.39325825461,2568.9732397074886
20260610_175521_48753422,855,46336597,2,2,71726.20014904943,71973.05157435128,72163.05157435128,3027.4039908375626
20260610_175521_48753422,876,3611512307,3,3,71710.90032644363,71987.1810518285,72177.1810518285,3392.1386767265885
20260610_175521_48753422,889,46354890,3,3,71766.74336317071,71990.17865477962,72180.17865477962,2568.9732397074886
20260610_175521_48753422,891,46354890,2,2,71776.40764312174,72002.25119296748,72192.25119296748,2568.9732397074886
20260610_175521_48753422,881,3611512307,2,2,71726.3858279561,72004.88551603799,72194.88551603799,3392.1386767265885
20260610_175521_48753422,892,46354890,1,1,71776.48574949792,72005.64273876227,72195.64273876227,2568.9732397074886
20260610_175521_48753422,893,46354890,1,1,71781.97057087526,72011.9645801185,72202.25119296748,2568.9732397074886
20260610_175521_48753422,885,3611512307,1,1,71733.76069603508,72015.02631753331,72205.02631753331,3392.1386767265885
20260610_175521_48753422,897,46354890,2,2,71799.96117211021,72024.41909339659,72214.41909339659,2568.9732397074886
20260610_175521_48753422,899,46354890,3,3,71807.94320361942,72035.41215170392,72225.41215170392,2568.9732397074886
20260610_175521_48753422,901,46354890,2,2,71814.32942447289,72041.97718886375,72231.97718886375,2568.9732397074886
20260610_175521_48753422,887,3611512307,2,2,71778.45273100206,72053.72953794744,72243.72953794744,3392.1386767265885
20260610_175521_48753422,902,46354890,1,1,71827.35303803408,72053.97887248505,72243.97887248505,2568.9732397074886
20260610_175521_48753422,904,46354890,1,1,71831.64897756513,72060.58023923152,72250.58023923152,2568.9732397074886
20260610_175521_48753422,905,46354890,1,1,71834.12193398578,72066.3220953248,72256.3220953248,2568.9732397074886
20260610_175521_48753422,895,3611512307,2,2,71789.70697053481,72067.75885654759,72257.75885654759,3392.1386767265885
20260610_175521_48753422,906,46354890,2,2,71838.16977075045,72071.95706511072,72261.95706511072,2568.9732397074886
20260610_175521_48753422,866,46493064,2,2,71750.32734392893,72072.0670576714,72266.3220953248,4259.280007571585
20260610_175521_48753422,907,46354890,3,3,71850.16751472898,72081.3079976138,72271.3079976138,2568.9732397074886
20260610_175521_48753422,908,46354890,3,3,71867.23220466504,72094.32003347288,72284.32003347288,2568.9732397074886
20260610_175521_48753422,890,46493064,2,2,71778.30040538145,72098.36042205412,72288.36042205412,4259.280007571585
20260610_175521_48753422,894,46493064,1,1,71781.03757051981,72105.12452082096,72295.12452082096,4259.280007571585
20260610_175521_48753422,910,46354890,1,1,71880.66678978245,72106.27996385902,72296.27996385902,2568.9732397074886
20260610_175521_48753422,898,3611512307,3,3,71824.65138821593,72109.4830645369,72299.4830645369,3392.1386767265885
20260610_175521_48753422,896,46493064,3,3,71806.90709369763,72129.2584437389,72319.2584437389,4259.280007571585
20260610_175521_48753422,912,46354890,3,3,71907.06271269197,72129.62451217651,72319.62451217651,2568.9732397074886
20260610_175521_48753422,903,3611512307,2,2,71850.6105300466,72136.36552576286,72326.36552576286,3392.1386767265885
20260610_175521_48753422,916,46354890,2,2,71915.62370842247,72139.74179999703,72329.74179999703,2568.9732397074886
20260610_175521_48753422,917,46354890,1,1,71917.66577710651,72145.13548278452,72335.13548278452,2568.9732397074886
20260610_175521_48753422,909,3611512307,1,1,71869.31382357191,72153.80134850096,72343.80134850096,3392.1386767265885
20260610_175521_48753422,918,46354890,3,3,71944.79158933912,72166.51320954661,72356.51320954661,2568.9732397074886
20260610_175521_48753422,911,3611512307,1,1,71890.9046601111,72173.71958290125,72363.71958290125,3392.1386767265885
20260610_175521_48753422,913,3611512307,1,1,71894.6701457623,72178.59829908406,72368.59829908406,3392.1386767265885
20260610_175521_48753422,920,46354890,3,3,71970.04409727475,72189.0219300751,72379.0219300751,2568.9732397074886
20260610_175521_48753422,922,46354890,1,1,71977.9724414983,72198.96287343821,72388.96287343821,2568.9732397074886
20260610_175521_48753422,914,3611512307,1,1,71932.32125469974,72211.20665142864,72401.20665142864,3392.1386767265885
20260610_175521_48753422,923,46354890,3,3,71993.2934923079,72212.72404358335,72402.72404358335,2568.9732397074886
20260610_175521_48753422,926,46354890,3,3,72006.01650257161,72224.66761990434,72414.66761990434,2568.9732397074886
20260610_175521_48753422,928,46354890,2,2,72038.29025131313,72256.20096302016,72446.20096302016,2568.9732397074886
20260610_175521_48753422,900,46493064,2,2,71944.79192612848,72259.41613947827,72449.41613947827,4259.280007571585
20260610_175521_48753422,919,3611512307,3,3,71985.58475083389,72264.71655748469,72454.71655748469,3392.1386767265885
20260610_175521_48753422,931,46354890,2,2,72049.6633757915,72267.71409060135,72457.71409060135,2568.9732397074886
20260610_175521_48753422,932,46354890,1,1,72050.69873361172,72271.19018465532,72461.19018465532,2568.9732397074886
20260610_175521_48753422,924,3611512307,2,2,71990.9910191304,72272.68105904585,72464.71655748469,3392.1386767265885
20260610_175521_48753422,925,3611512307,3,3,72011.75937559067,72292.10791419387,72482.10791419387,3392.1386767265885
20260610_175521_48753422,933,46354890,2,2,72077.84825557229,72296.31714577788,72486.31714577788,2568.9732397074886
20260610_175521_48753422,935,46354890,1,1,72095.39785359678,72313.75682880613,72503.75682880613,2568.9732397074886
20260610_175521_48753422,921,46493064,1,1,72000.58682965535,72317.78580073435,72507.78580073435,4259.280007571585
20260610_175521_48753422,938,46354890,1,1,72102.4055374795,72322.32274779303,72512.32274779303,2568.9732397074886
20260610_175521_48753422,939,46354890,2,2,72120.06013957734,72338.69980549805,72528.69980549805,2568.9732397074886
20260610_175521_48753422,927,46493064,1,1,72021.42048399313,72339.8100565739,72529.8100565739,4259.280007571585
20260610_175521_48753422,929,3611512307,3,3,72063.51550903403,72346.3288335478,72536.3288335478,3392.1386767265885
20260610_175521_48753422,940,46354890,3,3,72148.45426922772,72366.35369074809,72556.35369074809,2568.9732397074886
20260610_175521_48753422,934,3611512307,3,3,72088.67627458628,72368.18832701816,72558.18832701816,3392.1386767265885
20260610_175521_48753422,942,46354890,3,3,72158.63317885228,72377.99234678697,72567.99234678697,2568.9732397074886
20260610_175521_48753422,944,46354890,1,1,72162.81346122437,72384.35334263893,72574.35334263893,2568.9732397074886
20260610_175521_48753422,945,46354890,3,3,72179.41066298193,72398.04463224456,72588.04463224456,2568.9732397074886
20260610_175521_48753422,946,46354890,3,3,72194.93809641377,72414.63205012481,72604.63205012481,2568.9732397074886
20260610_175521_48753422,937,3611512307,3,3,72146.39035419123,72421.06988361546,72611.06988361546,3392.1386767265885
20260610_175521_48753422,941,3611512307,1,1,72150.0036412742,72428.39063341936,72618.39063341936,3392.1386767265885
20260610_175521_48753422,950,46354890,3,3,72222.00383385156,72440.1746402633,72630.1746402633,2568.9732397074886
20260610_175521_48753422,943,3611512307,3,3,72183.2927704582,72459.275677981,72649.275677981,3392.1386767265885
20260610_175521_48753422,952,46354890,2,2,72246.55872143513,72463.40843143986,72653.40843143986,2568.9732397074886
20260610_175521_48753422,948,3611512307,2,2,72189.38944000073,72468.92889074261,72658.92889074261,3392.1386767265885
20260610_175521_48753422,957,46354890,2,2,72254.88361319681,72474.60908748653,72664.60908748653,2568.9732397074886
20260610_175521_48753422,958,46354890,3,3,72267.31419743809,72486.66220217754,72676.66220217754,2568.9732397074886
20260610_175521_48753422,949,3611512307,2,2,72208.27445010122,72487.52009326042,72677.52009326042,3392.1386767265885
20260610_175521_48753422,930,46493064,2,2,72181.84160010806,72501.76633548112,72691.76633548112,4259.280007571585
20260610_175521_48753422,961,46354890,1,1,72285.08722232643,72502.6681625471,72692.6681625471,2568.9732397074886
20260610_175521_48753422,951,3611512307,2,2,72228.05553893484,72510.33866761936,72700.33866761936,3392.1386767265885
20260610_175521_48753422,953,3611512307,2,2,72233.29676121828,72518.89749372129,72708.89749372129,3392.1386767265885
20260610_175521_48753422,964,46354890,3,3,72303.4594693741,72520.75745934418,72710.75745934418,2568.9732397074886
20260610_175521_48753422,954,3611512307,1,1,72239.774921538,72526.63098266254,72716.63098266254,3392.1386767265885
20260610_175521_48753422,965,46354890,2,2,72308.98689926913,72529.16679701497,72719.16679701497,2568.9732397074886
20260610_175521_48753422,955,3611512307,2,2,72244.71801999277,72533.9681811525,72723.9681811525,3392.1386767265885
20260610_175521_48753422,966,46354890,1,1,72322.72005831903,72542.34396025247,72732.34396025247,2568.9732397074886
20260610_175521_48753422,967,46354890,1,1,72326.26894089035,72548.0733028317,72738.0733028317,2568.9732397074886
20260610_175521_48753422,969,46354890,1,1,72327.3729846644,72552.31411080222,72742.31411080222,2568.9732397074886
20260610_175521_48753422,956,3611512307,1,1,72267.7355375705,72552.53130122185,72742.53130122185,3392.1386767265885
20260610_175521_48753422,970,46354890,3,3,72334.08452677712,72561.61550584648,72751.61550584648,2568.9732397074886
20260610_175521_48753422,962,3611512307,1,1,72279.02738457425,72564.25528296313,72754.25528296313,3392.1386767265885
20260610_175521_48753422,959,46336597,1,1,72323.71672121945,72568.11325765413,72758.11325765413,3027.4039908375626
20260610_175521_48753422,947,46493064,2,2,72266.2995098979,72588.22501368423,72778.22501368423,4259.280007571585
20260610_175521_48753422,971,46354890,2,2,72367.71905743593,72589.68363966722,72779.68363966722,2568.9732397074886
20260610_175521_48753422,973,46354890,1,1,72369.6673641621,72594.87430115414,72784.87430115414,2568.9732397074886
20260610_175521_48753422,974,46354890,3,3,72387.29874937731,72609.14958755474,72799.14958755474,2568.9732397074886
20260610_175521_48753422,975,46354890,2,2,72393.83889251431,72618.36686676393,72808.36686676393,2568.9732397074886
20260610_175521_48753422,976,46354890,1,1,72395.83920079931,72623.94625677013,72813.94625677013,2568.9732397074886
20260610_175521_48753422,963,3611512307,3,3,72357.70461448599,72633.36084772261,72823.36084772261,3392.1386767265885
20260610_175521_48753422,977,46354890,3,3,72407.41970016768,72634.47149148038,72824.47149148038,2568.9732397074886
20260610_175521_48753422,979,46354890,1,1,72423.40037572011,72647.79457979646,72837.79457979646,2568.9732397074886
20260610_175521_48753422,980,46354890,2,2,72432.31830388943,72658.09246431835,72848.09246431835,2568.9732397074886
20260610_175521_48753422,981,46354890,3,3,72435.32381350313,72663.29479059942,72853.29479059942,2568.9732397074886
20260610_175521_48753422,982,46354890,2,2,72454.58001747102,72677.54367816067,72867.54367816067,2568.9732397074886
20260610_175521_48753422,972,3611512307,3,3,72405.98799805985,72679.66416364469,72869.66416364469,3392.1386767265885
20260610_175521_48753422,984,46354890,1,1,72460.28841556549,72685.09537760292,72875.09537760292,2568.9732397074886
20260610_175521_48753422,985,46354890,1,1,72466.04627548331,72692.21396596108,72882.21396596108,2568.9732397074886
20260610_175521_48753422,986,46354890,1,1,72468.46968743726,72697.22814976676,72887.22814976676,2568.9732397074886
20260610_175521_48753422,987,46354890,3,3,72486.46406590214,72712.01369079319,72902.01369079319,2568.9732397074886
20260610_175521_48753422,990,46354890,3,3,72521.61748717626,72742.72306030362,72932.72306030362,2568.9732397074886
20260610_175521_48753422,978,3611512307,3,3,72472.86765321664,72745.58219819632,72935.58219819632,3392.1386767265885
20260610_175521_48753422,968,46336597,2,1,72503.71672121945,72746.97636129755,72936.97636129755,3027.4039908375626
20260610_175521_48753422,988,3611512307,1,1,72484.68851147189,72760.12109815705,72950.12109815705,3392.1386767265885
20260610_175521_48753422,992,46354890,3,3,72543.29820139358,72764.68113167182,72954.68113167182,2568.9732397074886
20260610_175521_48753422,960,46493064,3,2,72446.2995098979,72765.93669311459,72955.93669311459,4259.280007571585
20260610_175521_48753422,994,46354890,2,2,72550.86140398291,72774.25994936877,72964.25994936877,2568.9732397074886
20260610_175521_48753422,995,46354890,2,2,72568.85172158763,72789.31139416232,72979.31139416232,2568.9732397074886
20260610_175521_48753422,996,46354890,3,3,72576.22024247846,72798.51963520159,72988.51963520159,2568.9732397074886
20260610_175521_48753422,997,46354890,3,3,72582.36685732014,72806.2302660585,72996.2302660585,2568.9732397074886
20260610_175521_48753422,989,3611512307,3,3,72543.01604199252,72817.66341829007,73007.66341829007,3392.1386767265885
20260610_175521_48753422,999,46354890,2,2,72612.36796707845,72830.51207118637,73020.51207118637,2568.9732397074886
20260610_175521_48753422,1002,46354890,2,2,72633.51144757018,72852.4376324854,73042.4376324854,2568.9732397074886
20260610_175521_48753422,993,3611512307,3,3,72578.52048864223,72853.72573996356,73043.72573996356,3392.1386767265885
20260610_175521_48753422,1004,46354890,1,1,72633.71452287836,72856.77728061297,73046.77728061297,2568.9732397074886
20260610_175521_48753422,998,3611512307,1,1,72582.41310670957,72861.33870129733,73052.4376324854,3392.1386767265885
20260610_175521_48753422,1005,46354890,2,2,72639.58457440839,72863.83437344924,73053.83437344924,2568.9732397074886
20260610_175521_48753422,1006,46354890,1,1,72645.06585021624,72869.58287695213,73059.58287695213,2568.9732397074886
20260610_175521_48753422,1008,46354890,1,1,72651.54873422245,72877.06579970536,73067.06579970536,2568.9732397074886
20260610_175521_48753422,1000,3611512307,1,1,72607.91494619122,72885.07137117206,73075.07137117206,3392.1386767265885
20260610_175521_48753422,1010,46354890,2,2,72660.38439887133,72886.6600294376,73076.6600294376,2568.9732397074886
20260610_175521_48753422,1012,46354890,3,3,72703.52040486496,72922.44658978017,73112.44658978017,2568.9732397074886
20260610_175521_48753422,1001,3611512307,2,2,72649.82506079719,72925.03031211851,73115.03031211851,3392.1386767265885
20260610_175521_48753422,991,46336597,3,1,72683.71672121945,72926.52557300277,73116.52557300277,3027.4039908375626
20260610_175521_48753422,1009,3611512307,1,1,72655.15397038852,72933.50790669343,73123.50790669343,3392.1386767265885
20260610_175521_48753422,1017,46354890,3,3,72712.49237032098,72935.69255949714,73125.69255949714,2568.9732397074886
20260610_175521_48753422,1018,46354890,1,1,72717.46660693464,72942.40864308065,73132.40864308065,2568.9732397074886
20260610_175521_48753422,1011,3611512307,2,2,72662.35129534731,72943.53633738954,73133.53633738954,3392.1386767265885
20260610_175521_48753422,983,46493064,3,2,72626.2995098979,72950.67493453984,73140.67493453984,4259.280007571585
20260610_175521_48753422,1019,46354890,1,1,72725.96346734265,72951.94966719681,73142.40864308065,2568.9732397074886
20260610_175521_48753422,1021,46354890,2,2,72742.45723083435,72965.99234479913,73155.99234479913,2568.9732397074886
20260610_175521_48753422,1003,46493064,1,1,72644.6128940377,72966.26520977604,73156.26520977604,4259.280007571585
20260610_175521_48753422,1022,46354890,1,1,72744.84516482458,72971.46694888335,73161.46694888335,2568.9732397074886
20260610_175521_48753422,1013,3611512307,3,3,72693.48846089467,72976.96228674095,73166.96228674095,3392.1386767265885
20260610_175521_48753422,1023,46354890,2,2,72750.63975603424,72978.6371724628,73168.6371724628,2568.9732397074886
20260610_175521_48753422,1024,46354890,3,3,72772.00912039277,72993.95949143855,73183.95949143855,2568.9732397074886
20260610_175521_48753422,1026,46354890,1,1,72773.70294274305,72998.89504862926,73188.89504862926,2568.9732397074886
20260610_175521_48753422,1007,46493064,2,2,72683.55776338473,73002.93561082747,73192.93561082747,4259.280007571585
20260610_175521_48753422,1016,3611512307,2,2,72725.66276695828,73009.18620118193,73199.18620118193,3392.1386767265885
20260610_175521_48753422,1027,46354890,2,2,72803.62057971576,73025.003509994,73215.003509994,2568.9732397074886
20260610_175521_48753422,1020,3611512307,3,3,72760.68977438942,73039.69135266339,73229.69135266339,3392.1386767265885
20260610_175521_48753422,1030,46354890,3,3,72826.09428201665,73047.19905300486,73237.19905300486,2568.9732397074886
20260610_175521_48753422,1025,3611512307,2,2,72779.3529143041,73057.77357061543,73247.77357061543,3392.1386767265885
20260610_175521_48753422,1034,46354890,2,2,72848.29837879834,73067.22456371355,73257.22456371355,2568.9732397074886
20260610_175521_48753422,1028,3611512307,3,3,72806.4252983718,73084.40129505974,73274.40129505974,3392.1386767265885
20260610_175521_48753422,1031,3611512307,1,1,72809.5870829731,73090.34966639051,73280.34966639051,3392.1386767265885
20260610_175521_48753422,1032,3611512307,1,1,72810.0695274253,73095.36425110363,73285.36425110363,3392.1386767265885
20260610_175521_48753422,1036,46354890,3,3,72881.0969894215,73096.89802210871,73286.89802210871,2568.9732397074886
20260610_175521_48753422,1015,46336597,3,1,72863.71672121945,73102.69572467441,73292.69572467441,3027.4039908375626
20260610_175521_48753422,1040,46354890,1,1,72886.67553451133,73108.5845568458,73298.5845568458,2568.9732397074886
20260610_175521_48753422,1041,46354890,2,2,72895.36646931045,73116.8915593908,73306.8915593908,2568.9732397074886
20260610_175521_48753422,1014,46493064,1,1,72799.41390035104,73119.20851532601,73309.20851532601,4259.280007571585
20260610_175521_48753422,1044,46354890,2,2,72898.91993192505,73121.29728515336,73311.29728515336,2568.9732397074886
20260610_175521_48753422,1045,46354890,2,2,72905.33960667028,73129.08150458669,73319.08150458669,2568.9732397074886
20260610_175521_48753422,1033,3611512307,3,3,72852.93554426423,73133.97629134757,73323.97629134757,3392.1386767265885
20260610_175521_48753422,1046,46354890,2,2,72911.32965929831,73136.04091256573,73326.04091256573,2568.9732397074886
20260610_175521_48753422,1048,46354890,3,3,72927.9258977385,73149.53578224007,73339.53578224007,2568.9732397074886
20260610_175521_48753422,1029,46493064,2,2,72834.58719434444,73154.52757960741,73344.52757960741,4259.280007571585
20260610_175521_48753422,1049,46354890,2,2,72930.30132888834,73154.95678868616,73344.95678868616,2568.9732397074886
20260610_175521_48753422,1050,46354890,2,2,72933.588215747,73161.31349911027,73351.31349911027,2568.9732397074886
20260610_175521_48753422,1037,3611512307,3,3,72889.0131848889,73168.86717063468,73358.86717063468,3392.1386767265885
20260610_175521_48753422,1051,46354890,2,2,72940.90010876607,73168.97017940441,73358.97017940441,2568.9732397074886
20260610_175521_48753422,1042,3611512307,1,1,72889.02354528563,73173.98733348968,73363.98733348968,3392.1386767265885
20260610_175521_48753422,1052,46354890,2,2,72948.97924907037,73177.0493197087,73368.86717063468,2568.9732397074886
20260610_175521_48753422,1055,46354890,1,1,72949.12634363542,73179.80670448353,73369.80670448353,2568.9732397074886
20260610_175521_48753422,1043,3611512307,3,3,72907.69473689675,73190.61080422469,73380.61080422469,3392.1386767265885
20260610_175521_48753422,1056,46354890,1,1,72963.65498714226,73192.1521164425,73382.1521164425,2568.9732397074886
20260610_175521_48753422,1035,46493064,1,1,72868.29340848164,73195.58205451453,73385.58205451453,4259.280007571585
20260610_175521_48753422,1057,46354890,2,2,72977.30428069025,73205.33100182116,73395.33100182116,2568.9732397074886
20260610_175521_48753422,1047,3611512307,3,3,72947.86497990922,73226.69144342038,73416.69144342038,3392.1386767265885
20260610_175521_48753422,1059,46354890,2,2,73001.59878958287,73227.58673988738,73417.58673988738,2568.9732397074886
20260610_175521_48753422,1060,46354890,3,3,73003.54403701484,73231.93614705479,73421.93614705479,2568.9732397074886
20260610_175521_48753422,1053,3611512307,1,1,72948.87422285238,73232.77175988744,73426.69144342038,3392.1386767265885
20260610_175521_48753422,1061,46354890,2,2,73015.1382420381,73242.76919855979,73432.76919855979,2568.9732397074886
20260610_175521_48753422,1054,3611512307,1,1,72969.49763246815,73255.47694185756,73445.47694185756,3442.3067489642194
20260610_175521_48753422,1062,46354890,2,2,73047.42524390915,73269.92759143512,73459.92759143512,2568.9732397074886
20260610_175521_48753422,1038,46336597,2,1,73043.71672121945,73284.20424406187,73474.20424406187,3027.4039908375626
20260610_175521_48753422,1064,46354890,2,2,73112.92661171296,73328.45309624527,73518.45309624527,2568.9732397074886
20260610_175521_48753422,1058,3611512307,3,3,73067.26201550837,73339.97380942016,73529.97380942016,3392.1386767265885
20260610_175521_48753422,1069,46354890,3,3,73134.10259109535,73348.89798936628,73538.89798936628,2568.9732397074886
20260610_175521_48753422,1070,46354890,2,2,73149.6810844809,73364.93053700103,73554.93053700103,2568.9732397074886
20260610_175521_48753422,1065,46493064,1,1,73051.45233027257,73365.66100213176,73555.66100213176,4259.280007571585
20260610_175521_48753422,1067,3611512307,2,2,73096.27333705408,73373.33119524327,73563.33119524327,3392.1386767265885
20260610_175521_48753422,1072,46354890,3,3,73162.3705340686,73378.62562100502,73568.62562100502,2568.9732397074886
20260610_175521_48753422,1073,46354890,1,1,73172.55392430714,73390.09685777388,73580.09685777388,2568.9732397074886
20260610_175521_48753422,1075,46354890,3,3,73205.25275057726,73421.05378326448,73611.05378326448,2568.9732397074886
20260610_175521_48753422,1068,3611512307,2,2,73163.24211036258,73437.88948666013,73627.88948666013,3392.1386767265885
20260610_175521_48753422,1076,46354890,2,2,73238.57423230365,73454.37526499087,73644.37526499087,2568.9732397074886
20260610_175521_48753422,1079,46354890,1,1,73242.49486075071,73461.71972826603,73651.71972826603,2568.9732397074886
20260610_175521_48753422,1063,46336597,3,1,73223.71672121945,73465.37987949356,73655.37987949356,3027.4039908375626
20260610_175521_48753422,1066,46493064,2,2,73145.89478200738,73465.68823705339,73655.68823705339,4309.4480798092145
20260610_175521_48753422,1081,46354890,1,1,73265.57434271796,73482.95873478331,73672.95873478331,2568.9732397074886
20260610_175521_48753422,1082,46354890,3,3,73283.9770172385,73501.53730426304,73691.53730426304,2568.9732397074886
20260610_175521_48753422,1074,3611512307,3,3,73227.5606686096,73501.78876071509,73691.78876071509,3392.1386767265885
20260610_175521_48753422,1078,3611512307,1,1,73241.82175807391,73521.87884719373,73711.87884719373,3442.3067489642194
20260610_175521_48753422,1084,46354890,2,2,73336.15360497119,73551.6800895035,73741.6800895035,2568.9732397074886
20260610_175521_48753422,1080,3611512307,3,3,73278.37734737685,73553.58259869818,73743.58259869818,3392.1386767265885
20260610_175521_48753422,1087,46354890,3,3,73352.71405251973,73569.7143381115,73759.7143381115,2568.9732397074886
20260610_175521_48753422,1083,3611512307,3,3,73315.60977361567,73590.815024937,73780.815024937,3392.1386767265885
20260610_175521_48753422,1088,46354890,2,2,73379.53065794476,73594.3260562157,73784.3260562157,2568.9732397074886
20260610_175521_48753422,1090,46354890,3,3,73389.73107356712,73605.98653047484,73795.98653047484,2568.9732397074886
20260610_175521_48753422,1085,3611512307,3,3,73354.61179850169,73628.83989060718,73818.83989060718,3392.1386767265885
20260610_175521_48753422,1077,46336597,2,1,73403.71672121945,73638.81812904814,73828.81812904814,3027.4039908375626
20260610_175521_48753422,1071,46493064,3,2,73325.89478200738,73642.61453134073,73832.61453134073,4259.280007571585
20260610_175521_48753422,1089,3611512307,3,3,73381.88701141505,73659.34653373167,73849.34653373167,3392.1386767265885
20260610_175521_48753422,1092,46354890,3,3,73452.96844233896,73667.76384060988,73857.76384060988,2568.9732397074886
20260610_175521_48753422,1091,3611512307,3,3,73423.34726475124,73698.55251607257,73888.55251607257,3392.1386767265885
20260610_175521_48753422,1098,46354890,3,3,73485.69104531597,73700.4864435869,73890.4864435869,2568.9732397074886
20260610_175521_48753422,1100,46354890,2,2,73490.69876295926,73708.5117279014,73898.5117279014,2568.9732397074886
20260610_175521_48753422,1101,46354890,2,2,73503.0413169034,73720.4816729551,73910.4816729551,2568.9732397074886
20260610_175521_48753422,1094,3611512307,2,2,73446.35691640075,73723.76125480584,73913.76125480584,3392.1386767265885
20260610_175521_48753422,1102,46354890,2,2,73509.76302369061,73727.85783077548,73917.85783077548,2568.9732397074886
20260610_175521_48753422,1096,3611512307,1,1,73452.91157790576,73732.01405087275,73922.01405087275,3392.1386767265885
20260610_175521_48753422,1103,46354890,1,1,73520.63636611303,73739.66752087764,73929.66752087764,2568.9732397074886
20260610_175521_48753422,1086,46493064,3,3,73423.44163786885,73744.3980233862,73934.3980233862,4259.280007571585
20260610_175521_48753422,1105,46354890,2,2,73532.20979909707,73752.10324331929,73942.10324331929,2568.9732397074886
20260610_175521_48753422,1107,46354890,3,3,73547.08046582188,73765.68230703172,73955.68230703172,2568.9732397074886
20260610_175521_48753422,1108,46354890,1,1,73549.97782459373,73772.0511918869,73962.0511918869,2568.9732397074886
20260610_175521_48753422,1095,46493064,2,2,73456.1370942784,73772.9968534861,73962.9968534861,4259.280007571585
20260610_175521_48753422,1109,46354890,3,3,73575.3402880693,73794.82647441728,73984.82647441728,2568.9732397074886
20260610_175521_48753422,1097,3611512307,3,3,73518.80886652453,73797.05440807306,73987.05440807306,3392.1386767265885
20260610_175521_48753422,1104,3611512307,1,1,73531.61145312642,73810.6037677206,74000.6037677206,3392.1386767265885
20260610_175521_48753422,1112,46354890,3,3,73590.38567106298,73810.84534363766,74000.84534363766,2568.9732397074886
20260610_175521_48753422,1114,46354890,1,1,73592.36797918561,73816.33433392698,74006.33433392698,2568.9732397074886
20260610_175521_48753422,1115,46354890,1,1,73598.03093074124,73823.37988244482,74013.37988244482,2568.9732397074886
20260610_175521_48753422,1116,46354890,1,1,73598.86494895558,73828.03424442273,74018.03424442273,2568.9732397074886
20260610_175521_48753422,1106,3611512307,2,2,73556.83639842337,73834.81239511131,74024.81239511131,3392.1386767265885
20260610_175521_48753422,1117,46354890,3,3,73615.69137018382,73840.41175326388,74030.41175326388,2568.9732397074886
20260610_175521_48753422,1118,46354890,3,3,73635.20418131721,73857.15455236299,74047.15455236299,2568.9732397074886
20260610_175521_48753422,1099,46493064,1,1,73557.45023018454,73873.56341228119,74063.56341228119,4259.280007571585
20260610_175521_48753422,1121,46354890,2,2,73668.9296539948,73887.85583891,74077.85583891,2568.9732397074886
20260610_175521_48753422,1126,46354890,3,3,73678.80353895765,73898.91162321962,74088.91162321962,2568.9732397074886
20260610_175521_48753422,1127,46354890,2,2,73685.1190968883,73907.31591219638,74097.31591219638,2568.9732397074886
20260610_175521_48753422,1110,3611512307,2,2,73633.45058610314,73908.65583742446,74098.65583742446,3392.1386767265885
20260610_175521_48753422,1120,3611512307,2,2,73643.37109802202,73920.35448142918,74110.35448142918,3392.1386767265885
20260610_175521_48753422,1122,3611512307,2,2,73647.21682712394,73927.38555125991,74117.38555125991,3392.1386767265885
20260610_175521_48753422,1128,46354890,3,3,73711.9023899415,73931.10673414674,74121.10673414674,2568.9732397074886
20260610_175521_48753422,1131,46354890,2,2,73712.17217455292,73935.49872386576,74125.49872386576,2568.9732397074886
20260610_175521_48753422,1123,3611512307,1,1,73658.27954883409,73939.94604952601,74129.94604952601,3392.1386767265885
20260610_175521_48753422,1111,46493064,1,1,73619.52318210545,73944.64337337796,74134.64337337796,4259.280007571585
20260610_175521_48753422,1124,3611512307,1,1,73659.39485968536,73950.21974556951,74140.21974556951,3392.1386767265885
20260610_175521_48753422,1132,46354890,3,3,73749.3498711864,73966.45242110902,74156.45242110902,2568.9732397074886
20260610_175521_48753422,1125,3611512307,1,1,73686.79345915875,73972.03379868207,74162.03379868207,3392.1386767265885
20260610_175521_48753422,1133,46354890,1,1,73760.39525203347,73978.40154201283,74168.40154201283,2568.9732397074886
20260610_175521_48753422,1135,46354890,1,1,73768.51668724549,73988.21644442296,74178.21644442296,2568.9732397074886
20260610_175521_48753422,1129,3611512307,1,1,73710.22809451983,73991.90103229955,74181.90103229955,3392.1386767265885
20260610_175521_48753422,1137,46354890,1,1,73768.56640973489,73992.59575319957,74182.59575319957,2568.9732397074886
20260610_175521_48753422,1138,46354890,3,3,73794.78227073808,74014.26845708606,74204.26845708606,2568.9732397074886
20260610_175521_48753422,1140,46354890,1,1,73795.47673278529,74018.45026876104,74208.45026876104,2568.9732397074886
20260610_175521_48753422,1141,46354890,1,1,73816.52387587143,74035.72822007666,74225.72822007666,2568.9732397074886
20260610_175521_48753422,1130,3611512307,3,3,73760.05279980034,74036.71294409047,74226.71294409047,3392.1386767265885
20260610_175521_48753422,1144,46354890,2,2,73833.6572923263,74053.31937363345,74243.31937363345,2568.9732397074886
20260610_175521_48753422,1134,3611512307,2,2,73786.95363944754,74062.79898994607,74252.79898994607,3392.1386767265885
20260610_175521_48753422,1139,3611512307,2,2,73808.09297312268,74084.50086144144,74274.50086144144,3392.1386767265885
20260610_175521_48753422,1146,46354890,3,3,73878.67729878407,74096.26869544706,74286.26869544706,2568.9732397074886
20260610_175521_48753422,1147,46354890,3,3,73914.18138799955,74129.98242068676,74319.98242068676,2568.9732397074886
20260610_175521_48753422,1142,46493064,1,1,73820.67166461919,74135.23052160574,74325.23052160574,4259.280007571585
20260610_175521_48753422,1148,3611512307,1,1,73889.41986078332,74165.3059474216,74355.3059474216,3392.1386767265885
20260610_175521_48753422,1143,3611512307,2,2,73887.24947728471,74169.57834575552,74359.57834575552,3442.3067489642194
20260610_175521_48753422,1150,46354890,1,1,73962.08184133121,74174.64278283365,74364.64278283365,2568.9732397074886
20260610_175521_48753422,1155,46354890,2,2,73979.48778395375,74193.47070981901,74383.47070981901,2568.9732397074886
20260610_175521_48753422,1149,3611512307,1,1,73923.53956755737,74199.49159192435,74389.49159192435,3392.1386767265885
20260610_175521_48753422,1152,46336597,1,1,73981.48426808664,74215.87546784052,74405.87546784052,3027.4039908375626
20260610_175521_48753422,1151,3611512307,1,1,73945.9122076877,74223.31654609278,74413.31654609278,3392.1386767265885
20260610_175521_48753422,1156,46354890,3,3,74013.553236161,74229.80869306871,74419.80869306871,2568.9732397074886
20260610_175521_48753422,1153,3611512307,2,2,73956.36330647513,74236.10799453696,74426.10799453696,3392.1386767265885
20260610_175521_48753422,1160,46354890,1,1,74025.57326215658,74242.83435348059,74432.83435348059,2568.9732397074886
20260610_175521_48753422,1161,46354890,1,1,74027.15763296669,74246.84360735244,74436.84360735244,2568.9732397074886
20260610_175521_48753422,1154,3611512307,3,3,73998.9849173105,74274.19016863183,74464.19016863183,3392.1386767265885
20260610_175521_48753422,1162,46354890,2,2,74061.99684333094,74279.09939325356,74469.09939325356,2568.9732397074886
20260610_175521_48753422,1164,46354890,1,1,74084.42246540602,74301.24685603862,74491.24685603862,2568.9732397074886
20260610_175521_48753422,1145,46493064,3,1,74000.67166461919,74315.78839662952,74505.78839662952,4259.280007571585
20260610_175521_48753422,1158,3611512307,1,1,74045.0442809939,74322.84899972458,74512.84899972458,3392.1386767265885
20260610_175521_48753422,1165,46354890,3,3,74118.05277553212,74333.85380821934,74523.85380821934,2568.9732397074886
20260610_175521_48753422,1167,46354890,1,1,74120.50036649185,74339.72523400717,74529.72523400717,2568.9732397074886
20260610_175521_48753422,1168,46354890,3,3,74137.3575334415,74354.6359783233,74544.6359783233,2568.9732397074886
20260610_175521_48753422,1169,46354890,3,3,74160.69080237615,74376.7699943534,74566.7699943534,2568.9732397074886
20260610_175521_48753422,1163,3611512307,1,1,74107.717574463,74381.38779154471,74571.38779154471,3392.1386767265885
20260610_175521_48753422,1170,46354890,3,3,74222.98071679095,74437.50156690697,74627.50156690697,2568.9732397074886
20260610_175521_48753422,1166,3611512307,1,1,74171.05443120374,74443.76622511553,74633.76622511553,3392.1386767265885
20260610_175521_48753422,1175,46354890,2,2,74232.1793994646,74449.53608522136,74639.53608522136,2568.9732397074886
20260610_175521_48753422,1172,3611512307,1,1,74177.75797342657,74454.13830042932,74644.13830042932,3392.1386767265885
20260610_175521_48753422,1177,46354890,3,3,74251.74347120701,74466.81702876797,74656.81702876797,2568.9732397074886
20260610_175521_48753422,1178,46354890,3,3,74267.7464556226,74482.99590814274,74672.99590814274,2568.9732397074886
20260610_175521_48753422,1159,46493064,3,2,74180.67166461919,74494.81123741368,74684.81123741368,4259.280007571585
20260610_175521_48753422,1173,3611512307,3,3,74224.89134297492,74501.69961161927,74691.69961161927,3392.1386767265885
20260610_175521_48753422,1180,46354890,2,2,74307.8333690548,74522.62876732573,74712.62876732573,2568.9732397074886
20260610_175521_48753422,1176,3611512307,2,2,74259.61335068455,74536.56182513786,74726.56182513786,3392.1386767265885
20260610_175521_48753422,1179,3611512307,1,1,74269.27830894802,74547.82980072436,74737.82980072436,3392.1386767265885
20260610_175521_48753422,1183,46354890,2,2,74336.18332056841,74551.98435325563,74741.98435325563,2568.9732397074886
20260610_175521_48753422,1186,46354890,2,2,74346.45990947324,74563.72100079725,74753.72100079725,2568.9732397074886
20260610_175521_48753422,1181,3611512307,2,2,74290.66190003039,74568.81477509756,74758.81477509756,3392.1386767265885
20260610_175521_48753422,1171,46336597,3,2,74341.48426808664,74578.04536458083,74768.04536458083,3027.4039908375626
20260610_175521_48753422,1182,3611512307,2,2,74321.62311291785,74597.99992908831,74787.99992908831,3392.1386767265885
20260610_175521_48753422,1188,46354890,3,3,74387.33805668766,74602.41161424862,74792.41161424862,2568.9732397074886
20260610_175521_48753422,1189,46354890,1,1,74388.25150414475,74606.4530137147,74796.4530137147,2568.9732397074886
20260610_175521_48753422,1174,46493064,2,2,74327.28492706135,74642.40165907168,74832.40165907168,4259.280007571585
20260610_175521_48753422,1190,46354890,3,3,74431.5418065455,74647.34283923272,74837.34283923272,2568.9732397074886
20260610_175521_48753422,1193,46354890,1,1,74439.90761956536,74658.2876632675,74848.2876632675,2568.9732397074886
20260610_175521_48753422,1187,46336597,1,1,74423.36112507568,74663.56094744364,74853.56094744364,3027.4039908375626
20260610_175521_48753422,1194,46354890,3,3,74454.97219974644,74674.75931007155,74864.75931007155,2568.9732397074886
20260610_175521_48753422,1184,3611512307,3,3,74414.2803156666,74687.95053274832,74877.95053274832,3392.1386767265885
20260610_175521_48753422,1195,46354890,3,3,74493.36651422217,74710.19090485477,74900.19090485477,2568.9732397074886
20260610_175521_48753422,1196,46354890,1,1,74527.50561922265,74743.30665190986,74933.30665190986,2568.9732397074886
20260610_175521_48753422,1191,3611512307,3,3,74495.10204262454,74767.81383653633,74957.81383653633,3392.1386767265885
20260610_175521_48753422,1197,3611512307,1,1,74495.85751934766,74773.51284770593,74963.51284770593,3392.1386767265885
20260610_175521_48753422,1200,46354890,2,2,74576.43685214012,74788.99779364256,74978.99779364256,2568.9732397074886
20260610_175521_48753422,1203,46354890,3,3,74598.43946864505,74812.24649955114,75002.24649955114,2568.9732397074886
20260610_175521_48753422,1204,46354890,1,1,74598.48990859518,74816.34244627523,75006.34244627523,2568.9732397074886
20260610_175521_48753422,1205,46354890,1,1,74598.52976096973,74820.72423599087,75010.72423599087,2568.9732397074886
20260610_175521_48753422,1198,3611512307,2,2,74549.59282820488,74823.2630452866,75013.2630452866,3392.1386767265885
20260610_175521_48753422,1206,46354890,1,1,74610.05332456864,74830.83263744073,75020.83263744073,2568.9732397074886
20260610_175521_48753422,1210,46354890,1,1,74612.5356033378,74834.34713449549,75024.34713449549,2568.9732397074886
20260610_175521_48753422,1192,46336597,3,1,74603.36112507568,74845.21076805888,75035.21076805888,3027.4039908375626
20260610_175521_48753422,1199,46493064,2,2,74534.48287987025,74850.6271341152,75040.6271341152,4259.280007571585
20260610_175521_48753422,1211,46354890,3,3,74640.31772932301,74860.84818041431,75050.84818041431,2568.9732397074886
20260610_175521_48753422,1202,3611512307,3,3,74606.83650230069,74881.06459440618,75071.06459440618,3392.1386767265885
20260610_175521_48753422,1208,3611512307,1,1,74608.24245366985,74887.44659952681,75077.44659952681,3392.1386767265885
20260610_175521_48753422,1212,46354890,3,3,74691.91974287557,74909.51113953856,75099.51113953856,2568.9732397074886
20260610_175521_48753422,1214,46354890,1,1,74700.67360699168,74921.15544497644,75111.15544497644,2568.9732397074886
20260610_175521_48753422,1215,46354890,2,2,74712.52453647886,74932.91078003086,75122.91078003086,2568.9732397074886
20260610_175521_48753422,1209,3611512307,3,3,74668.92794967689,74943.57532597444,75133.57532597444,3392.1386767265885
20260610_175521_48753422,1216,46354890,3,3,74761.87647285454,74975.40895560572,75165.40895560572,2568.9732397074886
20260610_175521_48753422,1221,46354890,1,1,74768.12877973632,74984.65795097213,75174.65795097213,2568.9732397074886
20260610_175521_48753422,1213,3611512307,3,3,74717.09911612012,74989.81091003191,75179.81091003191,3392.1386767265885
20260610_175521_48753422,1222,46354890,3,3,74793.64483446142,75009.72402643866,75199.72402643866,2568.9732397074886
20260610_175521_48753422,1218,3611512307,1,1,74743.96361519185,75018.83180647454,75208.83180647454,3392.1386767265885
20260610_175521_48753422,1201,46493064,3,2,74714.48287987025,75031.77428748645,75221.77428748645,4259.280007571585
20260610_175521_48753422,1219,3611512307,2,2,74758.89534895867,75039.09905064358,75229.09905064358,3392.1386767265885
20260610_175521_48753422,1220,3611512307,1,1,74768.36576183455,75049.85359375335,75239.85359375335,3392.1386767265885
20260610_175521_48753422,1223,3611512307,1,1,74768.74158234318,75054.18652572208,75244.18652572208,3392.1386767265885
20260610_175521_48753422,1226,46354890,2,2,74855.22101478258,75068.75349753376,75258.75349753376,2568.9732397074886
20260610_175521_48753422,1229,46354890,2,2,74888.65901948328,75101.49450914063,75291.49450914063,2568.9732397074886
20260610_175521_48753422,1224,3611512307,2,2,74842.09035343752,75118.7472300808,75308.7472300808,3392.1386767265885
20260610_175521_48753422,1230,46354890,3,3,74909.92901922828,75123.73277513184,75313.73277513184,2568.9732397074886
20260610_175521_48753422,1217,46493064,3,3,74838.7384809016,75152.87490678627,75342.87490678627,4259.280007571585
20260610_175521_48753422,1231,46354890,1,1,74947.02617361558,75160.82957650656,75350.82957650656,2568.9732397074886
20260610_175521_48753422,1233,46354890,1,1,74963.2468456507,75178.19214724966,75368.19214724966,2568.9732397074886
20260610_175521_48753422,1234,46354890,2,2,74979.43548833352,75194.65815497436,75384.65815497436,2568.9732397074886
20260610_175521_48753422,1228,3611512307,3,3,74926.17527877566,75199.82025042082,75389.82025042082,3392.1386767265885
20260610_175521_48753422,1237,46354890,1,1,74982.7941350707,75201.24999290718,75391.24999290718,2568.9732397074886
20260610_175521_48753422,1225,46336597,3,1,74963.36112507568,75205.34426367075,75395.34426367075,3027.4039908375626
20260610_175521_48753422,1239,46354890,1,1,74984.38534778588,75209.18640554785,75399.82025042082,2568.9732397074886
20260610_175521_48753422,1240,46354890,3,3,75003.63310829969,75222.95772471162,75412.95772471162,2568.9732397074886
20260610_175521_48753422,1241,46354890,1,1,75008.44382572253,75230.20671621269,75420.20671621269,2568.9732397074886
20260610_175521_48753422,1242,46354890,1,1,75014.45625021441,75238.9488691969,75428.9488691969,2568.9732397074886
20260610_175521_48753422,1232,3611512307,3,3,74975.31382821799,75248.9321288405,75438.9321288405,3392.1386767265885
20260610_175521_48753422,1243,46354890,2,2,75035.36114976855,75255.8648800469,75445.8648800469,2568.9732397074886
20260610_175521_48753422,1236,3611512307,1,1,74980.1703458698,75256.49514829167,75446.49514829167,3392.1386767265885
20260610_175521_48753422,1245,46354890,3,3,75059.15525141351,75280.46896361854,75470.46896361854,2568.9732397074886
20260610_175521_48753422,1247,46354890,2,2,75091.10811900643,75311.01551431681,75501.01551431681,2568.9732397074886
20260610_175521_48753422,1248,46354890,1,1,75100.99833951711,75321.0028769872,75511.0028769872,2568.9732397074886
20260610_175521_48753422,1238,3611512307,3,3,75048.09989204016,75321.67757025854,75511.67757025854,3392.1386767265885
20260610_175521_48753422,1250,46354890,1,1,75103.76058470379,75325.16130717278,75515.16130717278,2568.9732397074886
20260610_175521_48753422,1251,46354890,3,3,75126.99349346684,75345.31036471821,75535.31036471821,2568.9732397074886
20260610_175521_48753422,1246,3611512307,2,2,75098.59526222301,75371.17519011503,75561.17519011503,3392.1386767265885
20260610_175521_48753422,1253,46354890,3,3,75159.6255752569,75375.2904911268,75565.2904911268,2568.9732397074886
20260610_175521_48753422,1257,46354890,2,2,75160.7112495538,75379.79468283789,75569.79468283789,2568.9732397074886
20260610_175521_48753422,1235,46336597,2,1,75143.36112507568,75385.34206591708,75575.34206591708,3027.4039908375626
20260610_175521_48753422,1258,46354890,2,2,75174.70691242273,75396.76929726565,75586.76929726565,2568.9732397074886
20260610_175521_48753422,1249,3611512307,3,3,75122.67090020234,75397.96018724269,75587.96018724269,3392.1386767265885
20260610_175521_48753422,1259,46354890,3,3,75187.01469433199,75407.81723388197,75597.81723388197,2568.9732397074886
20260610_175521_48753422,1252,3611512307,1,1,75152.1691341077,75426.86428811267,75616.86428811267,3392.1386767265885
20260610_175521_48753422,1260,46354890,3,3,75244.54308756728,75460.90883455593,75650.90883455593,2568.9732397074886
20260610_175521_48753422,1244,46493064,1,1,75155.41893324196,75470.30105315993,75660.30105315993,4259.280007571585
20260610_175521_48753422,1255,3611512307,3,3,75220.53599958321,75496.54801250802,75686.54801250802,3392.1386767265885
20260610_175521_48753422,1262,46354890,3,3,75337.88785344143,75549.25651248409,75739.25651248409,2568.9732397074886
20260610_175521_48753422,1261,3611512307,2,2,75281.38794900927,75554.79957273997,75744.79957273997,3392.1386767265885
20260610_175521_48753422,1256,46493064,1,1,75276.23527855732,75590.0393105193,75780.0393105193,4259.280007571585
20260610_175521_48753422,1266,46354890,2,2,75405.31718979291,75616.64650546515,75806.64650546515,2568.9732397074886
20260610_175521_48753422,1264,3611512307,3,3,75369.90721518233,75643.24621881104,75833.24621881104,3392.1386767265885
20260610_175521_48753422,1268,46354890,2,2,75452.0931180329,75663.39223770717,75853.39223770717,2568.9732397074886
20260610_175521_48753422,1267,3611512307,3,3,75421.3739903455,75693.74006050266,75883.74006050266,3392.1386767265885
20260610_175521_48753422,1270,46354890,3,3,75493.02463003273,75705.53665625151,75895.53665625151,2568.9732397074886
20260610_175521_48753422,1269,3611512307,2,2,75468.04105284585,75741.32660499674,75931.32660499674,3392.1386767265885
20260610_175521_48753422,1272,3611512307,1,1,75468.16181298552,75745.42283441851,75935.42283441851,3392.1386767265885
20260610_175521_48753422,1275,46354890,3,3,75540.47124054962,75752.67459489593,75942.67459489593,2568.9732397074886
20260610_175521_48753422,1279,46354890,1,1,75545.95238210505,75761.12221332005,75951.12221332005,2568.9732397074886
20260610_175521_48753422,1273,3611512307,1,1,75483.45026147968,75761.25236265574,75951.25236265574,3392.1386767265885
20260610_175521_48753422,1280,46354890,2,2,75559.30517217057,75775.16398731798,75965.16398731798,2568.9732397074886
20260610_175521_48753422,1263,46493064,3,1,75456.23527855732,75775.58957736418,75965.58957736418,4259.280007571585
20260610_175521_48753422,1274,3611512307,2,2,75500.24819957756,75782.61048879102,75972.61048879102,3392.1386767265885
20260610_175521_48753422,1282,46354890,3,3,75568.75522192096,75785.26688028491,75975.26688028491,2568.9732397074886
20260610_175521_48753422,1276,3611512307,1,1,75514.15405631904,75796.73730292589,75986.73730292589,3392.1386767265885
20260610_175521_48753422,1284,46354890,2,2,75592.63079488373,75808.30395653719,75998.30395653719,2568.9732397074886
20260610_175521_48753422,1285,46354890,3,3,75607.45058427837,75823.29529114577,76013.29529114577,2568.9732397074886
20260610_175521_48753422,1278,3611512307,2,2,75553.22293458474,75831.00141867915,76021.00141867915,3392.1386767265885
20260610_175521_48753422,1287,46354890,1,1,75626.07968922953,75842.91841417298,76032.91841417298,2568.9732397074886
20260610_175521_48753422,1288,46354890,3,3,75641.92852943426,75859.79786552674,76049.79786552674,2568.9732397074886
20260610_175521_48753422,1281,3611512307,2,2,75603.95913794165,75878.12802931239,76068.12802931239,3392.1386767265885
20260610_175521_48753422,1271,46493064,2,2,75567.34222427526,75884.73957243469,76074.73957243469,4259.280007571585
20260610_175521_48753422,1289,46354890,2,2,75668.36529300545,75885.01544761632,76075.01544761632,2568.9732397074886
20260610_175521_48753422,1291,46354890,2,2,75696.67158828079,75911.99765993,76101.99765993,2568.9732397074886
20260610_175521_48753422,1277,46336597,3,1,75683.36112507568,75921.50308996544,76111.50308996544,3027.4039908375626
20260610_175521_48753422,1294,46354890,1,1,75710.11398316835,75928.08804883726,76118.08804883726,2568.9732397074886
20260610_175521_48753422,1286,3611512307,2,2,75654.13246962134,75928.82174218216,76118.82174218216,3392.1386767265885
20260610_175521_48753422,1290,3611512307,2,2,75671.23674666198,75947.09513437437,76137.09513437437,3392.1386767265885
20260610_175521_48753422,1295,46354890,2,2,75743.80302991148,75959.37225820923,76149.37225820923,2568.9732397074886
20260610_175521_48753422,1292,3611512307,2,2,75715.32406184166,75988.99925656023,76178.99925656023,3392.1386767265885
20260610_175521_48753422,1297,46354890,3,3,75788.26649426017,76002.27039076501,76192.27039076501,2568.9732397074886
20260610_175521_48753422,1301,46354890,3,3,75790.95185992113,76008.33853489933,76198.33853489933,2568.9732397074886
20260610_175521_48753422,1296,3611512307,3,3,75744.13032522736,76019.38087670627,76209.38087670627,3392.1386767265885
20260610_175521_48753422,1298,3611512307,1,1,75750.83905028783,76029.15189148084,76219.15189148084,3392.1386767265885
20260610_175521_48753422,1302,46354890,3,3,75833.4964983795,76046.7581294595,76236.7581294595,2568.9732397074886
20260610_175521_48753422,1303,46354890,1,1,75834.99275077882,76051.34455116771,76241.34455116771,2568.9732397074886
20260610_175521_48753422,1305,46354890,2,2,75854.94347422727,76070.46162570083,76260.46162570083,2568.9732397074886
20260610_175521_48753422,1307,46354890,1,1,75858.73328723235,76076.61531673574,76266.61531673574,2568.9732397074886
20260610_175521_48753422,1293,46336597,2,1,75863.36112507568,76100.22270430329,76290.22270430329,3027.4039908375626
20260610_175521_48753422,1308,46354890,2,2,75888.1267727716,76107.50710610548,76297.50710610548,2568.9732397074886
20260610_175521_48753422,1300,3611512307,3,3,75841.59789478352,76114.62760538953,76304.62760538953,3392.1386767265885
20260610_175521_48753422,1310,46354890,2,2,75902.10847409877,76120.2778807537,76310.2778807537,2568.9732397074886
20260610_175521_48753422,1312,46354890,1,1,75903.6242799306,76124.77621993759,76314.77621993759,2568.9732397074886
20260610_175521_48753422,1313,46354890,2,2,75910.12246553655,76132.74820592412,76322.74820592412,2568.9732397074886
20260610_175521_48753422,1299,46493064,3,3,75834.50549898054,76146.8895831021,76336.8895831021,4259.280007571585
20260610_175521_48753422,1306,3611512307,2,2,75889.75052897667,76164.32476020906,76354.32476020906,3392.1386767265885
20260610_175521_48753422,1311,3611512307,1,1,75907.2696486688,76183.53332618916,76373.53332618916,3392.1386767265885
20260610_175521_48753422,1315,46354890,2,2,75972.33744156716,76188.2449885533,76378.2449885533,2568.9732397074886
20260610_175521_48753422,1314,3611512307,1,1,75935.82809470389,76212.5077061403,76402.5077061403,3392.1386767265885
20260610_175521_48753422,1317,46354890,3,3,75998.71042862663,76214.86223954639,76404.86223954639,2568.9732397074886
20260610_175521_48753422,1318,46354890,1,1,75999.51949680195,76218.05331219472,76408.05331219472,2568.9732397074886
20260610_175521_48753422,1319,46354890,3,3,76015.04214005446,76231.8199842782,76421.8199842782,2568.9732397074886
20260610_175521_48753422,1321,46354890,2,2,76023.98889018878,76241.21850323971,76431.21850323971,2568.9732397074886
20260610_175521_48753422,1322,46354890,3,3,76037.08093951413,76254.2236836392,76444.2236836392,2568.9732397074886
20260610_175521_48753422,1324,46354890,2,2,76074.16866299443,76290.27773334863,76480.27773334863,2568.9732397074886
20260610_175521_48753422,1329,46354890,1,1,76079.82288703791,76298.68561057879,76488.68561057879,2568.9732397074886
20260610_175521_48753422,1316,3611512307,3,3,76044.36980476766,76315.38191838755,76505.38191838755,3392.1386767265885
20260610_175521_48753422,1330,46354890,2,2,76115.28440824595,76331.66187878624,76521.66187878624,2568.9732397074886
20260610_175521_48753422,1320,46493064,1,1,76027.28622246605,76340.54380448342,76530.54380448342,4259.280007571585
20260610_175521_48753422,1327,3611512307,2,2,76067.88173796277,76345.99853216915,76535.99853216915,3392.1386767265885
20260610_175521_48753422,1332,46354890,2,2,76136.66271163235,76351.74044869337,76541.74044869337,2568.9732397074886
20260610_175521_48753422,1323,46493064,2,2,76039.28728217233,76357.42502745026,76547.42502745026,4259.280007571585
20260610_175521_48753422,1328,3611512307,2,2,76099.66138346447,76377.40774960503,76567.40774960503,3392.1386767265885
20260610_175521_48753422,1333,46354890,3,3,76171.57934043086,76385.65740975889,76575.65740975889,2568.9732397074886
20260610_175521_48753422,1336,46354890,3,3,76179.44295945027,76396.23833069764,76586.23833069764,2568.9732397074886
20260610_175521_48753422,1337,46354890,1,1,76187.5807673284,76405.84760274425,76595.84760274425,2568.9732397074886
20260610_175521_48753422,1338,46354890,3,3,76207.31927021005,76422.95444987984,76612.95444987984,2568.9732397074886
20260610_175521_48753422,1331,3611512307,3,3,76162.19224692998,76437.02362366914,76627.02362366914,3392.1386767265885
20260610_175521_48753422,1339,46354890,3,3,76235.86453644703,76450.94090057,76640.94090057,2568.9732397074886
20260610_175521_48753422,1325,46493064,1,1,76164.06020036117,76476.26159894001,76666.26159894001,4259.280007571585
20260610_175521_48753422,1341,46354890,3,3,76266.21821300052,76481.2945771235,76671.2945771235,2568.9732397074886
20260610_175521_48753422,1343,46354890,2,2,76301.65264617137,76515.73071549939,76705.73071549939,2568.9732397074886
20260610_175521_48753422,1334,3611512307,2,2,76249.08654501547,76522.51410310456,76712.51410310456,3392.1386767265885
20260610_175521_48753422,1345,46354890,1,1,76307.85037819366,76523.64745464608,76713.64745464608,2568.9732397074886
20260610_175521_48753422,1346,46354890,1,1,76315.92339786867,76533.17440948459,76723.17440948459,2568.9732397074886
20260610_175521_48753422,1347,46354890,2,2,76339.65017771044,76555.28535738023,76745.28535738023,2568.9732397074886
20260610_175521_48753422,1342,3611512307,2,2,76295.13196347383,76568.55952156293,76758.55952156293,3392.1386767265885
20260610_175521_48753422,1348,46354890,2,2,76358.86247344474,76574.21640976082,76764.21640976082,2568.9732397074886
20260610_175521_48753422,1350,46354890,1,1,76372.87868375346,76589.42317580123,76779.42317580123,2568.9732397074886
20260610_175521_48753422,1352,46354890,1,1,76382.37871103146,76600.29054356168,76790.29054356168,2568.9732397074886
20260610_175521_48753422,1354,46354890,2,2,76397.19166308705,76615.051217069,76805.051217069,2568.9732397074886
20260610_175521_48753422,1344,3611512307,3,3,76362.64485891614,76634.56530313504,76824.56530313504,3392.1386767265885
20260610_175521_48753422,1355,46354890,3,3,76421.68303708186,76639.08661577835,76829.08661577835,2568.9732397074886
20260610_175521_48753422,1351,3611512307,1,1,76380.73451897838,76655.35953814379,76845.35953814379,3392.1386767265885
20260610_175521_48753422,1353,3611512307,2,2,76402.84192098428,76678.03615618941,76868.03615618941,3392.1386767265885
20260610_175521_48753422,1358,46354890,2,2,76481.80264569963,76695.60674257997,76885.60674257997,2568.9732397074886
20260610_175521_48753422,1360,46354890,1,1,76485.71235590192,76702.89089748793,76892.89089748793,2568.9732397074886
20260610_175521_48753422,1356,3611512307,3,3,76474.45366528841,76747.32570289451,76937.32570289451,3392.1386767265885
20260610_175521_48753422,1361,46354890,3,3,76550.74425290825,76762.60256312198,76952.60256312198,2568.9732397074886
20260610_175521_48753422,1359,3611512307,2,2,76499.58696390146,76774.21198306687,76964.21198306687,3392.1386767265885
20260610_175521_48753422,1364,46354890,1,1,76564.03631638967,76777.30790202122,76967.30790202122,2568.9732397074886
20260610_175521_48753422,1366,46354890,1,1,76569.17994197682,76785.25459062235,76975.25459062235,2568.9732397074886
20260610_175521_48753422,1362,3611512307,2,2,76557.6372914142,76830.5093290203,77020.5093290203,3392.1386767265885
20260610_175521_48753422,1367,46354890,2,2,76629.9725331411,76842.7954143932,77032.7954143932,2568.9732397074886
20260610_175521_48753422,1369,46354890,1,1,76666.0899161429,76879.18676984268,77069.18676984268,2568.9732397074886
20260610_175521_48753422,1370,46354890,3,3,76730.18911030285,76942.04742051658,77132.04742051658,2568.9732397074886
20260610_175521_48753422,1365,3611512307,3,3,76680.7568827298,76951.74374255528,77141.74374255528,3392.1386767265885
20260610_175521_48753422,1375,46354890,2,2,76738.9089431787,76953.5478692927,77143.5478692927,2568.9732397074886
20260610_175521_48753422,1376,46354890,2,2,76758.33123128519,76971.70565717808,77161.70565717808,2568.9732397074886
20260610_175521_48753422,1371,3611512307,1,1,76710.2641728844,76982.91409704761,77172.91409704761,3392.1386767265885
20260610_175521_48753422,1377,46354890,1,1,76782.50826291543,76995.88268880833,77185.88268880833,2568.9732397074886
20260610_175521_48753422,1373,3611512307,1,1,76726.75106669842,77001.37608586383,77191.37608586383,3392.1386767265885
20260610_175521_48753422,1380,46354890,3,3,76836.28531181147,77050.08940869181,77240.08940869181,2568.9732397074886
20260610_175521_48753422,1374,3611512307,2,2,76781.1540803322,77054.0261179383,77244.0261179383,3392.1386767265885
20260610_175521_48753422,1385,46354890,1,1,76844.89646494451,77060.51660668675,77250.51660668675,2568.9732397074886
20260610_175521_48753422,1379,3611512307,1,1,76789.13191796097,77065.66912046689,77255.66912046689,3392.1386767265885
20260610_175521_48753422,1381,3611512307,1,1,76796.61256871889,77075.9459019763,77265.9459019763,3392.1386767265885
20260610_175521_48753422,1386,46354890,2,2,76866.54975996462,77080.90540148575,77270.90540148575,2568.9732397074886
20260610_175521_48753422,1382,3611512307,1,1,76817.43678735258,77095.8277512472,77285.8277512472,3392.1386767265885
20260610_175521_48753422,1372,46493064,1,1,76822.86415113255,77137.97648223166,77327.97648223166,4259.280007571585
20260610_175521_48753422,1387,46354890,3,3,76938.36387425291,77151.18675550501,77341.18675550501,2568.9732397074886
20260610_175521_48753422,1389,46354890,1,1,76950.63839766916,77164.9086386753,77354.9086386753,2568.9732397074886
20260610_175521_48753422,1391,46354890,2,2,76954.22701000799,77170.86289716761,77360.86289716761,2568.9732397074886
20260610_175521_48753422,1383,3611512307,3,3,76896.80505573883,77174.84428086634,77364.84428086634,3442.3067489642194
20260610_175521_48753422,1392,46354890,2,2,76959.54949472917,77177.65333502092,77367.65333502092,2568.9732397074886
20260610_175521_48753422,1393,46354890,3,3,76989.04758499525,77203.68446987009,77393.68446987009,2568.9732397074886
20260610_175521_48753422,1394,46354890,1,1,77041.76663973888,77256.56903141417,77446.56903141417,2568.9732397074886
20260610_175521_48753422,1388,3611512307,3,3,77040.34987170616,77311.33673153164,77501.33673153164,3392.1386767265885
20260610_175521_48753422,1398,46354890,2,2,77110.12960656322,77321.03957037129,77511.03957037129,2568.9732397074886
20260610_175521_48753422,1397,3611512307,1,1,77062.96437653531,77336.63780231352,77526.63780231352,3392.1386767265885
20260610_175521_48753422,1402,46354890,2,2,77124.88650420721,77337.1935188004,77527.1935188004,2568.9732397074886
20260610_175521_48753422,1399,3611512307,1,1,77064.35410643325,77342.9973353895,77532.9973353895,3392.1386767265885
20260610_175521_48753422,1395,46493064,1,1,77035.8648377166,77353.79912650712,77543.79912650712,4259.280007571585
20260610_175521_48753422,1400,3611512307,1,1,77095.05120968324,77372.96391401529,77562.96391401529,3392.1386767265885
20260610_175521_48753422,1401,3611512307,3,3,77110.31257362344,77389.05843355553,77579.05843355553,3392.1386767265885
20260610_175521_48753422,1405,46354890,3,3,77185.05824888845,77396.91655910219,77586.91655910219,2568.9732397074886
20260610_175521_48753422,1406,46354890,2,2,77205.33376707831,77418.43062077809,77608.43062077809,2568.9732397074886
20260610_175521_48753422,1407,46354890,1,1,77214.0749923532,77429.97270628855,77619.97270628855,2568.9732397074886
20260610_175521_48753422,1408,46354890,2,2,77260.33190191671,77473.15478316881,77663.15478316881,2568.9732397074886
20260610_175521_48753422,1403,3611512307,3,3,77215.74566554002,77487.66610975891,77677.66610975891,3392.1386767265885
20260610_175521_48753422,1409,3611512307,2,2,77250.82041464446,77523.29637934636,77713.29637934636,3392.1386767265885
20260610_175521_48753422,1396,46493064,3,1,77215.8648377166,77531.18357505366,77721.18357505366,4259.280007571585
20260610_175521_48753422,1411,3611512307,1,1,77319.57074474843,77592.44278235453,77782.44278235453,3392.1386767265885
20260610_175521_48753422,1412,46354890,3,3,77393.61666972794,77603.59410581585,77793.59410581585,2568.9732397074886
20260610_175521_48753422,1414,3611512307,2,2,77343.3188319018,77618.91397961776,77808.91397961776,3392.1386767265885
20260610_175521_48753422,1417,46354890,3,3,77435.61918110456,77646.52914491262,77836.52914491262,2568.9732397074886
20260610_175521_48753422,1415,3611512307,2,2,77381.72837777008,77655.15593585918,77845.15593585918,3392.1386767265885
20260610_175521_48753422,1420,46354890,2,2,77445.8955998398,77659.20126980759,77849.20126980759,2568.9732397074886
20260610_175521_48753422,1416,3611512307,1,1,77412.8366702204,77687.40831632137,77877.40831632137,3392.1386767265885
20260610_175521_48753422,1421,46354890,3,3,77529.47843811025,77741.33674832399,77931.33674832399,2568.9732397074886
20260610_175521_48753422,1419,3611512307,2,2,77471.0400823927,77743.9121199988,77933.9121199988,3392.1386767265885
20260610_175521_48753422,1422,3611512307,1,1,77482.40747170527,77757.03249087068,77947.03249087068,3392.1386767265885
20260610_175521_48753422,1426,46354890,3,3,77548.83823931302,77760.97052197444,77950.97052197444,2568.9732397074886
20260610_175521_48753422,1423,3611512307,1,1,77508.5176257714,77784.68198952709,77974.68198952709,3392.1386767265885
20260610_175521_48753422,1427,46354890,3,3,77583.25116471451,77795.38344737593,77985.38344737593,2568.9732397074886
20260610_175521_48753422,1429,46354890,3,3,77614.16054628504,77827.25739998482,78017.25739998482,2568.9732397074886
20260610_175521_48753422,1430,46354890,2,2,77657.79363632335,77870.61651757544,78060.61651757544,2568.9732397074886
20260610_175521_48753422,1418,46493064,3,1,77575.8648377166,77886.57713141902,78076.57713141902,4259.280007571585
20260610_175521_48753422,1431,46354890,3,3,77747.45888509235,77958.36884890041,78148.36884890041,2568.9732397074886
20260610_175521_48753422,1425,3611512307,2,1,77688.5176257714,77960.4380699903,78150.4380699903,3392.1386767265885
20260610_175521_48753422,1434,46354890,1,1,77752.16427515645,77966.01556494227,78156.01556494227,2568.9732397074886
20260610_175521_48753422,1435,46354890,1,1,77761.77694234102,77976.87150882358,78166.87150882358,2568.9732397074886
20260610_175521_48753422,1437,46354890,2,2,77773.19143686534,77988.0204934183,78178.0204934183,2568.9732397074886
20260610_175521_48753422,1438,46354890,1,1,77780.04189184045,77996.86083984625,78186.86083984625,2568.9732397074886
20260610_175521_48753422,1439,46354890,1,1,77818.93939792518,78034.01576204815,78224.01576204815,2568.9732397074886
20260610_175521_48753422,1428,46493064,3,2,77755.8648377166,78066.57713141902,78256.57713141902,4259.280007571585
20260610_175521_48753422,1440,46354890,2,2,77880.93347781182,78093.75635906392,78283.75635906392,2568.9732397074886
20260610_175521_48753422,1433,3611512307,2,2,77820.83091607795,78094.33038239484,78284.33038239484,3392.1386767265885
20260610_175521_48753422,1443,46354890,2,2,77912.79083037966,78124.92311304108,78314.92311304108,2568.9732397074886
20260610_175521_48753422,1447,46354890,1,1,77934.04564849018,78147.14250218996,78337.14250218996,2568.9732397074886
20260610_175521_48753422,1441,3611512307,2,2,77886.45099167101,78159.3230292771,78349.3230292771,3392.1386767265885
20260610_175521_48753422,1445,3611512307,1,1,77900.32821206035,78174.95323122577,78364.95323122577,3392.1386767265885
20260610_175521_48753422,1436,46493064,3,3,77883.24715745401,78197.99286707476,78387.99286707476,4259.280007571585
20260610_175521_48753422,1448,46354890,3,3,77997.74429425242,78209.60260446616,78399.60260446616,2568.9732397074886
20260610_175521_48753422,1446,3611512307,3,3,77957.90523446148,78232.30292110113,78422.30292110113,3392.1386767265885
20260610_175521_48753422,1450,46354890,2,2,78022.81134603567,78235.90819973545,78425.90819973545,2568.9732397074886
20260610_175521_48753422,1451,46354890,3,3,78076.71084077738,78288.56915099111,78478.56915099111,2568.9732397074886
20260610_175521_48753422,1454,46354890,3,3,78103.27184284711,78316.3686965469,78506.3686965469,2568.9732397074886
20260610_175521_48753422,1449,3611512307,2,2,78081.24313741409,78352.22999723957,78542.22999723957,3392.1386767265885
20260610_175521_48753422,1455,3611512307,1,1,78112.11229992722,78384.76222409043,78574.76222409043,3392.1386767265885
20260610_175521_48753422,1456,46354890,3,3,78179.52809171786,78391.3864019316,78581.3864019316,2568.9732397074886
20260610_175521_48753422,1458,46354890,1,1,78181.71895845942,78396.91798962223,78586.91798962223,2568.9732397074886
20260610_175521_48753422,1459,46354890,2,2,78187.3679368008,78404.39428053173,78594.39428053173,2568.9732397074886
20260610_175521_48753422,1461,46354890,1,1,78208.18962476734,78422.82650964218,78612.82650964218,2568.9732397074886
20260610_175521_48753422,1463,46354890,1,1,78221.27478959727,78436.371394235,78626.371394235,2568.9732397074886
20260610_175521_48753422,1464,46354890,1,1,78222.70527762995,78440.90569076934,78630.90569076934,2568.9732397074886
20260610_175521_48753422,1453,46493064,1,1,78186.46185774643,78497.17415144885,78687.17415144885,4259.280007571585
20260610_175521_48753422,1460,46493064,1,1,78234.80215314373,78546.44803123956,78736.44803123956,4259.280007571585
20260610_175521_48753422,1465,46354890,2,2,78347.2097932503,78557.1872293382,78747.1872293382,2568.9732397074886
20260610_175521_48753422,1457,3611512307,3,2,78292.11229992722,78566.56335963131,78756.56335963131,3392.1386767265885
20260610_175521_48753422,1468,46354890,2,2,78381.31866953176,78592.50260578751,78782.50260578751,2568.9732397074886
20260610_175521_48753422,1469,46354890,2,2,78440.25723194555,78652.11554215928,78842.11554215928,2568.9732397074886
20260610_175521_48753422,1473,46354890,1,1,78452.1603769961,78666.43061800224,78856.43061800224,2568.9732397074886
20260610_175521_48753422,1474,46354890,1,1,78465.58651612376,78680.13432932302,78870.13432932302,2568.9732397074886
20260610_175521_48753422,1467,3611512307,2,2,78418.20326212473,78689.19012195022,78879.19012195022,3392.1386767265885
20260610_175521_48753422,1475,46354890,1,1,78481.47642660404,78696.28804341065,78886.28804341065,2568.9732397074886
20260610_175521_48753422,1466,46493064,3,1,78414.80215314373,78726.98331119474,78916.98331119474,4259.280007571585
20260610_175521_48753422,1477,46354890,1,1,78515.94906868393,78730.005340419,78920.005340419,2568.9732397074886
20260610_175521_48753422,1472,3611512307,1,1,78468.69953240153,78743.12999697065,78933.12999697065,3392.1386767265885
20260610_175521_48753422,1478,46354890,3,3,78583.85524230561,78795.66996658067,78985.66996658067,2568.9732397074886
20260610_175521_48753422,1481,46354890,1,1,78595.0443064719,78809.26653488634,78999.26653488634,2568.9732397074886
20260610_175521_48753422,1483,46354890,1,1,78600.89748054784,78816.11918055442,79006.11918055442,2568.9732397074886
20260610_175521_48753422,1476,3611512307,3,3,78571.33687636425,78842.26378015704,79032.26378015704,3392.1386767265885
20260610_175521_48753422,1484,46354890,2,2,78647.15859329824,78859.91454374073,79049.91454374073,2568.9732397074886
20260610_175521_48753422,1480,3611512307,1,1,78653.34473126328,78925.17656204499,79115.17656204499,3392.1386767265885
20260610_175521_48753422,1485,46354890,2,2,78745.59498590654,78956.40240346224,79146.40240346224,2568.9732397074886
20260610_175521_48753422,1482,46493064,1,1,78654.13123672035,78966.21255635917,79156.21255635917,4259.280007571585
20260610_175521_48753422,1486,3611512307,3,3,78716.86938429676,78991.20675635141,79181.20675635141,3392.1386767265885
20260610_175521_48753422,1490,46354890,3,3,78868.48357624511,79078.31942073446,79268.31942073446,2568.9732397074886
20260610_175521_48753422,1488,3611512307,3,3,78814.47585133035,79086.24065408173,79276.24065408173,3392.1386767265885
20260610_175521_48753422,1494,46354890,1,1,78893.39466881489,79104.43007259528,79294.43007259528,2568.9732397074886
20260610_175521_48753422,1491,3611512307,3,3,78843.79087777153,79116.27893432937,79306.27893432937,3392.1386767265885
20260610_175521_48753422,1487,46493064,2,1,78834.13123672035,79147.07673271176,79337.07673271176,4259.280007571585
20260610_175521_48753422,1495,46354890,3,3,78941.42965646612,79153.119703045,79343.119703045,2568.9732397074886
20260610_175521_48753422,1497,46354890,2,2,78981.65835061407,79193.60493286142,79383.60493286142,2568.9732397074886
20260610_175521_48753422,1499,46354890,2,2,78994.13838513829,79207.22020895226,79397.22020895226,2568.9732397074886
20260610_175521_48753422,1493,3611512307,1,1,78958.93121942076,79230.6476816063,79420.6476816063,3392.1386767265885
20260610_175521_48753422,1500,46354890,3,3,79050.79492497003,79263.40961397674,79453.40961397674,2568.9732397074886
20260610_175521_48753422,1498,3611512307,1,1,78996.70883742174,79268.95929324854,79458.95929324854,3392.1386767265885
20260610_175521_48753422,1503,46354890,2,2,79109.63387424864,79320.31971024425,79510.31971024425,2568.9732397074886
20260610_175521_48753422,1505,46354890,2,2,79118.01453367058,79331.45636902773,79521.45636902773,2568.9732397074886
20260610_175521_48753422,1506,46354890,1,1,79153.8634966766,79366.72393575167,79556.72393575167,2568.9732397074886
20260610_175521_48753422,1508,46354890,1,1,79173.75721123398,79386.6043759925,79576.6043759925,2568.9732397074886
20260610_175521_48753422,1509,46354890,1,1,79177.7445929505,79393.94154216557,79583.94154216557,2568.9732397074886
20260610_175521_48753422,1501,3611512307,2,2,79135.43726248256,79406.15343850818,79596.15343850818,3392.1386767265885
20260610_175521_48753422,1510,46354890,3,3,79225.26715948863,79438.79825859482,79628.79825859482,2568.9732397074886
20260610_175521_48753422,1504,46336597,1,1,79226.29838918868,79460.49776116383,79650.49776116383,3027.4039908375626
20260610_175521_48753422,1502,46493064,3,1,79194.13123672035,79504.47039720266,79694.47039720266,4259.280007571585
20260610_175521_48753422,1512,46354890,2,2,79319.32813517992,79530.8933555431,79720.8933555431,2568.9732397074886
20260610_175521_48753422,1507,3611512307,3,2,79315.43726248256,79587.01542767115,79777.01542767115,3392.1386767265885
20260610_175521_48753422,1514,3611512307,1,1,79325.07220137092,79599.90675598431,79789.90675598431,3392.1386767265885
20260610_175521_48753422,1516,3611512307,1,1,79364.61389210392,79637.67195794155,79827.67195794155,3392.1386767265885
20260610_175521_48753422,1515,46354890,2,2,79429.39101523,79639.97224038628,79829.97224038628,2568.9732397074886
20260610_175521_48753422,1520,46354890,3,3,79531.18932154574,79741.73352270813,79931.73352270813,2568.9732397074886
20260610_175521_48753422,1517,3611512307,3,3,79517.61102046858,79788.17234146224,79978.17234146224,3392.1386767265885
20260610_175521_48753422,1518,46493064,1,1,79496.4167541426,79809.12015527821,79999.12015527821,4259.280007571585
20260610_175521_48753422,1519,46336597,3,1,79586.29838918868,79817.22872532891,80007.22872532891,3027.4039908375626
20260610_175521_48753422,1523,46354890,3,3,79629.87355148017,79841.60826293592,80031.60826293592,2568.9732397074886
20260610_175521_48753422,1525,46354890,2,2,79659.6803021919,79871.39911945733,80061.39911945733,2568.9732397074886
20260610_175521_48753422,1522,3611512307,2,2,79639.40287236258,79909.928672177,80099.928672177,3392.1386767265885
20260610_175521_48753422,1527,46354890,1,1,79708.89272221527,79921.29247133553,80111.29247133553,2568.9732397074886
20260610_175521_48753422,1529,46354890,2,2,79743.28529923368,79954.99223703318,80144.99223703318,2568.9732397074886
20260610_175521_48753422,1521,46493064,3,2,79676.4167541426,79987.48470509042,80177.48470509042,4259.280007571585
20260610_175521_48753422,1524,46336597,2,1,79766.29838918868,79998.14711612574,80188.14711612574,3027.4039908375626
20260610_175521_48753422,1531,46354890,3,3,79819.82116882784,80032.48847162756,80222.48847162756,2568.9732397074886
20260610_175521_48753422,1528,46493064,1,1,79733.48863372844,80044.5473676618,80234.5473676618,4259.280007571585
20260610_175521_48753422,1534,46354890,2,2,79837.44491264029,80050.28624508675,80240.28624508675,2568.9732397074886
20260610_175521_48753422,1526,3611512307,2,2,79806.86297632773,80079.80582449734,80269.80582449734,3392.1386767265885
20260610_175521_48753422,1535,46354890,2,2,79924.39050020334,80135.8238150965,80325.8238150965,2568.9732397074886
20260610_175521_48753422,1532,46336597,3,1,79946.29838918868,80177.2028701965,80367.2028701965,3027.4039908375626
20260610_175521_48753422,1533,3611512307,2,2,79906.36252719913,80177.8038089355,80367.8038089355,3392.1386767265885
20260610_175521_48753422,1538,46354890,2,2,79990.68054698494,80202.38748478443,80392.38748478443,2568.9732397074886
20260610_175521_48753422,1540,46354890,2,2,80091.87763298531,80302.36670194924,80492.36670194924,2568.9732397074886
20260610_175521_48753422,1542,46354890,1,1,80094.04666444982,80307.84367616744,80497.84367616744,2568.9732397074886
20260610_175521_48753422,1544,46354890,1,1,80108.61859610319,80320.95412499348,80510.95412499348,2568.9732397074886
20260610_175521_48753422,1536,3611512307,3,3,80076.52027529679,80347.03197785842,80537.03197785842,3392.1386767265885
20260610_175521_48753422,1546,46354890,1,1,80150.37447191047,80363.04177471019,80553.04177471019,2568.9732397074886
20260610_175521_48753422,1541,3611512307,2,2,80108.07697988395,80380.24561803673,80570.24561803673,3392.1386767265885
20260610_175521_48753422,1537,46493064,3,1,80093.48863372844,80407.06568598349,80597.06568598349,4259.280007571585
20260610_175521_48753422,1548,46354890,2,2,80279.86500717276,80489.42554683445,80679.42554683445,2568.9732397074886
20260610_175521_48753422,1545,3611512307,3,3,80238.40217258874,80508.91387515038,80698.91387515038,3392.1386767265885
20260610_175521_48753422,1554,46354890,2,2,80302.76190884701,80513.52460071727,80703.52460071727,2568.9732397074886
20260610_175521_48753422,1549,3611512307,2,2,80250.1039650106,80523.29366910536,80713.29366910536,3392.1386767265885
20260610_175521_48753422,1550,3611512307,1,1,80264.07410218925,80540.01343523846,80730.01343523846,3392.1386767265885
20260610_175521_48753422,1551,3611512307,1,1,80279.32506326969,80556.22996917843,80746.22996917843,3392.1386767265885
20260610_175521_48753422,1553,3611512307,1,1,80280.99184314492,80561.84381946661,80751.84381946661,3392.1386767265885
20260610_175521_48753422,1556,46354890,2,2,80390.88690807331,80601.37597703724,80791.37597703724,2568.9732397074886
20260610_175521_48753422,1559,46354890,2,2,80394.8195336959,80608.61654541352,80798.61654541352,2568.9732397074886
20260610_175521_48753422,1555,3611512307,3,3,80336.0587223823,80610.39820462908,80800.39820462908,3392.1386767265885
20260610_175521_48753422,1560,46354890,3,3,80438.2391206417,80649.94605844119,80839.94605844119,2568.9732397074886
20260610_175521_48753422,1561,46354890,2,2,80497.29286759181,80709.6865474852,80899.6865474852,2568.9732397074886
20260610_175521_48753422,1564,46354890,2,2,80533.03573587716,80744.74267367665,80934.74267367665,2568.9732397074886
20260610_175521_48753422,1558,3611512307,3,3,80502.48603654692,80772.99773910856,80962.99773910856,3392.1386767265885
20260610_175521_48753422,1565,3611512307,1,1,80532.98197676535,80805.15061491814,80995.15061491814,3392.1386767265885
20260610_175521_48753422,1567,46354890,3,3,80646.38864246254,80855.94918212423,81045.94918212423,2568.9732397074886
20260610_175521_48753422,1569,46354890,2,2,80666.01144028464,80876.7741321549,81066.7741321549,2568.9732397074886
20260610_175521_48753422,1562,46493064,1,1,80572.51066010397,80883.56507998379,81073.56507998379,4259.280007571585
20260610_175521_48753422,1570,46354890,1,1,80698.439576589,80910.14651438849,81100.14651438849,2568.9732397074886
20260610_175521_48753422,1566,3611512307,3,3,80670.87988751716,80942.32116925353,81132.32116925353,3392.1386767265885
20260610_175521_48753422,1573,46354890,2,2,80787.70077121479,80998.18984017872,81188.18984017872,2568.9732397074886
20260610_175521_48753422,1575,46354890,1,1,80795.1073892815,81008.52444750082,81198.52444750082,2568.9732397074886
20260610_175521_48753422,1576,46354890,1,1,80798.99481141703,81014.20674957892,81204.20674957892,2568.9732397074886
20260610_175521_48753422,1577,46354890,3,3,80877.52364032133,81089.91732021472,81279.91732021472,2568.9732397074886
20260610_175521_48753422,1572,3611512307,3,3,80828.19707405879,81098.70877662042,81288.70877662042,3392.1386767265885
20260610_175521_48753422,1578,3611512307,1,1,80830.03601633546,81105.42898595227,81295.42898595227,3392.1386767265885
20260610_175521_48753422,1582,46354890,1,1,80908.02036409747,81120.68766689718,81310.68766689718,2568.9732397074886
20260610_175521_48753422,1583,46354890,2,2,80923.47364017928,81135.35460762552,81325.35460762552,2568.9732397074886
20260610_175521_48753422,1574,46493064,1,1,80843.56764860226,81155.569540328,81345.569540328,4259.280007571585
20260610_175521_48753422,1579,3611512307,2,2,80915.44715945303,81189.35589376089,81379.35589376089,3392.1386767265885
20260610_175521_48753422,1585,46354890,2,2,80981.98980515826,81194.38348505164,81384.38348505164,2568.9732397074886
20260610_175521_48753422,1586,46354890,1,1,81000.82615459623,81213.49345739595,81403.49345739595,2568.9732397074886
20260610_175521_48753422,1587,46354890,3,3,81112.80053896752,81323.28960793145,81513.28960793145,2568.9732397074886
20260610_175521_48753422,1584,3611512307,3,3,81059.48568741357,81329.99738997521,81519.99738997521,3392.1386767265885
20260610_175521_48753422,1590,3611512307,1,1,81105.29085109678,81376.73213283315,81566.73213283315,3392.1386767265885
20260610_175521_48753422,1591,3611512307,2,2,81140.62440149405,81413.56724966365,81603.56724966365,3392.1386767265885
20260610_175521_48753422,1592,46354890,3,3,81236.20053931754,81445.76107897922,81635.76107897922,2568.9732397074886
20260610_175521_48753422,1593,3611512307,1,1,81187.38749558499,81459.77624916728,81649.77624916728,3392.1386767265885
20260610_175521_48753422,1594,3611512307,2,2,81220.53722437548,81493.65333437419,81683.65333437419,3392.1386767265885
20260610_175521_48753422,1598,46354890,2,2,81309.2239460463,81519.71301501023,81709.71301501023,2568.9732397074886
20260610_175521_48753422,1599,46354890,3,3,81367.9139028574,81578.40297182133,81768.40297182133,2568.9732397074886
20260610_175521_48753422,1597,3611512307,2,2,81358.99278134812,81629.50448390975,81819.50448390975,3392.1386767265885
20260610_175521_48753422,1601,46354890,2,2,81449.79452634286,81660.28359530678,81850.28359530678,2568.9732397074886
20260610_175521_48753422,1604,46354890,3,3,81589.48721223361,81799.0477518953,81989.0477518953,2568.9732397074886
20260610_175521_48753422,1600,3611512307,3,1,81538.99278134812,81809.50448390975,81999.50448390975,3392.1386767265885
20260610_175521_48753422,1609,46354890,2,2,81602.7966803341,81813.7334018511,82003.7334018511,2568.9732397074886
20260610_175521_48753422,1606,46493064,1,1,81576.64600529204,81887.70042517186,82077.70042517186,4259.280007571585
20260610_175521_48753422,1610,46354890,3,3,81759.90761480309,81969.46815446478,82159.46815446478,2568.9732397074886
20260610_175521_48753422,1605,3611512307,2,2,81709.90488045175,81981.34616218811,82171.34616218811,3392.1386767265885
20260610_175521_48753422,1614,46354890,3,3,81886.12833904485,82095.68887870654,82285.68887870654,2568.9732397074886
20260610_175521_48753422,1611,3611512307,2,1,81889.90488045175,82160.41658301339,82350.41658301339,3392.1386767265885
20260610_175521_48753422,1615,46354890,3,3,81973.52362936495,82184.01269832888,82374.01269832888,2568.9732397074886
20260610_175521_48753422,1616,3611512307,2,2,81983.22119450106,82254.66247623743,82444.66247623743,3392.1386767265885
20260610_175521_48753422,1619,46354890,3,3,82110.85775093055,82320.40691385641,82510.40691385641,2568.9732397074886
20260610_175521_48753422,1622,46354890,3,3,82155.04243927791,82365.5186559308,82555.5186559308,2568.9732397074886
20260610_175521_48753422,1624,46354890,1,1,82166.85056676103,82379.700300215,82569.700300215,2568.9732397074886
20260610_175521_48753422,1620,3611512307,2,1,82163.22119450106,82433.69227350177,82623.69227350177,3392.1386767265885
20260610_175521_48753422,1625,3611512307,2,2,82210.83226236845,82482.2128228614,82672.2128228614,3392.1386767265885
20260610_175521_48753422,1626,46354890,3,2,82346.85056676103,82556.33060402548,82746.33060402548,2568.9732397074886
20260610_175521_48753422,1627,3611512307,3,2,82390.83226236845,82661.2206129614,82851.2206129614,3392.1386767265885
20260610_175521_48753422,1630,46354890,3,3,82484.76323024352,82694.20307783778,82884.20307783778,2568.9732397074886
20260610_175521_48753422,1629,46493064,1,1,82414.91948717831,82725.80667662376,82915.80667662376,4259.280007571585
20260610_175521_48753422,1631,3611512307,2,2,82478.85237804786,82752.66218563735,82942.66218563735,3392.1386767265885
20260610_175521_48753422,1635,46354890,2,1,82664.76323024352,82874.14756208498,83064.14756208498,2568.9732397074886
20260610_175521_48753422,1632,46493064,2,1,82594.91948717831,82904.80028075451,83094.80028075451,4259.280007571585
20260610_175521_48753422,1634,3611512307,2,1,82658.85237804786,82931.65183576263,83121.65183576263,3392.1386767265885
20260610_175521_48753422,1636,46493064,1,1,82694.10569217204,83004.8753639896,83194.8753639896,4259.280007571585
20260610_175521_48753422,1638,3611512307,3,3,82813.15188022601,83084.31960848783,83274.31960848783,3392.1386767265885
20260610_175521_48753422,1643,46354890,2,2,82919.96889658294,83129.27752214579,83319.27752214579,2568.9732397074886
20260610_175521_48753422,1645,46354890,1,1,82950.0794822496,83160.57377737518,83350.57377737518,2568.9732397074886
20260610_175521_48753422,1641,3611512307,3,1,82993.15188022601,83263.32928428793,83453.32928428793,3392.1386767265885
20260610_175521_48753422,1646,46354890,2,2,83075.26270756935,83284.51914738413,83474.51914738413,2568.9732397074886
20260610_175521_48753422,1650,46354890,1,1,83184.13750591467,83394.28379777401,83584.28379777401,2568.9732397074886
20260610_175521_48753422,1647,3611512307,3,1,83173.15188022601,83443.26607243097,83633.26607243097,3392.1386767265885
20260610_175521_48753422,1652,46354890,1,1,83244.38740593195,83454.5150577701,83644.5150577701,2568.9732397074886
20260610_175521_48753422,1655,46354890,2,2,83374.78450216529,83583.97362945163,83773.97362945163,2568.9732397074886
20260610_175521_48753422,1658,46354890,1,1,83396.63850851121,83607.02591938051,83797.02591938051,2568.9732397074886
20260610_175521_48753422,1659,46354890,3,3,83480.10640776277,83691.16110691115,83881.16110691115,2568.9732397074886
20260610_175521_48753422,1661,46354890,1,1,83579.52992588564,83789.6440260837,83979.6440260837,2568.9732397074886
20260610_175521_48753422,1656,3611512307,2,1,83533.15188022601,83803.23995316029,83993.23995316029,3392.1386767265885
20260610_175521_48753422,1662,3611512307,1,1,83575.32510937663,83846.89202227206,84036.89202227206,3392.1386767265885
20260610_175521_48753422,1660,46493064,2,1,83594.10569217204,83904.63302890399,84094.63302890399,4259.280007571585
20260610_175521_48753422,1665,46354890,3,3,83755.26418567856,83964.4533129649,84154.4533129649,2568.9732397074886
20260610_175521_48753422,1668,46354890,1,1,83758.00714249979,83970.47389407753,84160.47389407753,2568.9732397074886
20260610_175521_48753422,1670,46354890,1,1,83768.07962257045,83981.38788196725,84171.38788196725,2568.9732397074886
20260610_175521_48753422,1664,3611512307,3,1,83755.32510937663,84025.4131823109,84215.4131823109,3392.1386767265885
20260610_175521_48753422,1666,46493064,3,1,83774.10569217204,84084.63302890399,84274.63302890399,4259.280007571585
20260610_175521_48753422,1671,46354890,2,1,83948.07962257045,84157.2687498568,84347.2687498568,2568.9732397074886
20260610_175521_48753422,1669,3611512307,2,1,83935.32510937663,84205.4131823109,84395.4131823109,3392.1386767265885
20260610_175521_48753422,1672,46493064,3,1,83954.10569217204,84264.63302890399,84454.63302890399,4259.280007571585
20260610_175521_48753422,1675,46354890,3,2,84128.07962257045,84337.2687498568,84527.2687498568,2568.9732397074886
20260610_175521_48753422,1679,46354890,1,1,84138.95464828878,84350.50574253625,84540.50574253625,2568.9732397074886
20260610_175521_48753422,1681,46354890,3,3,84181.55585418746,84392.88386400709,84582.88386400709,2568.9732397074886
20260610_175521_48753422,1682,46354890,1,1,84192.9938729533,84406.44219048112,84596.44219048112,2568.9732397074886
20260610_175521_48753422,1683,46354890,1,1,84311.97908799126,84521.1682152776,84711.1682152776,2568.9732397074886
20260610_175521_48753422,1686,46354890,2,2,84408.18829397656,84618.30239417462,84808.30239417462,2568.9732397074886
20260610_175521_48753422,1685,3611512307,3,3,84437.61522982559,84707.70330275987,84897.70330275987,3392.1386767265885
20260610_175521_48753422,1688,46354890,1,1,84553.75309044536,84762.9422177317,84952.9422177317,2568.9732397074886
20260610_175521_48753422,1687,46493064,2,1,84494.10569217204,84804.63302890399,84994.63302890399,4259.280007571585
20260610_175521_48753422,1692,46354890,3,3,84671.79024545001,84880.97937273636,85070.97937273636,2568.9732397074886
20260610_175521_48753422,1689,3611512307,2,1,84617.61522982559,84888.62931950747,85078.62931950747,3392.1386767265885
20260610_175521_48753422,1695,46354890,2,2,84713.61339073483,84924.00080160412,85114.00080160412,2568.9732397074886
20260610_175521_48753422,1697,46354890,2,2,84777.97898170697,84989.03368085535,85179.03368085535,2568.9732397074886
20260610_175521_48753422,1693,3611512307,2,1,84797.61522982559,85067.70330275987,85257.70330275987,3392.1386767265885
20260610_175521_48753422,1698,46354890,2,2,84896.80520153794,85105.99432882428,85295.99432882428,2568.9732397074886
20260610_175521_48753422,1696,46493064,3,1,84854.10569217204,85164.63302890399,85354.63302890399,4259.280007571585
20260610_175521_48753422,1702,46354890,2,2,85007.62441132346,85216.8135386098,85406.8135386098,2568.9732397074886
20260610_175521_48753422,1703,3611512307,1,1,85063.07877967604,85333.16685261032,85523.16685261032,3392.1386767265885
20260610_175521_48753422,1705,46354890,3,3,85181.6450755665,85390.83420285284,85580.83420285284,2568.9732397074886
20260610_175521_48753422,1709,46354890,1,1,85216.43370728989,85426.82111815919,85616.82111815919,2568.9732397074886
20260610_175521_48753422,1711,46354890,2,2,85284.04545591855,85495.10015506693,85685.10015506693,2568.9732397074886
20260610_175521_48753422,1712,3611512307,1,1,85268.23714558012,85538.3252185144,85728.3252185144,3392.1386767265885
20260610_175521_48753422,1714,46354890,1,1,85361.48832139838,85571.60242159644,85761.60242159644,2568.9732397074886
20260610_175521_48753422,1713,3611512307,2,2,85343.16015590698,85614.17424558886,85804.17424558886,3392.1386767265885
20260610_175521_48753422,1715,3611512307,1,1,85347.30901465823,85621.94476996365,85811.94476996365,3392.1386767265885
20260610_175521_48753422,1717,3611512307,2,2,85393.09849949229,85665.60921855821,85855.60921855821,3392.1386767265885
20260610_175521_48753422,1718,46354890,2,2,85488.2315425651,85697.42066985145,85887.42066985145,2568.9732397074886
20260610_175521_48753422,1721,46354890,1,1,85498.46021375222,85710.01130799968,85900.01130799968,2568.9732397074886
20260610_175521_48753422,1722,46354890,3,3,85583.6678867666,85794.72258591499,85984.72258591499,2568.9732397074886
20260610_175521_48753422,1726,46354890,3,3,85727.07113801243,85936.26026529877,86126.26026529877,2568.9732397074886
20260610_175521_48753422,1729,3611512307,1,1,85790.27894644043,86060.36701937471,86250.36701937471,3392.1386767265885
20260610_175521_48753422,1728,46354890,2,1,85907.07113801243,86116.26026529877,86306.26026529877,2568.9732397074886
