run_id,visitor_id,mode,start_node_name,start_node,depart_time,arrival_time,completed,final_state
20260610_175521_48753422,1,shuttle,Bus_start,46477307,66292.61400415689,66930.16408113205,True,scanned
20260610_175521_48753422,2,car,Node4,46493064,66297.9793078577,67010.33170827728,True,scanned
20260610_175521_48753422,3,car,Node1,46354890,66299.03013031813,66798.78842471927,True,scanned
20260610_175521_48753422,4,car,Node1,46354890,66318.93051893648,66847.41260566392,True,scanned
20260610_175521_48753422,5,shuttle,Bus_start,46477307,66319.30534593458,66913.6312624033,True,scanned
20260610_175521_48753422,6,car,Node5,3611512307,66324.65020758477,66885.56528709382,True,scanned
20260610_175521_48753422,7,shuttle,Bus_start,46477307,66339.00448843658,66932.16408113205,True,scanned
20260610_175521_48753422,8,shuttle,Bus_start,46477307,66339.07548853049,66915.6312624033,True,scanned
20260610_175521_48753422,9,car,Node1,46354890,66343.98203418725,66847.41260566392,True,scanned
20260610_175521_48753422,10,car,Node1,46354890,66346.71152301542,66847.41260566392,True,scanned
20260610_175521_48753422,11,shuttle,Bus_start,46477307,66347.75470382227,66934.16408113205,True,scanned
20260610_175521_48753422,12,shuttle,Bus_start,46477307,66348.80475572684,66917.6312624033,True,scanned
20260610_175521_48753422,13,shuttle,Bus_start,46477307,66352.73410821483,66936.16408113205,True,scanned
20260610_175521_48753422,14,car,Node5,3611512307,66355.22747493966,66988.98352074828,True,scanned
20260610_175521_48753422,15,shuttle,Bus_start,46477307,66373.97242320035,66919.6312624033,True,scanned
20260610_175521_48753422,16,shuttle,Bus_start,46477307,66375.86281968342,66938.16408113205,True,scanned
20260610_175521_48753422,17,car,Node1,46354890,66383.29022349432,66889.23769933004,True,scanned
20260610_175521_48753422,18,shuttle,Bus_start,46477307,66386.93862702632,67422.12409748805,True,scanned
20260610_175521_48753422,19,car,Node1,46354890,66387.30288459701,66889.23769933004,True,scanned
20260610_175521_48753422,20,shuttle,Bus_start,46477307,66388.89282323502,67424.12409748805,True,scanned
20260610_175521_48753422,21,car,Node2,46336597,66393.79000162164,66943.17852685068,True,scanned
20260610_175521_48753422,22,car,Node5,3611512307,66395.28709545947,66988.98352074828,True,scanned
20260610_175521_48753422,23,car,Node1,46354890,66401.91607671625,66905.00279070766,True,scanned
20260610_175521_48753422,24,car,Node4,46493064,66403.21694046879,67010.33170827728,True,scanned
20260610_175521_48753422,25,car,Node5,3611512307,66428.06844123923,66988.98352074828,True,scanned
20260610_175521_48753422,26,shuttle,Bus_start,46477307,66429.05616168653,67426.12409748805,True,scanned
20260610_175521_48753422,27,car,Node5,3611512307,66436.05974955713,67045.53673226843,True,scanned
20260610_175521_48753422,28,car,Node1,46354890,66437.4132357819,66951.50456073385,True,scanned
20260610_175521_48753422,29,car,Node1,46354890,66446.4155161548,66951.50456073385,True,scanned
20260610_175521_48753422,30,car,Node1,46354890,66446.93829869591,66955.62887986045,True,scanned
20260610_175521_48753422,31,car,Node1,46354890,66449.92193633414,66966.06090064513,True,scanned
20260610_175521_48753422,32,shuttle,Bus_start,46477307,66451.86568135039,67428.12409748805,True,scanned
20260610_175521_48753422,33,car,Node1,46354890,66452.84430070095,66966.06090064513,True,scanned
20260610_175521_48753422,34,car,Node1,46354890,66457.85158630845,66966.06090064513,True,scanned
20260610_175521_48753422,35,car,Node4,46493064,66460.50987894312,67069.13328969541,True,scanned
20260610_175521_48753422,36,car,Node1,46354890,66461.22156151541,66996.73150382676,True,scanned
20260610_175521_48753422,37,shuttle,Bus_start,46477307,66473.2534477508,67430.12409748805,True,scanned
20260610_175521_48753422,38,shuttle,Bus_start,46477307,66479.31462343031,67435.12409748805,True,scanned
20260610_175521_48753422,39,car,Node5,3611512307,66479.78474266827,67045.53673226843,True,scanned
20260610_175521_48753422,40,car,Node1,46354890,66480.90682659028,66996.73150382676,True,scanned
20260610_175521_48753422,41,car,Node5,3611512307,66482.15645648303,67045.53673226843,True,scanned
20260610_175521_48753422,42,car,Node5,3611512307,66488.38651137296,67055.48002162122,True,scanned
20260610_175521_48753422,43,car,Node1,46354890,66490.51339408956,66996.73150382676,True,scanned
20260610_175521_48753422,44,car,Node1,46354890,66494.26924686383,67024.1039511779,True,scanned
20260610_175521_48753422,45,shuttle,Bus_start,46477307,66494.51330705623,67436.8228412011,True,scanned
20260610_175521_48753422,46,car,Node2,46336597,66495.141771748,67125.45896185424,True,scanned
20260610_175521_48753422,47,shuttle,Bus_start,46477307,66503.62197989103,67436.8228412011,True,scanned
20260610_175521_48753422,48,shuttle,Bus_start,46477307,66505.31882924002,67438.12409748805,True,scanned
20260610_175521_48753422,49,car,Node5,3611512307,66506.81170116442,67094.9839082722,True,scanned
20260610_175521_48753422,50,shuttle,Bus_start,46477307,66508.47875267117,67441.12409748805,True,scanned
20260610_175521_48753422,51,shuttle,Bus_start,46477307,66515.12561221217,67443.12409748805,True,scanned
20260610_175521_48753422,52,car,Node1,46354890,66519.19181457532,67024.1039511779,True,scanned
20260610_175521_48753422,53,car,Node1,46354890,66521.50721405765,67035.01625175234,True,scanned
20260610_175521_48753422,54,shuttle,Bus_start,46477307,66522.01929448471,67448.12409748805,True,scanned
20260610_175521_48753422,55,car,Node5,3611512307,66523.20417200893,67094.9839082722,True,scanned
20260610_175521_48753422,56,car,Node1,46354890,66526.15269260966,67035.01625175234,True,scanned
20260610_175521_48753422,57,car,Node1,46354890,66527.05624490484,67035.01625175234,True,scanned
20260610_175521_48753422,58,car,Node5,3611512307,66528.01947681623,67094.9839082722,True,scanned
20260610_175521_48753422,59,car,Node5,3611512307,66530.16654425648,67101.6273036701,True,scanned
20260610_175521_48753422,60,car,Node5,3611512307,66531.21048870587,67125.42967383079,True,scanned
20260610_175521_48753422,61,car,Node4,46493064,66547.47044118027,67165.36819924774,True,scanned
20260610_175521_48753422,62,shuttle,Bus_start,46477307,66550.83240958751,67451.12409748805,True,scanned
20260610_175521_48753422,63,shuttle,Bus_start,46477307,66552.20245877364,67451.6086365482,True,scanned
20260610_175521_48753422,64,car,Node5,3611512307,66556.61064798158,67125.42967383079,True,scanned
20260610_175521_48753422,65,shuttle,Bus_start,46477307,66559.08378295299,67503.12409748805,True,scanned
20260610_175521_48753422,66,car,Node4,46493064,66559.9929240219,67165.36819924774,True,scanned
20260610_175521_48753422,67,car,Node1,46354890,66564.77190628927,67071.93415759498,True,scanned
20260610_175521_48753422,68,shuttle,Bus_start,46477307,66566.56851084609,67452.12409748805,True,scanned
20260610_175521_48753422,69,car,Node1,46354890,66567.0220209924,67071.93415759498,True,scanned
20260610_175521_48753422,70,car,Node1,46354890,66569.36289893223,67085.92011770746,True,scanned
20260610_175521_48753422,71,car,Node4,46493064,66571.4360411068,67351.26509388277,True,scanned
20260610_175521_48753422,72,shuttle,Bus_start,46477307,66572.10018923537,67508.12409748805,True,scanned
20260610_175521_48753422,73,shuttle,Bus_start,46477307,66577.11078804066,67461.12409748805,True,scanned
20260610_175521_48753422,74,car,Node5,3611512307,66577.97560935389,67205.37872386884,True,scanned
20260610_175521_48753422,75,car,Node1,46354890,66581.84111124111,67085.92011770746,True,scanned
20260610_175521_48753422,76,car,Node1,46354890,66582.32819830009,67096.74153019438,True,scanned
20260610_175521_48753422,77,shuttle,Bus_start,46477307,66589.35253754849,67514.8228412011,True,scanned
20260610_175521_48753422,78,car,Node1,46354890,66589.98778681355,67096.74153019438,True,scanned
20260610_175521_48753422,79,car,Node1,46354890,66592.48515722176,67140.84613606383,True,scanned
20260610_175521_48753422,80,shuttle,Bus_start,46477307,66595.1906961685,67462.8228412011,True,scanned
20260610_175521_48753422,81,car,Node1,46354890,66601.04708423375,67140.84613606383,True,scanned
20260610_175521_48753422,82,car,Node5,3611512307,66624.27099426661,67205.37872386884,True,scanned
20260610_175521_48753422,83,car,Node1,46354890,66634.72997311468,67140.84613606383,True,scanned
20260610_175521_48753422,84,car,Node1,46354890,66636.19376282702,67152.5873852284,True,scanned
20260610_175521_48753422,85,shuttle,Bus_start,46477307,66637.34354878204,67517.12409748805,True,scanned
20260610_175521_48753422,86,shuttle,Bus_start,46477307,66637.36269938495,67462.8228412011,True,scanned
20260610_175521_48753422,87,shuttle,Bus_start,46477307,66641.42806905316,67521.12409748805,True,scanned
20260610_175521_48753422,88,car,Node5,3611512307,66641.99844808344,67205.37872386884,True,scanned
20260610_175521_48753422,89,shuttle,Bus_start,46477307,66642.41240492898,67464.12409748805,True,scanned
20260610_175521_48753422,90,car,Node1,46354890,66646.21019812072,67152.5873852284,True,scanned
20260610_175521_48753422,91,car,Node5,3611512307,66646.27085009172,67212.7913662989,True,scanned
20260610_175521_48753422,92,shuttle,Bus_start,46477307,66646.74023994607,67526.12409748805,True,scanned
20260610_175521_48753422,93,shuttle,Bus_start,46477307,66648.22510493505,67464.6086365482,True,scanned
20260610_175521_48753422,94,car,Node1,46354890,66649.87890715126,67158.69252098781,True,scanned
20260610_175521_48753422,95,car,Node1,46354890,66651.98787509234,67163.91333744794,True,scanned
20260610_175521_48753422,96,car,Node1,46354890,66653.77569582377,67187.65744838305,True,scanned
20260610_175521_48753422,97,shuttle,Bus_start,46477307,66654.48267909803,67527.8228412011,True,scanned
20260610_175521_48753422,98,shuttle,Bus_start,46477307,66655.62403710771,67465.12409748805,True,scanned
20260610_175521_48753422,99,car,Node5,3611512307,66662.7213417163,67251.65675200107,True,scanned
20260610_175521_48753422,100,shuttle,Bus_start,46477307,66665.05794811089,67527.8228412011,True,scanned
20260610_175521_48753422,101,shuttle,Bus_start,46477307,66668.99029949834,67467.12409748805,True,scanned
20260610_175521_48753422,102,shuttle,Bus_start,46477307,66670.2907149394,67529.12409748805,True,scanned
20260610_175521_48753422,103,shuttle,Bus_start,46477307,66671.98346620005,67477.6086365482,True,scanned
20260610_175521_48753422,104,shuttle,Bus_start,46477307,66678.51392164151,67529.6086365482,True,scanned
20260610_175521_48753422,105,car,Node1,46354890,66679.04676762021,67187.65744838305,True,scanned
20260610_175521_48753422,106,shuttle,Bus_start,46477307,66680.38763050926,67478.12409748805,True,scanned
20260610_175521_48753422,107,car,Node5,3611512307,66686.72246448099,67251.65675200107,True,scanned
20260610_175521_48753422,108,car,Node1,46354890,66689.42294230386,67199.22019398159,True,scanned
20260610_175521_48753422,109,shuttle,Bus_start,46477307,66692.7734910737,67530.12409748805,True,scanned
20260610_175521_48753422,110,car,Node5,3611512307,66693.92942950525,67261.45036921492,True,scanned
20260610_175521_48753422,111,shuttle,Bus_start,46477307,66695.44522774835,67480.12409748805,True,scanned
20260610_175521_48753422,112,shuttle,Bus_start,46477307,66696.48876976386,67532.12409748805,True,scanned
20260610_175521_48753422,113,shuttle,Bus_start,46477307,66701.34460354525,67482.12409748805,True,scanned
20260610_175521_48753422,114,car,Node1,46354890,66705.263376196,67216.5885499246,True,scanned
20260610_175521_48753422,115,car,Node1,46354890,66709.32463949754,67216.5885499246,True,scanned
20260610_175521_48753422,116,car,Node5,3611512307,66710.5050350972,67285.95390787027,True,scanned
20260610_175521_48753422,117,shuttle,Bus_start,46477307,66713.24910475781,67539.12409748805,True,scanned
20260610_175521_48753422,118,car,Node5,3611512307,66714.07225398913,67285.95390787027,True,scanned
20260610_175521_48753422,119,car,Node5,3611512307,66718.6362064779,67285.95390787027,True,scanned
20260610_175521_48753422,120,car,Node5,3611512307,66721.71710848952,67306.88960611979,True,scanned
20260610_175521_48753422,121,car,Node1,46354890,66722.72869996293,67238.82313514846,True,scanned
20260610_175521_48753422,122,shuttle,Bus_start,46477307,66723.94767225294,67487.12409748805,True,scanned
20260610_175521_48753422,123,car,Node1,46354890,66730.49462321264,67238.82313514846,True,scanned
20260610_175521_48753422,124,car,Node1,46354890,66731.85867157213,67245.47015499856,True,scanned
20260610_175521_48753422,125,car,Node1,46354890,66731.94104203972,67245.47015499856,True,scanned
20260610_175521_48753422,126,car,Node1,46354890,66733.9243148833,67245.47015499856,True,scanned
20260610_175521_48753422,127,car,Node5,3611512307,66738.72901543435,67306.88960611979,True,scanned
20260610_175521_48753422,128,car,Node1,46354890,66740.03922346524,67258.08779859086,True,scanned
20260610_175521_48753422,129,car,Node5,3611512307,66742.53408521814,67326.03817658513,True,scanned
20260610_175521_48753422,130,shuttle,Bus_start,46477307,66743.17355357991,67540.8228412011,True,scanned
20260610_175521_48753422,131,car,Node1,46354890,66745.18604929982,67258.08779859086,True,scanned
20260610_175521_48753422,132,car,Node2,46336597,66746.3779937144,67284.46492657323,True,scanned
20260610_175521_48753422,133,car,Node1,46354890,66747.02671199625,67258.08779859086,True,scanned
20260610_175521_48753422,134,car,Node1,46354890,66748.75831210667,67263.93539447294,True,scanned
20260610_175521_48753422,135,car,Node5,3611512307,66750.4734374381,67326.03817658513,True,scanned
20260610_175521_48753422,136,car,Node1,46354890,66752.31898168291,67263.93539447294,True,scanned
20260610_175521_48753422,137,car,Node1,46354890,66755.45404602277,67270.44485614465,True,scanned
20260610_175521_48753422,138,car,Node1,46354890,66755.45969106507,67275.21173529694,True,scanned
20260610_175521_48753422,139,shuttle,Bus_start,46477307,66758.48122045405,67488.8228412011,True,scanned
20260610_175521_48753422,140,car,Node5,3611512307,66758.8979967714,67326.03817658513,True,scanned
20260610_175521_48753422,141,car,Node1,46354890,66759.53345359792,67281.46676934752,True,scanned
20260610_175521_48753422,142,car,Node5,3611512307,66759.76945580139,67336.99878959588,True,scanned
20260610_175521_48753422,143,shuttle,Bus_start,46477307,66761.63331924591,67542.12409748805,True,scanned
20260610_175521_48753422,144,car,Node1,46354890,66763.18857077564,67281.46676934752,True,scanned
20260610_175521_48753422,145,shuttle,Bus_start,46477307,66763.68321125732,67488.8228412011,True,scanned
20260610_175521_48753422,146,car,Node5,3611512307,66767.22600980966,67336.99878959588,True,scanned
20260610_175521_48753422,147,car,Node1,46354890,66767.22988331437,67291.46676934752,True,scanned
20260610_175521_48753422,148,shuttle,Bus_start,46477307,66772.07600563142,67542.6086365482,True,scanned
20260610_175521_48753422,149,car,Node1,46354890,66774.46278918702,67294.46492657323,True,scanned
20260610_175521_48753422,150,car,Node1,46354890,66775.45481234814,67294.46676934752,True,scanned
20260610_175521_48753422,151,shuttle,Bus_start,46477307,66777.83543677561,67490.12409748805,True,scanned
20260610_175521_48753422,152,car,Node5,3611512307,66778.6208442631,67361.37076791846,True,scanned
20260610_175521_48753422,153,shuttle,Bus_start,46477307,66779.05324067354,67543.12409748805,True,scanned
20260610_175521_48753422,154,car,Node1,46354890,66781.31079543818,67322.69796565286,True,scanned
20260610_175521_48753422,155,car,Node4,46493064,66782.95187605232,67392.75417621953,True,scanned
20260610_175521_48753422,156,car,Node1,46354890,66784.89944092293,67322.69796565286,True,scanned
20260610_175521_48753422,157,car,Node4,46493064,66785.91286778072,67605.8228412011,True,scanned
20260610_175521_48753422,158,car,Node5,3611512307,66789.75888636554,67361.37076791846,True,scanned
20260610_175521_48753422,159,shuttle,Bus_start,46477307,66791.62975169954,67491.12409748805,True,scanned
20260610_175521_48753422,160,shuttle,Bus_start,46477307,66793.23093549846,67545.12409748805,True,scanned
20260610_175521_48753422,161,shuttle,Bus_start,46477307,66797.62743303347,67493.12409748805,True,scanned
20260610_175521_48753422,162,shuttle,Bus_start,46477307,66802.24083359787,67552.12409748805,True,scanned
20260610_175521_48753422,163,car,Node5,3611512307,66803.02797945737,67374.4877366779,True,scanned
20260610_175521_48753422,164,shuttle,Bus_start,46477307,66804.82262859256,67495.12409748805,True,scanned
20260610_175521_48753422,165,shuttle,Bus_start,46477307,66808.93202290103,67553.8228412011,True,scanned
20260610_175521_48753422,166,car,Node1,46354890,66810.48953322422,67322.69796565286,True,scanned
20260610_175521_48753422,167,car,Node1,46354890,66812.09582561074,67327.58278461582,True,scanned
20260610_175521_48753422,168,car,Node5,3611512307,66816.50464495103,67411.42031511918,True,scanned
20260610_175521_48753422,169,car,Node1,46354890,66821.38145384291,67347.22015232989,True,scanned
20260610_175521_48753422,170,car,Node1,46354890,66825.32539030623,67347.22015232989,True,scanned
20260610_175521_48753422,171,shuttle,Bus_start,46477307,66829.56619463001,67500.12409748805,True,scanned
20260610_175521_48753422,172,car,Node5,3611512307,66829.59307339706,67411.42031511918,True,scanned
20260610_175521_48753422,173,car,Node1,46354890,66834.43470828325,67347.22015232989,True,scanned
20260610_175521_48753422,174,shuttle,Bus_start,46477307,66834.45117455952,67553.8228412011,True,scanned
20260610_175521_48753422,175,shuttle,Bus_start,46477307,66834.96694155455,67501.8228412011,True,scanned
20260610_175521_48753422,176,shuttle,Bus_start,46477307,66836.40361059285,67555.6086365482,True,scanned
20260610_175521_48753422,177,car,Node1,46354890,66837.84227653382,67354.20997092822,True,scanned
20260610_175521_48753422,178,shuttle,Bus_start,46477307,66837.95418796506,67501.8228412011,True,scanned
20260610_175521_48753422,179,shuttle,Bus_start,46477307,66838.79769957965,67556.12409748805,True,scanned
20260610_175521_48753422,180,car,Node1,46354890,66840.87875447542,67360.68125429102,True,scanned
20260610_175521_48753422,181,car,Node5,3611512307,66842.39446951795,67411.42031511918,True,scanned
20260610_175521_48753422,182,shuttle,Bus_start,46477307,66845.20093307774,67503.6086365482,True,scanned
20260610_175521_48753422,183,shuttle,Bus_start,46477307,66849.06625061527,67565.12409748805,True,scanned
20260610_175521_48753422,184,car,Node1,46354890,66850.47108925591,67369.55586714445,True,scanned
20260610_175521_48753422,185,car,Node1,46354890,66850.73373297635,67369.55586714445,True,scanned
20260610_175521_48753422,186,car,Node1,46354890,66851.88245168442,67376.30458287826,True,scanned
20260610_175521_48753422,187,car,Node5,3611512307,66855.55553468651,67449.8228412011,True,scanned
20260610_175521_48753422,188,shuttle,Bus_start,46477307,66858.44413052472,67513.12409748805,True,scanned
20260610_175521_48753422,189,car,Node1,46354890,66858.673716185,67376.30458287826,True,scanned
20260610_175521_48753422,190,car,Node1,46354890,66863.34864673724,67384.05907485384,True,scanned
20260610_175521_48753422,191,shuttle,Bus_start,46477307,66864.35179260724,67566.8228412011,True,scanned
20260610_175521_48753422,192,shuttle,Bus_start,46477307,66866.04610302458,67516.6086365482,True,scanned
20260610_175521_48753422,193,car,Node1,46354890,66869.00913269527,67398.19811204853,True,scanned
20260610_175521_48753422,194,shuttle,Bus_start,46477307,66871.49208773045,67566.8228412011,True,scanned
20260610_175521_48753422,195,shuttle,Bus_start,46477307,66875.2931013336,67519.12409748805,True,scanned
20260610_175521_48753422,196,car,Node5,3611512307,66878.16066243216,67449.8228412011,True,scanned
20260610_175521_48753422,197,shuttle,Bus_start,46477307,66879.68001939052,67568.12409748805,True,scanned
20260610_175521_48753422,198,car,Node1,46354890,66883.67790005759,67398.19811204853,True,scanned
20260610_175521_48753422,199,car,Node1,46354890,66885.11212693117,67403.3510322662,True,scanned
20260610_175521_48753422,200,shuttle,Bus_start,46477307,66885.40680045616,67571.12409748805,True,scanned
20260610_175521_48753422,201,car,Node1,46354890,66886.69740600782,67403.3510322662,True,scanned
20260610_175521_48753422,202,car,Node4,46493064,66886.94787969395,67605.8228412011,True,scanned
20260610_175521_48753422,203,car,Node5,3611512307,66887.03546146025,67475.8228412011,True,scanned
20260610_175521_48753422,204,car,Node1,46354890,66889.36794723048,67423.8228412011,True,scanned
20260610_175521_48753422,205,car,Node1,46354890,66890.31805160493,67423.8228412011,True,scanned
20260610_175521_48753422,206,shuttle,Bus_start,46477307,66895.55432045866,67573.12409748805,True,scanned
20260610_175521_48753422,207,car,Node5,3611512307,66896.9394349744,67477.12409748805,True,scanned
20260610_175521_48753422,208,car,Node5,3611512307,66899.81045083255,67514.8228412011,True,scanned
20260610_175521_48753422,209,shuttle,Bus_start,46477307,66906.37241714375,67578.12409748805,True,scanned
20260610_175521_48753422,210,shuttle,Bus_start,46477307,66910.80106940113,67579.8228412011,True,scanned
20260610_175521_48753422,211,car,Node1,46354890,66913.30665872297,67423.8228412011,True,scanned
20260610_175521_48753422,212,car,Node1,46354890,66918.3463836296,67438.6086365482,True,scanned
20260610_175521_48753422,213,shuttle,Bus_start,46477307,66921.53657032303,67579.8228412011,True,scanned
20260610_175521_48753422,214,shuttle,Bus_start,46477307,66922.05787366926,67581.6086365482,True,scanned
20260610_175521_48753422,215,car,Node1,46354890,66926.7917720084,67439.12409748805,True,scanned
20260610_175521_48753422,216,shuttle,Bus_start,46477307,66929.8654788902,67582.12409748805,True,scanned
20260610_175521_48753422,217,car,Node5,3611512307,66933.46383972658,67516.12409748805,True,scanned
20260610_175521_48753422,218,car,Node1,46354890,66936.96692619417,67454.12409748805,True,scanned
20260610_175521_48753422,219,shuttle,Bus_start,46477307,66939.12489879728,67584.12409748805,True,scanned
20260610_175521_48753422,220,car,Node1,46354890,66939.7209365845,67456.12409748805,True,scanned
20260610_175521_48753422,221,shuttle,Bus_start,46477307,66942.96609351055,67594.12409748805,True,scanned
20260610_175521_48753422,222,shuttle,Bus_start,46477307,66945.95716930747,67594.6086365482,True,scanned
20260610_175521_48753422,223,car,Node5,3611512307,66946.92309028697,67592.8228412011,True,scanned
20260610_175521_48753422,224,car,Node1,46354890,66948.28340921122,67469.12409748805,True,scanned
20260610_175521_48753422,225,car,Node1,46354890,66949.41166368265,67474.12409748805,True,scanned
20260610_175521_48753422,226,car,Node1,46354890,66951.13738246946,67475.8228412011,True,scanned
20260610_175521_48753422,227,shuttle,Bus_start,46477307,66953.32454747907,67597.12409748805,True,scanned
20260610_175521_48753422,228,shuttle,Bus_start,46477307,66958.40708056973,67599.12409748805,True,scanned
20260610_175521_48753422,229,shuttle,Bus_start,46477307,66960.0789059216,67604.12409748805,True,scanned
20260610_175521_48753422,230,car,Node2,46336597,66961.8448076309,67621.12409748805,True,scanned
20260610_175521_48753422,231,shuttle,Bus_start,46477307,66964.07630305599,68002.61422286392,True,scanned
20260610_175521_48753422,232,shuttle,Bus_start,46477307,66966.15761182291,68004.61422286392,True,scanned
20260610_175521_48753422,233,car,Node1,46354890,66972.20705124711,67490.6086365482,True,scanned
20260610_175521_48753422,234,shuttle,Bus_start,46477307,66977.55435180216,68006.61422286392,True,scanned
20260610_175521_48753422,235,car,Node1,46354890,66978.73291546333,67504.12409748805,True,scanned
20260610_175521_48753422,236,shuttle,Bus_start,46477307,66984.24678619734,68015.61422286392,True,scanned
20260610_175521_48753422,237,shuttle,Bus_start,46477307,66984.26636924967,68017.61422286392,True,scanned
20260610_175521_48753422,238,car,Node1,46354890,66984.27271167088,67506.12409748805,True,scanned
20260610_175521_48753422,239,shuttle,Bus_start,46477307,66994.89971142226,68019.49448291103,True,scanned
20260610_175521_48753422,240,shuttle,Bus_start,46477307,66997.08243617634,68019.49448291103,True,scanned
20260610_175521_48753422,241,shuttle,Bus_start,46477307,66998.21404302791,68026.22525275832,True,scanned
20260610_175521_48753422,242,car,Node5,3611512307,66999.78731951579,67592.8228412011,True,scanned
20260610_175521_48753422,243,shuttle,Bus_start,46477307,67001.65915412894,68028.61422286392,True,scanned
20260610_175521_48753422,244,car,Node5,3611512307,67005.31289810476,67610.12409748805,True,scanned
20260610_175521_48753422,245,car,Node1,46354890,67008.16979854008,67534.12409748805,True,scanned
20260610_175521_48753422,246,car,Node1,46354890,67010.22898970496,67540.8228412011,True,scanned
20260610_175521_48753422,247,car,Node5,3611512307,67011.18296324823,67612.12409748805,True,scanned
20260610_175521_48753422,248,car,Node5,3611512307,67011.91048476324,67630.12409748805,True,scanned
20260610_175521_48753422,249,shuttle,Bus_start,46477307,67015.35321466347,68032.49448291103,True,scanned
20260610_175521_48753422,250,car,Node1,46354890,67017.06786638184,67547.12409748805,True,scanned
20260610_175521_48753422,251,car,Node1,46354890,67017.34880625563,67555.12409748805,True,scanned
20260610_175521_48753422,252,car,Node1,46354890,67018.82882601133,67558.12409748805,True,scanned
20260610_175521_48753422,253,car,Node1,46354890,67022.76585368106,67560.12409748805,True,scanned
20260610_175521_48753422,254,shuttle,Bus_start,46477307,67023.35451181607,68032.49448291103,True,scanned
20260610_175521_48753422,255,car,Node1,46354890,67024.28113280445,67568.6086365482,True,scanned
20260610_175521_48753422,256,car,Node4,46493064,67026.317695159,67727.65576395417,True,scanned
20260610_175521_48753422,257,shuttle,Bus_start,46477307,67026.7191631236,68039.22525275832,True,scanned
20260610_175521_48753422,258,shuttle,Bus_start,46477307,67028.41108051142,68041.61422286392,True,scanned
20260610_175521_48753422,259,car,Node5,3611512307,67028.55028994997,67631.8228412011,True,scanned
20260610_175521_48753422,260,car,Node1,46354890,67028.5656428541,67569.12409748805,True,scanned
20260610_175521_48753422,261,shuttle,Bus_start,46477307,67031.00100217896,68043.61422286392,True,scanned
20260610_175521_48753422,262,shuttle,Bus_start,46477307,67033.12906679549,68045.49448291103,True,scanned
20260610_175521_48753422,263,shuttle,Bus_start,46477307,67038.20904347025,68054.61422286392,True,scanned
20260610_175521_48753422,264,car,Node1,46354890,67042.22907729707,67581.12409748805,True,scanned
20260610_175521_48753422,265,car,Node1,46354890,67043.68221356565,67586.12409748805,True,scanned
20260610_175521_48753422,266,car,Node1,46354890,67046.62877211148,67591.12409748805,True,scanned
20260610_175521_48753422,267,car,Node1,46354890,67047.24372108352,67595.12409748805,True,scanned
20260610_175521_48753422,268,car,Node5,3611512307,67049.78893339421,67631.8228412011,True,scanned
20260610_175521_48753422,269,car,Node1,46354890,67051.89628820741,67607.12409748805,True,scanned
20260610_175521_48753422,270,car,Node5,3611512307,67052.40806345976,67636.12409748805,True,scanned
20260610_175521_48753422,271,car,Node1,46354890,67052.89350717117,67607.6086365482,True,scanned
20260610_175521_48753422,272,car,Node2,46336597,67054.06674425403,67623.12409748805,True,scanned
20260610_175521_48753422,273,car,Node5,3611512307,67056.76583640158,67651.13013541285,True,scanned
20260610_175521_48753422,274,shuttle,Bus_start,46477307,67056.98678634723,68056.61422286392,True,scanned
20260610_175521_48753422,275,shuttle,Bus_start,46477307,67060.35727537276,68058.49448291103,True,scanned
20260610_175521_48753422,276,shuttle,Bus_start,46477307,67060.76797006681,68058.49448291103,True,scanned
20260610_175521_48753422,277,shuttle,Bus_start,46477307,67060.92451045316,68058.61422286392,True,scanned
20260610_175521_48753422,278,car,Node1,46354890,67061.79362661096,67608.12409748805,True,scanned
20260610_175521_48753422,279,car,Node1,46354890,67065.23909717509,67617.12409748805,True,scanned
20260610_175521_48753422,280,shuttle,Bus_start,46477307,67066.53515135673,68065.22525275832,True,scanned
20260610_175521_48753422,281,car,Node1,46354890,67074.08691965695,67618.8228412011,True,scanned
20260610_175521_48753422,282,car,Node1,46354890,67074.90662384588,67618.8228412011,True,scanned
20260610_175521_48753422,283,shuttle,Bus_start,46477307,67077.04555971452,68067.61422286392,True,scanned
20260610_175521_48753422,284,car,Node2,46336597,67077.98386543151,67625.12409748805,True,scanned
20260610_175521_48753422,285,car,Node1,46354890,67079.53584656048,67620.12409748805,True,scanned
20260610_175521_48753422,286,shuttle,Bus_start,46477307,67081.38456005188,68069.61422286392,True,scanned
20260610_175521_48753422,287,car,Node1,46354890,67082.42000136503,67620.6086365482,True,scanned
20260610_175521_48753422,288,car,Node5,3611512307,67083.82174358219,67651.13013541285,True,scanned
20260610_175521_48753422,289,shuttle,Bus_start,46477307,67083.88864220087,68071.49448291103,True,scanned
20260610_175521_48753422,290,car,Node1,46354890,67084.3546374604,67633.12409748805,True,scanned
20260610_175521_48753422,291,shuttle,Bus_start,46477307,67086.6204097028,68071.49448291103,True,scanned
20260610_175521_48753422,292,car,Node1,46354890,67088.26079052668,67633.6086365482,True,scanned
20260610_175521_48753422,293,shuttle,Bus_start,46477307,67090.37111130565,68071.49448291103,True,scanned
20260610_175521_48753422,294,shuttle,Bus_start,46477307,67092.49933279993,68080.61422286392,True,scanned
20260610_175521_48753422,295,car,Node5,3611512307,67093.51975500623,67666.70964067348,True,scanned
20260610_175521_48753422,296,car,Node5,3611512307,67094.977710787,67666.70964067348,True,scanned
20260610_175521_48753422,297,car,Node2,46336597,67096.09388721164,67787.76729394366,True,scanned
20260610_175521_48753422,298,car,Node5,3611512307,67097.50804671449,67669.12409748805,True,scanned
20260610_175521_48753422,299,car,Node1,46354890,67101.66522405768,67634.12409748805,True,scanned
20260610_175521_48753422,300,car,Node1,46354890,67102.98133303688,67638.12409748805,True,scanned
20260610_175521_48753422,301,shuttle,Bus_start,46477307,67103.16907150032,68084.49448291103,True,scanned
20260610_175521_48753422,302,shuttle,Bus_start,46477307,67104.66936300363,68084.49448291103,True,scanned
20260610_175521_48753422,303,car,Node1,46354890,67106.70701535816,67643.12409748805,True,scanned
20260610_175521_48753422,304,car,Node5,3611512307,67108.94859544458,67678.93212876063,True,scanned
20260610_175521_48753422,305,car,Node1,46354890,67113.3472370702,67644.8228412011,True,scanned
20260610_175521_48753422,306,car,Node4,46493064,67114.04141030952,67727.65576395417,True,scanned
20260610_175521_48753422,307,car,Node1,46354890,67114.94637835126,67644.8228412011,True,scanned
20260610_175521_48753422,308,car,Node1,46354890,67116.54719051404,67646.12409748805,True,scanned
20260610_175521_48753422,309,car,Node1,46354890,67119.10414670117,67646.6086365482,True,scanned
20260610_175521_48753422,310,shuttle,Bus_start,46477307,67121.84722579348,68084.49448291103,True,scanned
20260610_175521_48753422,311,car,Node1,46354890,67124.28303044957,67648.41943600429,True,scanned
20260610_175521_48753422,312,car,Node1,46354890,67125.89453947972,67656.12409748805,True,scanned
20260610_175521_48753422,313,car,Node5,3611512307,67126.07650716232,67704.64967135804,True,scanned
20260610_175521_48753422,314,shuttle,Bus_start,46477307,67128.17917363685,68084.61422286392,True,scanned
20260610_175521_48753422,315,car,Node1,46354890,67128.66322197483,67657.8228412011,True,scanned
20260610_175521_48753422,316,shuttle,Bus_start,46477307,67128.69065174514,68091.22525275832,True,scanned
20260610_175521_48753422,317,shuttle,Bus_start,46477307,67130.95174463495,68091.22525275832,True,scanned
20260610_175521_48753422,318,car,Node1,46354890,67131.31946045972,67657.8228412011,True,scanned
20260610_175521_48753422,319,car,Node1,46354890,67132.10088622986,67659.12409748805,True,scanned
20260610_175521_48753422,320,car,Node5,3611512307,67133.03244189854,67704.64967135804,True,scanned
20260610_175521_48753422,321,shuttle,Bus_start,46477307,67133.64408896936,68097.49448291103,True,scanned
20260610_175521_48753422,322,car,Node1,46354890,67134.29131401057,67659.6086365482,True,scanned
20260610_175521_48753422,323,car,Node5,3611512307,67136.4890806726,67704.64967135804,True,scanned
20260610_175521_48753422,324,car,Node1,46354890,67140.90767458336,67665.05700995754,True,scanned
20260610_175521_48753422,325,car,Node1,46354890,67141.31793642708,67670.8228412011,True,scanned
20260610_175521_48753422,326,car,Node5,3611512307,67144.28767118792,67714.62054066255,True,scanned
20260610_175521_48753422,327,car,Node4,46493064,67145.87590088844,67757.91951290956,True,scanned
20260610_175521_48753422,328,car,Node5,3611512307,67146.50763109395,67719.77457821112,True,scanned
20260610_175521_48753422,329,car,Node1,46354890,67149.00719967377,67677.25518341009,True,scanned
20260610_175521_48753422,330,shuttle,Bus_start,46477307,67152.5872494606,68097.61422286392,True,scanned
20260610_175521_48753422,331,car,Node1,46354890,67155.09304927445,67677.25518341009,True,scanned
20260610_175521_48753422,332,car,Node1,46354890,67155.66511352544,67677.25518341009,True,scanned
20260610_175521_48753422,333,car,Node5,3611512307,67157.61812424893,67749.75901786763,True,scanned
20260610_175521_48753422,334,shuttle,Bus_start,46477307,67157.66504353803,68104.22525275832,True,scanned
20260610_175521_48753422,335,shuttle,Bus_start,46477307,67157.84921874615,68104.22525275832,True,scanned
20260610_175521_48753422,336,shuttle,Bus_start,46477307,67160.57014679341,68117.22525275832,True,scanned
20260610_175521_48753422,337,car,Node1,46354890,67165.85449716427,67687.95535648131,True,scanned
20260610_175521_48753422,338,car,Node1,46354890,67167.4001620531,67687.95535648131,True,scanned
20260610_175521_48753422,339,car,Node1,46354890,67168.02952123054,67687.95535648131,True,scanned
20260610_175521_48753422,340,car,Node5,3611512307,67178.12809012824,67749.75901786763,True,scanned
20260610_175521_48753422,341,car,Node5,3611512307,67179.4677888852,67787.1204305228,True,scanned
20260610_175521_48753422,342,car,Node1,46354890,67180.50780602201,67698.90484008174,True,scanned
20260610_175521_48753422,343,shuttle,Bus_start,46477307,67185.23376449052,68110.49448291103,True,scanned
20260610_175521_48753422,344,car,Node1,46354890,67188.1409963708,67707.09335662595,True,scanned
20260610_175521_48753422,345,shuttle,Bus_start,46477307,67191.9004131734,68121.61422286392,True,scanned
20260610_175521_48753422,346,car,Node4,46493064,67196.15637918534,67805.68501436657,True,scanned
20260610_175521_48753422,347,shuttle,Bus_start,46477307,67197.5408360166,68110.49448291103,True,scanned
20260610_175521_48753422,348,car,Node1,46354890,67197.64947686123,67727.7516141723,True,scanned
20260610_175521_48753422,349,car,Node1,46354890,67204.77667795453,67727.7516141723,True,scanned
20260610_175521_48753422,350,car,Node4,46493064,67206.3583160439,67918.59451735078,True,scanned
20260610_175521_48753422,351,car,Node1,46354890,67212.32849745822,67727.7516141723,True,scanned
20260610_175521_48753422,352,car,Node5,3611512307,67213.83416091412,67787.1204305228,True,scanned
20260610_175521_48753422,353,car,Node1,46354890,67218.75077834599,67739.18008787475,True,scanned
20260610_175521_48753422,354,car,Node5,3611512307,67219.12430535498,67787.1204305228,True,scanned
20260610_175521_48753422,355,car,Node1,46354890,67219.34158179973,67739.18008787475,True,scanned
20260610_175521_48753422,356,car,Node1,46354890,67222.57040024578,67739.18008787475,True,scanned
20260610_175521_48753422,357,shuttle,Bus_start,46477307,67225.17588325663,68123.49448291103,True,scanned
20260610_175521_48753422,358,car,Node1,46354890,67225.74457315593,67753.45508510023,True,scanned
20260610_175521_48753422,359,shuttle,Bus_start,46477307,67229.0903863154,68119.61422286392,True,scanned
20260610_175521_48753422,360,car,Node1,46354890,67235.27227086757,67753.45508510023,True,scanned
20260610_175521_48753422,361,shuttle,Bus_start,46477307,67237.84541719174,68123.49448291103,True,scanned
20260610_175521_48753422,362,car,Node1,46354890,67238.137604411,67753.45508510023,True,scanned
20260610_175521_48753422,363,car,Node1,46354890,67239.39439484247,67778.26861762887,True,scanned
20260610_175521_48753422,364,car,Node5,3611512307,67239.58527748474,67814.58917002592,True,scanned
20260610_175521_48753422,365,car,Node5,3611512307,67242.52597332584,67814.58917002592,True,scanned
20260610_175521_48753422,366,car,Node5,3611512307,67242.67992963822,67814.58917002592,True,scanned
20260610_175521_48753422,367,shuttle,Bus_start,46477307,67245.64440480391,68136.49448291103,True,scanned
20260610_175521_48753422,368,car,Node5,3611512307,67252.15346592083,67851.9736943477,True,scanned
20260610_175521_48753422,369,shuttle,Bus_start,46477307,67259.23468566759,68136.49448291103,True,scanned
20260610_175521_48753422,370,shuttle,Bus_start,46477307,67259.8056356477,68136.61422286392,True,scanned
20260610_175521_48753422,371,shuttle,Bus_start,46477307,67260.16764190228,68143.22525275832,True,scanned
20260610_175521_48753422,372,shuttle,Bus_start,46477307,67260.77490363023,68143.22525275832,True,scanned
20260610_175521_48753422,373,car,Node5,3611512307,67267.67388841009,67851.9736943477,True,scanned
20260610_175521_48753422,374,car,Node1,46354890,67267.8211455261,67778.26861762887,True,scanned
20260610_175521_48753422,375,car,Node1,46354890,67268.03091474096,67778.26861762887,True,scanned
20260610_175521_48753422,376,car,Node4,46493064,67270.19700509394,67918.59451735078,True,scanned
20260610_175521_48753422,377,shuttle,Bus_start,46477307,67277.9190742199,68149.49448291103,True,scanned
20260610_175521_48753422,378,car,Node1,46354890,67281.58031314806,67792.90988013089,True,scanned
20260610_175521_48753422,379,car,Node1,46354890,67281.73944520616,67792.90988013089,True,scanned
20260610_175521_48753422,380,car,Node5,3611512307,67285.59156649452,67851.9736943477,True,scanned
20260610_175521_48753422,381,shuttle,Bus_start,46477307,67287.34229857226,68156.22525275832,True,scanned
20260610_175521_48753422,382,shuttle,Bus_start,46477307,67289.14817862831,68160.61422286392,True,scanned
20260610_175521_48753422,383,car,Node1,46354890,67290.68681872713,67803.31109129431,True,scanned
20260610_175521_48753422,384,car,Node1,46354890,67290.7024323927,67806.5401514205,True,scanned
20260610_175521_48753422,385,car,Node5,3611512307,67293.04648768724,67864.99144446387,True,scanned
20260610_175521_48753422,386,car,Node5,3611512307,67293.19687223418,67864.99144446387,True,scanned
20260610_175521_48753422,387,car,Node5,3611512307,67298.42425869122,67864.99144446387,True,scanned
20260610_175521_48753422,388,car,Node1,46354890,67299.8302746621,67819.2608454348,True,scanned
20260610_175521_48753422,389,car,Node1,46354890,67302.49179155265,67819.2608454348,True,scanned
20260610_175521_48753422,390,car,Node5,3611512307,67304.46988488894,67882.55685140996,True,scanned
20260610_175521_48753422,391,car,Node1,46354890,67305.33366996376,67819.2608454348,True,scanned
20260610_175521_48753422,392,car,Node1,46354890,67305.84849835212,67821.19961220522,True,scanned
20260610_175521_48753422,393,car,Node1,46354890,67306.6279322925,67825.99308227899,True,scanned
20260610_175521_48753422,394,car,Node1,46354890,67308.46512453686,67827.58917002592,True,scanned
20260610_175521_48753422,395,shuttle,Bus_start,46477307,67308.49648812247,68162.49448291103,True,scanned
20260610_175521_48753422,396,car,Node1,46354890,67308.610063281,67830.29424067841,True,scanned
20260610_175521_48753422,397,shuttle,Bus_start,46477307,67309.93681210832,68162.49448291103,True,scanned
20260610_175521_48753422,398,car,Node4,46493064,67311.039683035,67918.59451735078,True,scanned
20260610_175521_48753422,399,car,Node1,46354890,67312.79556739632,67840.66579905269,True,scanned
20260610_175521_48753422,400,car,Node5,3611512307,67313.73782556075,67882.55685140996,True,scanned
20260610_175521_48753422,401,car,Node1,46354890,67320.5305841894,67840.66579905269,True,scanned
20260610_175521_48753422,402,car,Node5,3611512307,67320.74910719601,67908.81074263452,True,scanned
20260610_175521_48753422,403,shuttle,Bus_start,46477307,67321.29955274494,68162.49448291103,True,scanned
20260610_175521_48753422,404,car,Node5,3611512307,67323.35411006512,67908.81074263452,True,scanned
20260610_175521_48753422,405,shuttle,Bus_start,46477307,67323.50446083542,68169.22525275832,True,scanned
20260610_175521_48753422,406,car,Node1,46354890,67323.80527024846,67840.66579905269,True,scanned
20260610_175521_48753422,407,shuttle,Bus_start,46477307,67323.83942967713,68171.61422286392,True,scanned
20260610_175521_48753422,408,shuttle,Bus_start,46477307,67324.32741827414,68173.61422286392,True,scanned
20260610_175521_48753422,409,shuttle,Bus_start,46477307,67326.2227020319,68175.61422286392,True,scanned
20260610_175521_48753422,410,car,Node1,46354890,67329.13093361375,67846.454105664,True,scanned
20260610_175521_48753422,411,car,Node1,46354890,67329.66480408408,67850.65020851065,True,scanned
20260610_175521_48753422,412,shuttle,Bus_start,46477307,67338.5323432546,68182.22525275832,True,scanned
20260610_175521_48753422,413,car,Node5,3611512307,67340.65015194908,67908.81074263452,True,scanned
20260610_175521_48753422,414,shuttle,Bus_start,46477307,67342.01769855962,68182.22525275832,True,scanned
20260610_175521_48753422,415,car,Node1,46354890,67342.0888599765,67868.25657157427,True,scanned
20260610_175521_48753422,416,car,Node1,46354890,67345.08965697682,67868.25657157427,True,scanned
20260610_175521_48753422,417,shuttle,Bus_start,46477307,67350.05782778803,68184.61422286392,True,scanned
20260610_175521_48753422,418,car,Node5,3611512307,67351.29837565789,67922.96988860134,True,scanned
20260610_175521_48753422,419,car,Node1,46354890,67353.44658890061,67868.25657157427,True,scanned
20260610_175521_48753422,420,shuttle,Bus_start,46477307,67354.33862504878,68186.61422286392,True,scanned
20260610_175521_48753422,421,car,Node5,3611512307,67361.62013161437,67937.22737128503,True,scanned
20260610_175521_48753422,422,shuttle,Bus_start,46477307,67362.02727316765,68188.49448291103,True,scanned
20260610_175521_48753422,423,car,Node1,46354890,67364.19177367286,67891.31276529662,True,scanned
20260610_175521_48753422,424,car,Node5,3611512307,67364.50577538178,67937.22737128503,True,scanned
20260610_175521_48753422,425,car,Node5,3611512307,67364.53244694178,67941.90621698755,True,scanned
20260610_175521_48753422,426,shuttle,Bus_start,46477307,67367.82031483405,68188.49448291103,True,scanned
20260610_175521_48753422,427,shuttle,Bus_start,46477307,67370.34329267213,68188.49448291103,True,scanned
20260610_175521_48753422,428,shuttle,Bus_start,46477307,67375.41001270294,68197.61422286392,True,scanned
20260610_175521_48753422,429,car,Node1,46354890,67376.64378342923,67891.31276529662,True,scanned
20260610_175521_48753422,430,car,Node1,46354890,67377.36065399669,67891.31276529662,True,scanned
20260610_175521_48753422,431,car,Node1,46354890,67381.31469905825,67903.88861024106,True,scanned
20260610_175521_48753422,432,car,Node1,46354890,67383.37545668858,67903.88861024106,True,scanned
20260610_175521_48753422,433,car,Node5,3611512307,67384.02021080766,67964.6636266422,True,scanned
20260610_175521_48753422,434,shuttle,Bus_start,46477307,67386.52340633466,68199.61422286392,True,scanned
20260610_175521_48753422,435,car,Node1,46354890,67387.18453516596,67903.88861024106,True,scanned
20260610_175521_48753422,436,shuttle,Bus_start,46477307,67387.30648566168,68201.49448291103,True,scanned
20260610_175521_48753422,437,shuttle,Bus_start,46477307,67389.6658638978,68201.49448291103,True,scanned
20260610_175521_48753422,438,shuttle,Bus_start,46477307,67390.80107809434,68201.61422286392,True,scanned
20260610_175521_48753422,439,car,Node5,3611512307,67391.9641224663,67964.6636266422,True,scanned
20260610_175521_48753422,440,car,Node1,46354890,67393.03750603079,67910.38244086006,True,scanned
20260610_175521_48753422,441,shuttle,Bus_start,46477307,67396.81487009053,68212.61422286392,True,scanned
20260610_175521_48753422,442,car,Node1,46354890,67397.11409177117,67921.06792474742,True,scanned
20260610_175521_48753422,443,car,Node5,3611512307,67403.29471203874,67977.55140430771,True,scanned
20260610_175521_48753422,444,car,Node1,46354890,67403.49894131186,67921.81074263452,True,scanned
20260610_175521_48753422,445,shuttle,Bus_start,46477307,67403.64210896888,68214.61422286392,True,scanned
20260610_175521_48753422,446,car,Node1,46354890,67405.46715270069,67921.81074263452,True,scanned
20260610_175521_48753422,447,car,Node5,3611512307,67405.89949554681,67977.6636266422,True,scanned
20260610_175521_48753422,448,shuttle,Bus_start,46477307,67406.08940779444,68221.22525275832,True,scanned
20260610_175521_48753422,449,car,Node5,3611512307,67406.1233953932,67977.6636266422,True,scanned
20260610_175521_48753422,450,car,Node1,46354890,67406.79358715429,67931.36707449438,True,scanned
20260610_175521_48753422,451,car,Node5,3611512307,67406.98743496253,68006.49448291103,True,scanned
20260610_175521_48753422,452,shuttle,Bus_start,46477307,67407.3573580762,68223.61422286392,True,scanned
20260610_175521_48753422,453,shuttle,Bus_start,46477307,67411.79759764585,68225.61422286392,True,scanned
20260610_175521_48753422,454,car,Node1,46354890,67412.78499365301,67931.59451735078,True,scanned
20260610_175521_48753422,455,car,Node1,46354890,67415.2837353154,67931.59451735078,True,scanned
20260610_175521_48753422,456,car,Node1,46354890,67416.34634597856,67960.389072262,True,scanned
20260610_175521_48753422,457,shuttle,Bus_start,46477307,67418.45290254176,68227.49448291103,True,scanned
20260610_175521_48753422,458,shuttle,Bus_start,46477307,67421.20822725978,68227.61422286392,True,scanned
20260610_175521_48753422,459,shuttle,Bus_start,46477307,67421.95010431668,68236.61422286392,True,scanned
20260610_175521_48753422,460,car,Node4,46493064,67425.6107219246,68106.61422286392,True,scanned
20260610_175521_48753422,461,shuttle,Bus_start,46477307,67430.25782953706,68238.61422286392,True,scanned
20260610_175521_48753422,462,car,Node5,3611512307,67431.99699227608,68006.49448291103,True,scanned
20260610_175521_48753422,463,shuttle,Bus_start,46477307,67433.20134532354,68582.92132925743,True,scanned
20260610_175521_48753422,464,car,Node5,3611512307,67437.26038400871,68006.49448291103,True,scanned
20260610_175521_48753422,465,car,Node5,3611512307,67438.18071663738,68032.49448291103,True,scanned
20260610_175521_48753422,466,shuttle,Bus_start,46477307,67441.81811626605,68584.92132925743,True,scanned
20260610_175521_48753422,467,shuttle,Bus_start,46477307,67441.84836726979,68586.92132925743,True,scanned
20260610_175521_48753422,468,shuttle,Bus_start,46477307,67442.85454611266,68590.25109126685,True,scanned
20260610_175521_48753422,469,car,Node4,46493064,67443.55338045649,68108.61422286392,True,scanned
20260610_175521_48753422,470,car,Node1,46354890,67445.84006014494,67960.389072262,True,scanned
20260610_175521_48753422,471,car,Node5,3611512307,67446.51775600312,68032.61422286392,True,scanned
20260610_175521_48753422,472,car,Node5,3611512307,67446.70289633129,68039.22525275832,True,scanned
20260610_175521_48753422,473,shuttle,Bus_start,46477307,67447.57922845018,68595.53319024788,True,scanned
20260610_175521_48753422,474,car,Node5,3611512307,67448.39085502416,68030.61422286392,True,scanned
20260610_175521_48753422,475,car,Node5,3611512307,67449.89755560161,68052.22525275832,True,scanned
20260610_175521_48753422,476,car,Node1,46354890,67451.2551260044,67960.389072262,True,scanned
20260610_175521_48753422,477,car,Node1,46354890,67453.2985270808,67967.01730775017,True,scanned
20260610_175521_48753422,478,car,Node1,46354890,67455.47146763491,67967.01730775017,True,scanned
20260610_175521_48753422,479,car,Node5,3611512307,67457.01672430766,68052.22525275832,True,scanned
20260610_175521_48753422,480,car,Node1,46354890,67459.768311449,67972.45658151845,True,scanned
20260610_175521_48753422,481,car,Node5,3611512307,67459.82923857465,68065.22525275832,True,scanned
20260610_175521_48753422,482,car,Node1,46354890,67460.61305978702,67973.389072262,True,scanned
20260610_175521_48753422,483,shuttle,Bus_start,46477307,67460.87575577533,68595.92132925743,True,scanned
20260610_175521_48753422,484,car,Node4,46493064,67461.43192004997,68110.49448291103,True,scanned
20260610_175521_48753422,485,car,Node4,46493064,67461.64929333843,68234.22525275832,True,scanned
20260610_175521_48753422,486,car,Node1,46354890,67461.96618029094,67975.93763390099,True,scanned
20260610_175521_48753422,487,shuttle,Bus_start,46477307,67462.0787341824,68597.92132925743,True,scanned
20260610_175521_48753422,488,car,Node1,46354890,67464.14727401116,67982.45658151845,True,scanned
20260610_175521_48753422,489,car,Node1,46354890,67474.6483104235,68000.22525275832,True,scanned
20260610_175521_48753422,490,car,Node5,3611512307,67483.47027711126,68082.61422286392,True,scanned
20260610_175521_48753422,491,shuttle,Bus_start,46477307,67486.43912120529,68598.04444194904,True,scanned
20260610_175521_48753422,492,car,Node1,46354890,67488.85119890647,68000.22525275832,True,scanned
20260610_175521_48753422,493,shuttle,Bus_start,46477307,67488.86601146932,68599.92132925743,True,scanned
20260610_175521_48753422,494,shuttle,Bus_start,46477307,67489.22992402874,68601.04444194904,True,scanned
20260610_175521_48753422,495,car,Node1,46354890,67492.29024939094,68013.22525275832,True,scanned
20260610_175521_48753422,496,car,Node1,46354890,67492.44677809133,68013.22525275832,True,scanned
20260610_175521_48753422,497,car,Node5,3611512307,67493.0168683318,68097.49448291103,True,scanned
20260610_175521_48753422,498,car,Node5,3611512307,67493.54888006872,68123.49448291103,True,scanned
20260610_175521_48753422,499,car,Node1,46354890,67494.26776700818,68019.49448291103,True,scanned
20260610_175521_48753422,500,car,Node5,3611512307,67494.70424195021,68123.61422286392,True,scanned
20260610_175521_48753422,501,shuttle,Bus_start,46477307,67497.85631256831,68603.25109126685,True,scanned
20260610_175521_48753422,502,car,Node1,46354890,67497.95089285087,68019.61422286392,True,scanned
20260610_175521_48753422,503,car,Node1,46354890,67499.90254137875,68026.22525275832,True,scanned
20260610_175521_48753422,504,car,Node1,46354890,67506.13542028592,68045.49448291103,True,scanned
20260610_175521_48753422,505,shuttle,Bus_start,46477307,67506.70219833373,68614.04444194904,True,scanned
20260610_175521_48753422,506,shuttle,Bus_start,46477307,67506.75708217516,68616.25109126685,True,scanned
20260610_175521_48753422,507,shuttle,Bus_start,46477307,67508.32710215013,68616.88109286639,True,scanned
20260610_175521_48753422,508,car,Node1,46354890,67509.13481382854,68045.49448291103,True,scanned
20260610_175521_48753422,509,car,Node5,3611512307,67510.977295213,68130.22525275832,True,scanned
20260610_175521_48753422,510,shuttle,Bus_start,46477307,67514.00358003235,68621.53319024788,True,scanned
20260610_175521_48753422,511,car,Node1,46354890,67519.80651020273,68045.61422286392,True,scanned
20260610_175521_48753422,512,car,Node1,46354890,67520.61794481409,68058.49448291103,True,scanned
20260610_175521_48753422,513,car,Node5,3611512307,67521.5392168565,68149.49448291103,True,scanned
20260610_175521_48753422,514,car,Node5,3611512307,67523.93280969637,68149.61422286392,True,scanned
20260610_175521_48753422,515,shuttle,Bus_start,46477307,67526.31122753286,68623.92132925743,True,scanned
20260610_175521_48753422,516,car,Node5,3611512307,67527.00957290056,68162.61422286392,True,scanned
20260610_175521_48753422,517,car,Node5,3611512307,67530.37939762509,68169.22525275832,True,scanned
20260610_175521_48753422,518,shuttle,Bus_start,46477307,67531.9130871315,68624.04444194904,True,scanned
20260610_175521_48753422,519,car,Node1,46354890,67533.42277613256,68071.61422286392,True,scanned
20260610_175521_48753422,520,car,Node5,3611512307,67536.28816102316,68175.49448291103,True,scanned
20260610_175521_48753422,521,car,Node4,46493064,67536.5225787186,68234.22525275832,True,scanned
20260610_175521_48753422,522,shuttle,Bus_start,46477307,67539.00858149817,68625.92132925743,True,scanned
20260610_175521_48753422,523,car,Node1,46354890,67539.0759013799,68078.22525275832,True,scanned
20260610_175521_48753422,524,shuttle,Bus_start,46477307,67540.38497763184,68634.53319024788,True,scanned
20260610_175521_48753422,525,car,Node1,46354890,67541.24239893022,68078.22525275832,True,scanned
20260610_175521_48753422,526,car,Node1,46354890,67542.94442188994,68093.61422286392,True,scanned
20260610_175521_48753422,527,car,Node4,46493064,67543.14490610517,68279.49448291103,True,scanned
20260610_175521_48753422,528,car,Node1,46354890,67545.80411157549,68095.61422286392,True,scanned
20260610_175521_48753422,529,shuttle,Bus_start,46477307,67546.45892720927,68634.92132925743,True,scanned
20260610_175521_48753422,530,shuttle,Bus_start,46477307,67546.51445611203,68636.92132925743,True,scanned
20260610_175521_48753422,531,shuttle,Bus_start,46477307,67551.36346558065,68638.92132925743,True,scanned
20260610_175521_48753422,532,car,Node1,46354890,67554.84108284081,68097.49448291103,True,scanned
20260610_175521_48753422,533,car,Node1,46354890,67556.04484634877,68110.61422286392,True,scanned
20260610_175521_48753422,534,shuttle,Bus_start,46477307,67557.56613200263,68640.04444194904,True,scanned
20260610_175521_48753422,535,car,Node5,3611512307,67558.95019446363,68201.49448291103,True,scanned
20260610_175521_48753422,536,car,Node5,3611512307,67560.5947296328,68208.22525275832,True,scanned
20260610_175521_48753422,537,car,Node5,3611512307,67562.15638117635,68208.22525275832,True,scanned
20260610_175521_48753422,538,car,Node5,3611512307,67563.00550166369,68210.61422286392,True,scanned
20260610_175521_48753422,539,car,Node1,46354890,67564.88502762979,68117.22525275832,True,scanned
20260610_175521_48753422,540,shuttle,Bus_start,46477307,67565.13921688785,68642.25109126685,True,scanned
20260610_175521_48753422,541,car,Node1,46354890,67566.57285527034,68130.22525275832,True,scanned
20260610_175521_48753422,542,car,Node5,3611512307,67567.90842050221,68221.22525275832,True,scanned
20260610_175521_48753422,543,shuttle,Bus_start,46477307,67568.17554143282,68649.92132925743,True,scanned
20260610_175521_48753422,544,shuttle,Bus_start,46477307,67570.62754208606,68650.04444194904,True,scanned
20260610_175521_48753422,545,car,Node1,46354890,67570.8233995217,68132.61422286392,True,scanned
20260610_175521_48753422,546,car,Node1,46354890,67571.60779495993,68134.61422286392,True,scanned
20260610_175521_48753422,547,car,Node1,46354890,67572.51915265922,68136.49448291103,True,scanned
20260610_175521_48753422,548,car,Node1,46354890,67573.7990499665,68145.61422286392,True,scanned
20260610_175521_48753422,549,car,Node1,46354890,67574.9006231659,68147.61422286392,True,scanned
20260610_175521_48753422,550,car,Node1,46354890,67577.03644712328,68149.49448291103,True,scanned
20260610_175521_48753422,551,shuttle,Bus_start,46477307,67579.17330578278,68655.25109126685,True,scanned
20260610_175521_48753422,552,car,Node1,46354890,67579.82031075652,68156.22525275832,True,scanned
20260610_175521_48753422,553,car,Node1,46354890,67582.55094725646,68158.61422286392,True,scanned
20260610_175521_48753422,554,car,Node1,46354890,67584.35511496896,68175.49448291103,True,scanned
20260610_175521_48753422,555,shuttle,Bus_start,46477307,67584.37473530504,68660.53319024788,True,scanned
20260610_175521_48753422,556,shuttle,Bus_start,46477307,67587.03354889844,68660.92132925743,True,scanned
20260610_175521_48753422,557,shuttle,Bus_start,46477307,67593.50884514372,68663.04444194904,True,scanned
20260610_175521_48753422,558,shuttle,Bus_start,46477307,67599.01578168031,68664.92132925743,True,scanned
20260610_175521_48753422,559,car,Node1,46354890,67599.14444351876,68175.49448291103,True,scanned
20260610_175521_48753422,560,shuttle,Bus_start,46477307,67599.960564873,68673.53319024788,True,scanned
20260610_175521_48753422,561,shuttle,Bus_start,46477307,67600.12877248155,68673.92132925743,True,scanned
20260610_175521_48753422,562,car,Node5,3611512307,67602.23098585298,68253.49448291103,True,scanned
20260610_175521_48753422,563,car,Node5,3611512307,67602.29377259327,68253.61422286392,True,scanned
20260610_175521_48753422,564,car,Node4,46493064,67607.03002484965,68279.49448291103,True,scanned
20260610_175521_48753422,565,car,Node1,46354890,67607.59237637396,68188.61422286392,True,scanned
20260610_175521_48753422,566,shuttle,Bus_start,46477307,67608.89917440992,68679.04444194904,True,scanned
20260610_175521_48753422,567,shuttle,Bus_start,46477307,67609.85418080578,68681.25109126685,True,scanned
20260610_175521_48753422,568,shuttle,Bus_start,46477307,67612.02134847314,68686.92132925743,True,scanned
20260610_175521_48753422,569,car,Node1,46354890,67615.81439313527,68195.22525275832,True,scanned
20260610_175521_48753422,570,car,Node1,46354890,67617.0449893962,68195.22525275832,True,scanned
20260610_175521_48753422,571,car,Node1,46354890,67618.02058787335,68214.49448291103,True,scanned
20260610_175521_48753422,572,car,Node1,46354890,67621.19343874883,68214.49448291103,True,scanned
20260610_175521_48753422,573,shuttle,Bus_start,46477307,67627.83444514486,68690.92132925743,True,scanned
20260610_175521_48753422,574,car,Node1,46354890,67628.42590076585,68214.49448291103,True,scanned
20260610_175521_48753422,575,shuttle,Bus_start,46477307,67628.81677003998,68692.04444194904,True,scanned
20260610_175521_48753422,576,car,Node1,46354890,67630.73343041868,68227.49448291103,True,scanned
20260610_175521_48753422,577,car,Node1,46354890,67634.93070724483,68227.49448291103,True,scanned
20260610_175521_48753422,578,shuttle,Bus_start,46477307,67635.13605135285,68694.25109126685,True,scanned
20260610_175521_48753422,579,car,Node5,3611512307,67635.87557558304,68260.22525275832,True,scanned
20260610_175521_48753422,580,shuttle,Bus_start,46477307,67636.89903071782,68699.53319024788,True,scanned
20260610_175521_48753422,581,car,Node4,46493064,67638.04768540125,68279.61422286392,True,scanned
20260610_175521_48753422,582,shuttle,Bus_start,46477307,67643.50751002303,68699.92132925743,True,scanned
20260610_175521_48753422,583,car,Node1,46354890,67643.66195343966,68240.49448291103,True,scanned
20260610_175521_48753422,584,shuttle,Bus_start,46477307,67643.87067503571,68701.92132925743,True,scanned
20260610_175521_48753422,585,car,Node1,46354890,67643.87649337963,68240.49448291103,True,scanned
20260610_175521_48753422,586,shuttle,Bus_start,46477307,67644.80112612095,68702.04444194904,True,scanned
20260610_175521_48753422,587,car,Node5,3611512307,67649.85127660769,68264.61422286392,True,scanned
20260610_175521_48753422,588,car,Node1,46354890,67655.67621506247,68240.49448291103,True,scanned
20260610_175521_48753422,589,shuttle,Bus_start,46477307,67659.49487120178,68703.92132925743,True,scanned
20260610_175521_48753422,590,car,Node5,3611512307,67659.52151996685,68273.22525275832,True,scanned
20260610_175521_48753422,591,car,Node5,3611512307,67660.4294073075,68286.22525275832,True,scanned
20260610_175521_48753422,592,shuttle,Bus_start,46477307,67663.03129033312,68705.04444194904,True,scanned
20260610_175521_48753422,593,shuttle,Bus_start,46477307,67667.26405556822,68707.25109126685,True,scanned
20260610_175521_48753422,594,car,Node1,46354890,67667.85657042156,68240.61422286392,True,scanned
20260610_175521_48753422,595,shuttle,Bus_start,46477307,67668.50985543629,68715.04444194904,True,scanned
20260610_175521_48753422,596,car,Node1,46354890,67668.92710649874,68247.22525275832,True,scanned
20260610_175521_48753422,597,car,Node1,46354890,67671.93133375375,68247.22525275832,True,scanned
20260610_175521_48753422,598,car,Node1,46354890,67674.03657117712,68249.61422286392,True,scanned
20260610_175521_48753422,599,shuttle,Bus_start,46477307,67675.40820281107,68716.92132925743,True,scanned
20260610_175521_48753422,600,car,Node1,46354890,67675.92697757311,68251.61422286392,True,scanned
20260610_175521_48753422,601,car,Node1,46354890,67677.55785847381,68253.49448291103,True,scanned
20260610_175521_48753422,602,car,Node4,46493064,67677.91514292445,68360.0585684808,True,scanned
20260610_175521_48753422,603,car,Node1,46354890,67678.53086251038,68253.49448291103,True,scanned
20260610_175521_48753422,604,car,Node1,46354890,67678.73402103815,68260.22525275832,True,scanned
20260610_175521_48753422,605,shuttle,Bus_start,46477307,67679.75253769934,68720.88109286639,True,scanned
20260610_175521_48753422,606,car,Node5,3611512307,67680.34995906078,68286.22525275832,True,scanned
20260610_175521_48753422,607,shuttle,Bus_start,46477307,67681.90637798632,68725.53319024788,True,scanned
20260610_175521_48753422,608,shuttle,Bus_start,46477307,67682.28842440304,68725.92132925743,True,scanned
20260610_175521_48753422,609,shuttle,Bus_start,46477307,67686.18049363689,68729.92132925743,True,scanned
20260610_175521_48753422,610,car,Node1,46354890,67689.64286981385,68262.61422286392,True,scanned
20260610_175521_48753422,611,shuttle,Bus_start,46477307,67689.68664578706,68731.04444194904,True,scanned
20260610_175521_48753422,612,shuttle,Bus_start,46477307,67692.58301887334,68738.53319024788,True,scanned
20260610_175521_48753422,613,car,Node1,46354890,67693.8969303121,68266.49448291103,True,scanned
20260610_175521_48753422,614,shuttle,Bus_start,46477307,67694.69179890258,68738.92132925743,True,scanned
20260610_175521_48753422,615,car,Node1,46354890,67694.728434293,68266.49448291103,True,scanned
20260610_175521_48753422,616,car,Node1,46354890,67696.04177335255,68266.49448291103,True,scanned
20260610_175521_48753422,617,shuttle,Bus_start,46477307,67697.89591172422,68740.92132925743,True,scanned
20260610_175521_48753422,618,car,Node1,46354890,67698.88252085092,68266.61422286392,True,scanned
20260610_175521_48753422,619,shuttle,Bus_start,46477307,67700.14904356093,68746.25109126685,True,scanned
20260610_175521_48753422,620,shuttle,Bus_start,46477307,67700.2983404796,68753.92132925743,True,scanned
20260610_175521_48753422,621,car,Node1,46354890,67701.9821235884,68273.22525275832,True,scanned
20260610_175521_48753422,622,car,Node5,3611512307,67703.00805472322,68299.22525275832,True,scanned
20260610_175521_48753422,623,shuttle,Bus_start,46477307,67703.19546412236,68754.04444194904,True,scanned
20260610_175521_48753422,624,car,Node5,3611512307,67704.0708349328,68301.61422286392,True,scanned
20260610_175521_48753422,625,car,Node1,46354890,67704.28574884198,68275.61422286392,True,scanned
20260610_175521_48753422,626,car,Node1,46354890,67707.06823749325,68277.61422286392,True,scanned
20260610_175521_48753422,627,shuttle,Bus_start,46477307,67707.54429602332,68757.04444194904,True,scanned
20260610_175521_48753422,628,shuttle,Bus_start,46477307,67710.51050396185,68759.25109126685,True,scanned
20260610_175521_48753422,629,car,Node1,46354890,67711.39596737476,68279.49448291103,True,scanned
20260610_175521_48753422,630,car,Node1,46354890,67711.47352159527,68288.61422286392,True,scanned
20260610_175521_48753422,631,shuttle,Bus_start,46477307,67714.64618711459,68759.88109286639,True,scanned
20260610_175521_48753422,632,shuttle,Bus_start,46477307,67715.17468017756,68764.53319024788,True,scanned
20260610_175521_48753422,633,shuttle,Bus_start,46477307,67720.68574567417,68767.04444194904,True,scanned
20260610_175521_48753422,634,car,Node5,3611512307,67725.70682365097,68312.22525275832,True,scanned
20260610_175521_48753422,635,car,Node5,3611512307,67730.26198075335,68312.22525275832,True,scanned
20260610_175521_48753422,636,car,Node4,46493064,67730.42314153316,68360.0585684808,True,scanned
20260610_175521_48753422,637,shuttle,Bus_start,46477307,67735.28515062958,68768.92132925743,True,scanned
20260610_175521_48753422,638,car,Node1,46354890,67737.1424225645,68290.61422286392,True,scanned
20260610_175521_48753422,639,shuttle,Bus_start,46477307,67739.05504054534,68770.04444194904,True,scanned
20260610_175521_48753422,640,car,Node1,46354890,67739.25154207976,68292.49448291103,True,scanned
20260610_175521_48753422,641,shuttle,Bus_start,46477307,67741.92412267921,68777.53319024788,True,scanned
20260610_175521_48753422,642,car,Node1,46354890,67744.44285362733,68292.49448291103,True,scanned
20260610_175521_48753422,643,car,Node4,46493064,67746.03323787589,68360.0585684808,True,scanned
20260610_175521_48753422,644,car,Node1,46354890,67746.67146380924,68292.49448291103,True,scanned
20260610_175521_48753422,645,shuttle,Bus_start,46477307,67748.11269173816,68777.92132925743,True,scanned
20260610_175521_48753422,646,car,Node5,3611512307,67749.64627316516,68322.60441447918,True,scanned
20260610_175521_48753422,647,car,Node1,46354890,67749.98405902962,68292.61422286392,True,scanned
20260610_175521_48753422,648,car,Node1,46354890,67750.97294962323,68299.22525275832,True,scanned
20260610_175521_48753422,649,car,Node5,3611512307,67752.35909991493,68325.22525275832,True,scanned
20260610_175521_48753422,650,shuttle,Bus_start,46477307,67754.08702961661,68779.92132925743,True,scanned
20260610_175521_48753422,651,car,Node2,46336597,67754.5167013612,68332.65146761792,True,scanned
20260610_175521_48753422,652,shuttle,Bus_start,46477307,67754.93749490894,68780.04444194904,True,scanned
20260610_175521_48753422,653,shuttle,Bus_start,46477307,67757.24051164754,68785.88109286639,True,scanned
20260610_175521_48753422,654,car,Node1,46354890,67760.42880088082,68303.61422286392,True,scanned
20260610_175521_48753422,655,car,Node5,3611512307,67761.51228882038,68332.88810998847,True,scanned
20260610_175521_48753422,656,car,Node1,46354890,67761.98371702305,68305.49448291103,True,scanned
20260610_175521_48753422,657,shuttle,Bus_start,46477307,67763.2554450805,68790.53319024788,True,scanned
20260610_175521_48753422,658,car,Node1,46354890,67764.42146121462,68305.49448291103,True,scanned
20260610_175521_48753422,659,car,Node5,3611512307,67764.83042293329,68338.67419936767,True,scanned
20260610_175521_48753422,660,car,Node1,46354890,67765.6675422397,68305.49448291103,True,scanned
20260610_175521_48753422,661,shuttle,Bus_start,46477307,67766.58239044368,68794.92132925743,True,scanned
20260610_175521_48753422,662,car,Node1,46354890,67773.19455852499,68305.61422286392,True,scanned
20260610_175521_48753422,663,car,Node5,3611512307,67773.4053353766,68349.4120315206,True,scanned
20260610_175521_48753422,664,shuttle,Bus_start,46477307,67775.01360648108,68796.04444194904,True,scanned
20260610_175521_48753422,665,shuttle,Bus_start,46477307,67780.45137583623,68798.25109126685,True,scanned
20260610_175521_48753422,666,car,Node1,46354890,67781.91456092754,68314.61422286392,True,scanned
20260610_175521_48753422,667,shuttle,Bus_start,46477307,67784.05542208397,68803.53319024788,True,scanned
20260610_175521_48753422,668,shuttle,Bus_start,46477307,67784.56815279236,68803.92132925743,True,scanned
20260610_175521_48753422,669,car,Node5,3611512307,67785.70766241834,68368.91234788012,True,scanned
20260610_175521_48753422,670,car,Node4,46493064,67787.42760127623,68406.18301802993,True,scanned
20260610_175521_48753422,671,car,Node1,46354890,67790.64461822297,68316.61422286392,True,scanned
20260610_175521_48753422,672,car,Node5,3611512307,67791.77337025705,68378.80958007617,True,scanned
20260610_175521_48753422,673,car,Node4,46493064,67793.77740871858,68539.90662284901,True,scanned
20260610_175521_48753422,674,shuttle,Bus_start,46477307,67798.85025828794,68805.92132925743,True,scanned
20260610_175521_48753422,675,car,Node1,46354890,67799.2585853666,68320.10873888791,True,scanned
20260610_175521_48753422,676,car,Node1,46354890,67799.3915823589,68320.10873888791,True,scanned
20260610_175521_48753422,677,car,Node1,46354890,67800.40016176488,68320.10873888791,True,scanned
20260610_175521_48753422,678,shuttle,Bus_start,46477307,67801.422602771,68806.04444194904,True,scanned
20260610_175521_48753422,679,car,Node5,3611512307,67801.45949233924,68378.80958007617,True,scanned
20260610_175521_48753422,680,car,Node5,3611512307,67801.64502142824,68378.80958007617,True,scanned
20260610_175521_48753422,681,shuttle,Bus_start,46477307,67802.33503335438,68809.04444194904,True,scanned
20260610_175521_48753422,682,car,Node1,46354890,67804.65268902779,68342.65146761792,True,scanned
20260610_175521_48753422,683,shuttle,Bus_start,46477307,67805.25384638095,69162.95375608157,True,scanned
20260610_175521_48753422,684,car,Node5,3611512307,67806.36046624274,68391.04801355781,True,scanned
20260610_175521_48753422,685,shuttle,Bus_start,46477307,67808.98086310869,69164.96037483499,True,scanned
20260610_175521_48753422,686,shuttle,Bus_start,46477307,67810.96745917105,69166.95375608157,True,scanned
20260610_175521_48753422,687,car,Node1,46354890,67813.20747557006,68342.65146761792,True,scanned
20260610_175521_48753422,688,car,Node5,3611512307,67816.72070879808,68391.80958007617,True,scanned
20260610_175521_48753422,689,car,Node5,3611512307,67816.8392917,68395.39454929106,True,scanned
20260610_175521_48753422,690,shuttle,Bus_start,46477307,67821.79724933491,69168.95375608157,True,scanned
20260610_175521_48753422,691,shuttle,Bus_start,46477307,67823.72609903036,69173.42198842535,True,scanned
20260610_175521_48753422,692,car,Node1,46354890,67825.26275586845,68342.65146761792,True,scanned
20260610_175521_48753422,693,shuttle,Bus_start,46477307,67834.45367965264,69173.42198842535,True,scanned
20260610_175521_48753422,694,car,Node1,46354890,67838.74705590308,68355.91234788012,True,scanned
20260610_175521_48753422,695,shuttle,Bus_start,46477307,67842.37365475616,69174.95375608157,True,scanned
20260610_175521_48753422,696,car,Node1,46354890,67842.6633335589,68355.91234788012,True,scanned
20260610_175521_48753422,697,car,Node1,46354890,67843.8363005445,68355.91234788012,True,scanned
20260610_175521_48753422,698,shuttle,Bus_start,46477307,67844.24094233497,69179.95375608157,True,scanned
20260610_175521_48753422,699,car,Node1,46354890,67847.6753324636,68362.85052551865,True,scanned
20260610_175521_48753422,700,car,Node1,46354890,67849.20926020217,68362.85052551865,True,scanned
20260610_175521_48753422,701,shuttle,Bus_start,46477307,67851.0037409614,69181.95375608157,True,scanned
20260610_175521_48753422,702,car,Node1,46354890,67851.69614153555,68370.0585684808,True,scanned
20260610_175521_48753422,703,car,Node1,46354890,67851.99307222654,68374.0304012667,True,scanned
20260610_175521_48753422,704,car,Node5,3611512307,67855.6896417783,68462.30500972013,True,scanned
20260610_175521_48753422,705,car,Node1,46354890,67856.46220014468,68382.08568675279,True,scanned
20260610_175521_48753422,706,car,Node1,46354890,67859.39326331408,68382.08568675279,True,scanned
20260610_175521_48753422,707,car,Node1,46354890,67863.00111838795,68382.08568675279,True,scanned
20260610_175521_48753422,708,shuttle,Bus_start,46477307,67865.04678418893,69183.72960903161,True,scanned
20260610_175521_48753422,709,shuttle,Bus_start,46477307,67870.91192922443,69186.42198842535,True,scanned
20260610_175521_48753422,710,car,Node1,46354890,67871.68714504421,68389.58527006595,True,scanned
20260610_175521_48753422,711,shuttle,Bus_start,46477307,67873.61810859335,69186.42198842535,True,scanned
20260610_175521_48753422,712,shuttle,Bus_start,46477307,67873.7548987818,69187.95375608157,True,scanned
20260610_175521_48753422,713,shuttle,Bus_start,46477307,67878.2583817102,69189.12634874939,True,scanned
20260610_175521_48753422,714,shuttle,Bus_start,46477307,67879.96202796994,69190.96037483499,True,scanned
20260610_175521_48753422,715,shuttle,Bus_start,46477307,67881.54360621677,69196.72960903161,True,scanned
20260610_175521_48753422,716,car,Node5,3611512307,67885.56706754805,68462.30500972013,True,scanned
20260610_175521_48753422,717,shuttle,Bus_start,46477307,67887.38828371032,69200.95375608157,True,scanned
20260610_175521_48753422,718,car,Node1,46354890,67887.62449543303,68402.87604710303,True,scanned
20260610_175521_48753422,719,car,Node1,46354890,67887.92666345178,68402.87604710303,True,scanned
20260610_175521_48753422,720,car,Node1,46354890,67888.18272891105,68406.21710463043,True,scanned
20260610_175521_48753422,721,shuttle,Bus_start,46477307,67889.25624025302,69202.12634874939,True,scanned
20260610_175521_48753422,722,shuttle,Bus_start,46477307,67891.4043144652,69203.96037483499,True,scanned
20260610_175521_48753422,723,shuttle,Bus_start,46477307,67893.11857562985,69205.95375608157,True,scanned
20260610_175521_48753422,724,car,Node5,3611512307,67895.49032788703,68462.30500972013,True,scanned
20260610_175521_48753422,725,car,Node1,46354890,67896.489591477,68420.36458275613,True,scanned
20260610_175521_48753422,726,car,Node2,46336597,67901.18300914785,68444.29752612735,True,scanned
20260610_175521_48753422,727,shuttle,Bus_start,46477307,67902.14554498484,69207.95375608157,True,scanned
20260610_175521_48753422,728,car,Node1,46354890,67906.87343482849,68420.36458275613,True,scanned
20260610_175521_48753422,729,car,Node1,46354890,67908.8478997716,68427.75017763159,True,scanned
20260610_175521_48753422,730,shuttle,Bus_start,46477307,67909.9225111339,69209.72960903161,True,scanned
20260610_175521_48753422,731,car,Node1,46354890,67911.5279606819,68427.75017763159,True,scanned
20260610_175521_48753422,732,car,Node1,46354890,67912.10712866194,68432.15662546128,True,scanned
20260610_175521_48753422,733,car,Node5,3611512307,67918.59870402407,68515.04488293926,True,scanned
20260610_175521_48753422,734,car,Node1,46354890,67918.9576258777,68439.92806406798,True,scanned
20260610_175521_48753422,735,shuttle,Bus_start,46477307,67919.08569421218,69213.95375608157,True,scanned
20260610_175521_48753422,736,car,Node2,46336597,67919.13791487055,68459.81368972313,True,scanned
20260610_175521_48753422,737,shuttle,Bus_start,46477307,67919.2494863389,69215.12634874939,True,scanned
20260610_175521_48753422,738,car,Node1,46354890,67920.27488080518,68439.92806406798,True,scanned
20260610_175521_48753422,739,car,Node1,46354890,67921.25331088653,68448.47700280567,True,scanned
20260610_175521_48753422,740,car,Node1,46354890,67922.39434026783,68448.47700280567,True,scanned
20260610_175521_48753422,741,car,Node1,46354890,67923.07356784819,68448.47700280567,True,scanned
20260610_175521_48753422,742,shuttle,Bus_start,46477307,67928.0982869427,69216.96037483499,True,scanned
20260610_175521_48753422,743,car,Node4,46493064,67931.08132025457,68539.90662284901,True,scanned
20260610_175521_48753422,744,shuttle,Bus_start,46477307,67933.48600000555,69218.95375608157,True,scanned
20260610_175521_48753422,745,car,Node1,46354890,67934.35135766408,68463.36842267735,True,scanned
20260610_175521_48753422,746,shuttle,Bus_start,46477307,67936.04249161626,69225.42198842535,True,scanned
20260610_175521_48753422,747,car,Node1,46354890,67941.44338072791,68463.36842267735,True,scanned
20260610_175521_48753422,748,shuttle,Bus_start,46477307,67942.01384883183,69226.95375608157,True,scanned
20260610_175521_48753422,749,car,Node4,46493064,67942.07648870269,68627.04444194904,True,scanned
20260610_175521_48753422,750,car,Node1,46354890,67942.27390880905,68469.81368972313,True,scanned
20260610_175521_48753422,751,car,Node1,46354890,67943.31893447318,68469.81368972313,True,scanned
20260610_175521_48753422,752,shuttle,Bus_start,46477307,67947.47370329303,69228.12634874939,True,scanned
20260610_175521_48753422,753,shuttle,Bus_start,46477307,67950.47250921685,69229.96037483499,True,scanned
20260610_175521_48753422,754,car,Node5,3611512307,67953.24802050693,68515.04488293926,True,scanned
20260610_175521_48753422,755,shuttle,Bus_start,46477307,67956.57982216893,69231.95375608157,True,scanned
20260610_175521_48753422,756,car,Node5,3611512307,67961.94355707285,68533.58531762187,True,scanned
20260610_175521_48753422,757,shuttle,Bus_start,46477307,67962.29059402065,69233.95375608157,True,scanned
20260610_175521_48753422,758,car,Node5,3611512307,67962.89058623693,68533.58531762187,True,scanned
20260610_175521_48753422,759,shuttle,Bus_start,46477307,67965.25345518782,69238.42198842535,True,scanned
20260610_175521_48753422,760,shuttle,Bus_start,46477307,67966.52763075159,69244.95375608157,True,scanned
20260610_175521_48753422,761,car,Node1,46354890,67967.65202047711,68486.04009312835,True,scanned
20260610_175521_48753422,762,car,Node5,3611512307,67969.06434400665,68533.58531762187,True,scanned
20260610_175521_48753422,763,car,Node1,46354890,67972.12925806944,68492.25706237776,True,scanned
20260610_175521_48753422,764,car,Node5,3611512307,67975.1136080039,68558.59525510286,True,scanned
20260610_175521_48753422,765,car,Node5,3611512307,67976.94628130048,68558.59525510286,True,scanned
20260610_175521_48753422,766,car,Node1,46354890,67977.80305140301,68499.29677608934,True,scanned
20260610_175521_48753422,767,car,Node1,46354890,67978.87671035524,68515.11022440376,True,scanned
20260610_175521_48753422,768,shuttle,Bus_start,46477307,67984.35365447846,69246.95375608157,True,scanned
20260610_175521_48753422,769,shuttle,Bus_start,46477307,67986.50817532041,69248.72960903161,True,scanned
20260610_175521_48753422,770,shuttle,Bus_start,46477307,67988.52901746219,69251.42198842535,True,scanned
20260610_175521_48753422,771,car,Node4,46493064,67989.73744406262,68629.25109126685,True,scanned
20260610_175521_48753422,772,car,Node5,3611512307,67989.87784655749,68558.59525510286,True,scanned
20260610_175521_48753422,773,shuttle,Bus_start,46477307,67992.32003015744,69252.95375608157,True,scanned
20260610_175521_48753422,774,car,Node1,46354890,67996.88595003642,68515.11022440376,True,scanned
20260610_175521_48753422,775,car,Node1,46354890,67998.53570760123,68515.11022440376,True,scanned
20260610_175521_48753422,776,car,Node4,46493064,68006.37261182509,68629.88109286639,True,scanned
20260610_175521_48753422,777,shuttle,Bus_start,46477307,68007.23164327157,69254.12634874939,True,scanned
20260610_175521_48753422,778,car,Node5,3611512307,68007.39830535463,68575.04444194904,True,scanned
20260610_175521_48753422,779,shuttle,Bus_start,46477307,68007.4863781243,69255.96037483499,True,scanned
20260610_175521_48753422,780,shuttle,Bus_start,46477307,68008.55771384998,69265.95375608157,True,scanned
20260610_175521_48753422,781,car,Node1,46354890,68010.81089075093,68540.75229986354,True,scanned
20260610_175521_48753422,782,car,Node5,3611512307,68011.05469116227,68582.53319024788,True,scanned
20260610_175521_48753422,783,car,Node1,46354890,68018.65406184584,68540.75229986354,True,scanned
20260610_175521_48753422,784,car,Node4,46493064,68020.16278495871,68655.88109286639,True,scanned
20260610_175521_48753422,785,car,Node5,3611512307,68021.40495504306,68603.88109286639,True,scanned
20260610_175521_48753422,786,car,Node5,3611512307,68023.53132229137,68608.53319024788,True,scanned
20260610_175521_48753422,787,shuttle,Bus_start,46477307,68026.44825276674,69267.12634874939,True,scanned
20260610_175521_48753422,788,car,Node1,46354890,68027.14942000198,68540.75229986354,True,scanned
20260610_175521_48753422,789,shuttle,Bus_start,46477307,68027.35096589226,69268.96037483499,True,scanned
20260610_175521_48753422,790,shuttle,Bus_start,46477307,68028.1750009327,69270.95375608157,True,scanned
20260610_175521_48753422,791,car,Node1,46354890,68028.40367216279,68546.58531762187,True,scanned
20260610_175521_48753422,792,car,Node1,46354890,68028.59111068469,68546.58531762187,True,scanned
20260610_175521_48753422,793,car,Node2,46336597,68029.85016346682,68662.92132925743,True,scanned
20260610_175521_48753422,794,car,Node5,3611512307,68032.93124950827,68608.92132925743,True,scanned
20260610_175521_48753422,795,car,Node1,46354890,68034.55858659846,68553.60802589505,True,scanned
20260610_175521_48753422,796,shuttle,Bus_start,46477307,68037.80959569941,69277.42198842535,True,scanned
20260610_175521_48753422,797,shuttle,Bus_start,46477307,68039.62066102999,69277.42198842535,True,scanned
20260610_175521_48753422,798,shuttle,Bus_start,46477307,68040.99920459026,69278.95375608157,True,scanned
20260610_175521_48753422,799,shuttle,Bus_start,46477307,68043.73206417989,69283.95375608157,True,scanned
20260610_175521_48753422,800,car,Node1,46354890,68044.40924214614,68560.49512635334,True,scanned
20260610_175521_48753422,801,car,Node1,46354890,68044.75948230611,68566.9117627888,True,scanned
20260610_175521_48753422,802,car,Node5,3611512307,68046.20675363,68642.88109286639,True,scanned
20260610_175521_48753422,803,shuttle,Bus_start,46477307,68047.45096997908,69287.72960903161,True,scanned
20260610_175521_48753422,804,shuttle,Bus_start,46477307,68048.07692862391,69290.42198842535,True,scanned
20260610_175521_48753422,805,shuttle,Bus_start,46477307,68049.14074873418,69290.42198842535,True,scanned
20260610_175521_48753422,806,car,Node1,46354890,68049.35875658011,68566.9117627888,True,scanned
20260610_175521_48753422,807,shuttle,Bus_start,46477307,68050.72343491521,69293.12634874939,True,scanned
20260610_175521_48753422,808,shuttle,Bus_start,46477307,68053.95725107126,69296.95375608157,True,scanned
20260610_175521_48753422,809,shuttle,Bus_start,46477307,68054.0415055558,69298.95375608157,True,scanned
20260610_175521_48753422,810,shuttle,Bus_start,46477307,68054.67173564734,69303.42198842535,True,scanned
20260610_175521_48753422,811,car,Node1,46354890,68054.69168174706,68572.53319024788,True,scanned
20260610_175521_48753422,812,car,Node1,46354890,68054.98960944927,68577.25109126685,True,scanned
20260610_175521_48753422,813,car,Node4,46493064,68055.69344890802,68707.88109286639,True,scanned
20260610_175521_48753422,814,car,Node5,3611512307,68056.62307819373,68647.53319024788,True,scanned
20260610_175521_48753422,815,car,Node5,3611512307,68056.99943377575,68647.92132925743,True,scanned
20260610_175521_48753422,816,car,Node1,46354890,68058.1452308007,68577.25109126685,True,scanned
20260610_175521_48753422,817,car,Node5,3611512307,68060.39586709271,68666.04444194904,True,scanned
20260610_175521_48753422,818,car,Node5,3611512307,68060.41062507428,68668.25109126685,True,scanned
20260610_175521_48753422,819,car,Node4,46493064,68061.66641389877,68712.53319024788,True,scanned
20260610_175521_48753422,820,car,Node1,46354890,68062.97769271127,68585.04444194904,True,scanned
20260610_175521_48753422,821,car,Node1,46354890,68064.66965136972,68588.04444194904,True,scanned
20260610_175521_48753422,822,car,Node1,46354890,68064.95807973397,68590.25109126685,True,scanned
20260610_175521_48753422,823,car,Node5,3611512307,68065.19281317932,68668.88109286639,True,scanned
20260610_175521_48753422,824,car,Node1,46354890,68068.04131467998,68610.92132925743,True,scanned
20260610_175521_48753422,825,car,Node4,46493064,68068.31507331348,68727.92132925743,True,scanned
20260610_175521_48753422,826,car,Node5,3611512307,68069.5869158323,68681.88109286639,True,scanned
20260610_175521_48753422,827,car,Node1,46354890,68071.8362972346,68611.04444194904,True,scanned
20260610_175521_48753422,828,car,Node5,3611512307,68074.23573267985,68686.53319024788,True,scanned
20260610_175521_48753422,829,car,Node5,3611512307,68080.24484643305,68694.88109286639,True,scanned
20260610_175521_48753422,830,shuttle,Bus_start,46477307,68082.2272146402,69304.95375608157,True,scanned
20260610_175521_48753422,831,car,Node1,46354890,68090.16906425728,68612.92132925743,True,scanned
20260610_175521_48753422,832,shuttle,Bus_start,46477307,68090.21538803226,69307.96037483499,True,scanned
20260610_175521_48753422,833,shuttle,Bus_start,46477307,68090.56456135775,69309.95375608157,True,scanned
20260610_175521_48753422,834,car,Node1,46354890,68092.61813529248,68621.92132925743,True,scanned
20260610_175521_48753422,835,car,Node5,3611512307,68100.40672761235,68733.25109126685,True,scanned
20260610_175521_48753422,836,car,Node4,46493064,68102.56553645925,68816.53319024788,True,scanned
20260610_175521_48753422,837,shuttle,Bus_start,46477307,68103.7021229359,69311.95375608157,True,scanned
20260610_175521_48753422,838,car,Node4,46493064,68108.1434480473,68816.92132925743,True,scanned
20260610_175521_48753422,839,car,Node1,46354890,68108.74148705263,68637.04444194904,True,scanned
20260610_175521_48753422,840,car,Node5,3611512307,68111.05215339042,68733.88109286639,True,scanned
20260610_175521_48753422,841,shuttle,Bus_start,46477307,68111.40132020175,69313.72960903161,True,scanned
20260610_175521_48753422,842,shuttle,Bus_start,46477307,68113.48615894675,69319.12634874939,True,scanned
20260610_175521_48753422,843,shuttle,Bus_start,46477307,68115.17030997672,69320.96037483499,True,scanned
20260610_175521_48753422,844,car,Node1,46354890,68116.40200080881,68651.92132925743,True,scanned
20260610_175521_48753422,845,car,Node1,46354890,68117.8558044616,68653.04444194904,True,scanned
20260610_175521_48753422,846,car,Node5,3611512307,68118.18018909113,68746.88109286639,True,scanned
20260610_175521_48753422,847,shuttle,Bus_start,46477307,68118.57704258068,69322.95375608157,True,scanned
20260610_175521_48753422,848,car,Node5,3611512307,68120.09158106761,68751.53319024788,True,scanned
20260610_175521_48753422,849,car,Node5,3611512307,68120.13516777028,68751.92132925743,True,scanned
20260610_175521_48753422,850,car,Node5,3611512307,68121.95258560804,68781.92132925743,True,scanned
20260610_175521_48753422,851,car,Node1,46354890,68122.33282408299,68675.92132925743,True,scanned
20260610_175521_48753422,852,shuttle,Bus_start,46477307,68125.11661233485,69329.42198842535,True,scanned
20260610_175521_48753422,853,shuttle,Bus_start,46477307,68125.49586957047,69333.96037483499,True,scanned
20260610_175521_48753422,854,car,Node1,46354890,68129.51106569445,68676.04444194904,True,scanned
20260610_175521_48753422,855,car,Node1,46354890,68129.57576304159,68677.92132925743,True,scanned
20260610_175521_48753422,856,car,Node1,46354890,68132.6190672886,68688.92132925743,True,scanned
20260610_175521_48753422,857,car,Node4,46493064,68134.281569092,68818.92132925743,True,scanned
20260610_175521_48753422,858,car,Node1,46354890,68134.93273948564,68689.04444194904,True,scanned
20260610_175521_48753422,859,shuttle,Bus_start,46477307,68139.43114112044,69335.95375608157,True,scanned
20260610_175521_48753422,860,car,Node1,46354890,68141.08781465127,68712.92132925743,True,scanned
20260610_175521_48753422,861,shuttle,Bus_start,46477307,68141.8831260387,69339.72960903161,True,scanned
20260610_175521_48753422,862,shuttle,Bus_start,46477307,68144.96630992735,69342.42198842535,True,scanned
20260610_175521_48753422,863,shuttle,Bus_start,46477307,68146.21952725665,69345.12634874939,True,scanned
20260610_175521_48753422,864,car,Node5,3611512307,68148.43478490923,68783.04444194904,True,scanned
20260610_175521_48753422,865,shuttle,Bus_start,46477307,68149.00671320889,69346.96037483499,True,scanned
20260610_175521_48753422,866,car,Node5,3611512307,68151.26028961672,68785.25109126685,True,scanned
20260610_175521_48753422,867,shuttle,Bus_start,46477307,68151.64604381369,69350.95375608157,True,scanned
20260610_175521_48753422,868,shuttle,Bus_start,46477307,68155.77446522564,69352.72960903161,True,scanned
20260610_175521_48753422,869,shuttle,Bus_start,46477307,68160.00476189563,69355.42198842535,True,scanned
20260610_175521_48753422,870,car,Node1,46354890,68161.95887972346,68714.92132925743,True,scanned
20260610_175521_48753422,871,car,Node1,46354890,68163.82712699623,68718.04444194904,True,scanned
20260610_175521_48753422,872,car,Node1,46354890,68163.98755862731,68720.25109126685,True,scanned
20260610_175521_48753422,873,shuttle,Bus_start,46477307,68166.08967455236,69358.12634874939,True,scanned
20260610_175521_48753422,874,car,Node1,46354890,68166.27218208107,68728.04444194904,True,scanned
20260610_175521_48753422,875,car,Node5,3611512307,68168.42478603656,68811.25109126685,True,scanned
20260610_175521_48753422,876,shuttle,Bus_start,46477307,68171.28974771581,69359.96037483499,True,scanned
20260610_175521_48753422,877,car,Node5,3611512307,68173.79576775408,68811.88109286639,True,scanned
20260610_175521_48753422,878,car,Node1,46354890,68176.53495871385,68741.04444194904,True,scanned
20260610_175521_48753422,879,car,Node1,46354890,68178.02621127255,68742.92132925743,True,scanned
20260610_175521_48753422,880,car,Node1,46354890,68178.73597702678,68744.04444194904,True,scanned
20260610_175521_48753422,881,shuttle,Bus_start,46477307,68181.77378856482,69361.95375608157,True,scanned
20260610_175521_48753422,882,car,Node5,3611512307,68185.27002723559,68829.53319024788,True,scanned
20260610_175521_48753422,883,car,Node1,46354890,68186.15041182688,68755.92132925743,True,scanned
20260610_175521_48753422,884,car,Node1,46354890,68190.19258771931,68764.92132925743,True,scanned
20260610_175521_48753422,885,car,Node1,46354890,68190.42309587095,68766.92132925743,True,scanned
20260610_175521_48753422,886,shuttle,Bus_start,46477307,68191.09794809557,69368.42198842535,True,scanned
20260610_175521_48753422,887,shuttle,Bus_start,46477307,68193.33457670813,69374.95375608157,True,scanned
20260610_175521_48753422,888,car,Node5,3611512307,68196.55340222643,68829.92132925743,True,scanned
20260610_175521_48753422,889,car,Node4,46493064,68197.1011239063,68855.53319024788,True,scanned
20260610_175521_48753422,890,car,Node5,3611512307,68199.21004562765,68835.04444194904,True,scanned
20260610_175521_48753422,891,car,Node5,3611512307,68200.20901154289,68837.25109126685,True,scanned
20260610_175521_48753422,892,car,Node4,46493064,68200.4331544382,68868.53319024788,True,scanned
20260610_175521_48753422,893,car,Node1,46354890,68201.00423689238,68772.25109126685,True,scanned
20260610_175521_48753422,894,car,Node1,46354890,68201.08441113659,68772.88109286639,True,scanned
20260610_175521_48753422,895,car,Node5,3611512307,68203.85664894491,68842.92132925743,True,scanned
20260610_175521_48753422,896,shuttle,Bus_start,46477307,68204.39535551913,69376.95375608157,True,scanned
20260610_175521_48753422,897,shuttle,Bus_start,46477307,68205.74896807554,69381.42198842535,True,scanned
20260610_175521_48753422,898,car,Node1,46354890,68207.50032472138,68790.92132925743,True,scanned
20260610_175521_48753422,899,car,Node1,46354890,68210.92209515432,68792.92132925743,True,scanned
20260610_175521_48753422,900,car,Node1,46354890,68212.33311727653,68793.04444194904,True,scanned
20260610_175521_48753422,901,shuttle,Bus_start,46477307,68213.10846667788,69742.89090738699,True,scanned
20260610_175521_48753422,902,shuttle,Bus_start,46477307,68213.8235976618,69744.89090738699,True,scanned
20260610_175521_48753422,903,shuttle,Bus_start,46477307,68215.03528099388,69746.89090738699,True,scanned
20260610_175521_48753422,904,car,Node4,46493064,68215.67082339757,68868.92132925743,True,scanned
20260610_175521_48753422,905,car,Node1,46354890,68217.22517266838,68798.88109286639,True,scanned
20260610_175521_48753422,906,car,Node5,3611512307,68219.71072979331,68844.92132925743,True,scanned
20260610_175521_48753422,907,car,Node5,3611512307,68219.77782378385,68845.04444194904,True,scanned
20260610_175521_48753422,908,car,Node1,46354890,68224.04690746828,68807.92132925743,True,scanned
20260610_175521_48753422,909,car,Node5,3611512307,68224.63851738423,68850.25109126685,True,scanned
20260610_175521_48753422,910,car,Node5,3611512307,68225.15879122913,68850.88109286639,True,scanned
20260610_175521_48753422,911,car,Node5,3611512307,68225.2555609498,68859.92132925743,True,scanned
20260610_175521_48753422,912,shuttle,Bus_start,46477307,68225.95846187364,69748.89090738699,True,scanned
20260610_175521_48753422,913,shuttle,Bus_start,46477307,68225.96799495528,69753.63025428534,True,scanned
20260610_175521_48753422,914,shuttle,Bus_start,46477307,68226.01977344727,69759.89090738699,True,scanned
20260610_175521_48753422,915,shuttle,Bus_start,46477307,68228.37345133536,69761.89090738699,True,scanned
20260610_175521_48753422,916,shuttle,Bus_start,46477307,68229.11647263671,69762.41380378796,True,scanned
20260610_175521_48753422,917,car,Node1,46354890,68229.5291097208,68819.04444194904,True,scanned
20260610_175521_48753422,918,car,Node4,46493064,68230.0730187958,68870.92132925743,True,scanned
20260610_175521_48753422,919,shuttle,Bus_start,46477307,68231.78536894474,69762.41380378796,True,scanned
20260610_175521_48753422,920,car,Node1,46354890,68232.92378169806,68820.92132925743,True,scanned
20260610_175521_48753422,921,car,Node1,46354890,68236.0801255479,68822.04444194904,True,scanned
20260610_175521_48753422,922,shuttle,Bus_start,46477307,68237.056669697,69766.63025428534,True,scanned
20260610_175521_48753422,923,shuttle,Bus_start,46477307,68238.66890799438,69772.89090738699,True,scanned
20260610_175521_48753422,924,car,Node5,3611512307,68240.8843517708,68861.04444194904,True,scanned
20260610_175521_48753422,925,car,Node1,46354890,68240.95599389712,68824.25109126685,True,scanned
20260610_175521_48753422,926,car,Node1,46354890,68241.4697635153,68824.88109286639,True,scanned
20260610_175521_48753422,927,car,Node1,46354890,68242.42879902708,68831.92132925743,True,scanned
20260610_175521_48753422,928,car,Node1,46354890,68242.62257318152,68832.04444194904,True,scanned
20260610_175521_48753422,929,car,Node5,3611512307,68243.96596993126,68874.04444194904,True,scanned
20260610_175521_48753422,930,shuttle,Bus_start,46477307,68246.80035152982,69774.89090738699,True,scanned
20260610_175521_48753422,931,shuttle,Bus_start,46477307,68247.43210974617,69775.41380378796,True,scanned
20260610_175521_48753422,932,shuttle,Bus_start,46477307,68251.62595756995,69775.41380378796,True,scanned
20260610_175521_48753422,933,shuttle,Bus_start,46477307,68252.89639897681,69779.63025428534,True,scanned
20260610_175521_48753422,934,shuttle,Bus_start,46477307,68252.93690575565,69785.89090738699,True,scanned
20260610_175521_48753422,935,car,Node1,46354890,68255.1377935729,68833.92132925743,True,scanned
20260610_175521_48753422,936,car,Node1,46354890,68258.78964627578,68837.88109286639,True,scanned
20260610_175521_48753422,937,shuttle,Bus_start,46477307,68259.8185500562,69787.89090738699,True,scanned
20260610_175521_48753422,938,shuttle,Bus_start,46477307,68260.58891850663,69788.41380378796,True,scanned
20260610_175521_48753422,939,car,Node1,46354890,68260.79339611203,68842.53319024788,True,scanned
20260610_175521_48753422,940,shuttle,Bus_start,46477307,68261.0807435148,69794.89090738699,True,scanned
20260610_175521_48753422,941,shuttle,Bus_start,46477307,68264.51129223536,69796.89090738699,True,scanned
20260610_175521_48753422,942,car,Node1,46354890,68269.21245446026,68846.92132925743,True,scanned
20260610_175521_48753422,943,shuttle,Bus_start,46477307,68269.49453250962,69801.41380378796,True,scanned
20260610_175521_48753422,944,shuttle,Bus_start,46477307,68269.8558810726,69805.63025428534,True,scanned
20260610_175521_48753422,945,shuttle,Bus_start,46477307,68270.35352303134,69805.63025428534,True,scanned
20260610_175521_48753422,946,shuttle,Bus_start,46477307,68270.72644722475,69813.89090738699,True,scanned
20260610_175521_48753422,947,shuttle,Bus_start,46477307,68271.89693807534,69814.41380378796,True,scanned
20260610_175521_48753422,948,car,Node5,3611512307,68272.45395716118,68876.25109126685,True,scanned
20260610_175521_48753422,949,shuttle,Bus_start,46477307,68272.51882629309,69818.63025428534,True,scanned
20260610_175521_48753422,950,shuttle,Bus_start,46477307,68272.85144677087,69818.63025428534,True,scanned
20260610_175521_48753422,951,shuttle,Bus_start,46477307,68273.15547669044,69820.89090738699,True,scanned
20260610_175521_48753422,952,car,Node4,46493064,68274.24915794327,68897.86147636853,True,scanned
20260610_175521_48753422,953,shuttle,Bus_start,46477307,68276.16273305008,69822.89090738699,True,scanned
20260610_175521_48753422,954,shuttle,Bus_start,46477307,68277.90579140221,69824.89090738699,True,scanned
20260610_175521_48753422,955,shuttle,Bus_start,46477307,68278.81683141601,69826.89090738699,True,scanned
20260610_175521_48753422,956,car,Node5,3611512307,68279.26247736553,68876.88109286639,True,scanned
20260610_175521_48753422,957,car,Node1,46354890,68283.39354304256,68848.04444194904,True,scanned
20260610_175521_48753422,958,car,Node1,46354890,68287.40147358655,68855.92132925743,True,scanned
20260610_175521_48753422,959,car,Node4,46493064,68288.53274049226,68898.92132925743,True,scanned
20260610_175521_48753422,960,shuttle,Bus_start,46477307,68288.95647708433,69827.41380378796,True,scanned
20260610_175521_48753422,961,car,Node1,46354890,68290.13350798769,68857.92132925743,True,scanned
20260610_175521_48753422,962,shuttle,Bus_start,46477307,68291.90533945145,69833.89090738699,True,scanned
20260610_175521_48753422,963,shuttle,Bus_start,46477307,68294.88983808881,69839.89090738699,True,scanned
20260610_175521_48753422,964,car,Node1,46354890,68296.01125867695,68858.04444194904,True,scanned
20260610_175521_48753422,965,shuttle,Bus_start,46477307,68296.22694178259,69840.41380378796,True,scanned
20260610_175521_48753422,966,car,Node4,46493064,68296.63607964023,68994.21435062637,True,scanned
20260610_175521_48753422,967,shuttle,Bus_start,46477307,68297.04277299286,69844.63025428534,True,scanned
20260610_175521_48753422,968,shuttle,Bus_start,46477307,68299.33172065865,69846.89090738699,True,scanned
20260610_175521_48753422,969,car,Node5,3611512307,68300.60953355262,68889.88109286639,True,scanned
20260610_175521_48753422,970,shuttle,Bus_start,46477307,68301.58672956069,69848.89090738699,True,scanned
20260610_175521_48753422,971,shuttle,Bus_start,46477307,68301.94643375507,69850.89090738699,True,scanned
20260610_175521_48753422,972,shuttle,Bus_start,46477307,68302.8043902398,69852.89090738699,True,scanned
20260610_175521_48753422,973,car,Node5,3611512307,68303.29966036128,68894.53319024788,True,scanned
20260610_175521_48753422,974,shuttle,Bus_start,46477307,68305.76746741972,69863.89090738699,True,scanned
20260610_175521_48753422,975,car,Node1,46354890,68306.20496651402,68863.25109126685,True,scanned
20260610_175521_48753422,976,shuttle,Bus_start,46477307,68306.22109401523,69865.89090738699,True,scanned
20260610_175521_48753422,977,car,Node1,46354890,68308.45408538816,68863.88109286639,True,scanned
20260610_175521_48753422,978,car,Node5,3611512307,68309.21292529519,68926.57428895643,True,scanned
20260610_175521_48753422,979,shuttle,Bus_start,46477307,68311.66886159053,69866.41380378796,True,scanned
20260610_175521_48753422,980,shuttle,Bus_start,46477307,68318.02672485623,69866.41380378796,True,scanned
20260610_175521_48753422,981,car,Node1,46354890,68321.73888134274,68871.04444194904,True,scanned
20260610_175521_48753422,982,shuttle,Bus_start,46477307,68325.53203002384,69874.89090738699,True,scanned
20260610_175521_48753422,983,shuttle,Bus_start,46477307,68327.96029657152,69876.89090738699,True,scanned
20260610_175521_48753422,984,shuttle,Bus_start,46477307,68329.0270160899,69878.89090738699,True,scanned
20260610_175521_48753422,985,shuttle,Bus_start,46477307,68329.4676525589,69879.41380378796,True,scanned
20260610_175521_48753422,986,shuttle,Bus_start,46477307,68337.15234128981,69879.41380378796,True,scanned
20260610_175521_48753422,987,car,Node5,3611512307,68338.75933144252,68926.57428895643,True,scanned
20260610_175521_48753422,988,shuttle,Bus_start,46477307,68341.6407109448,69883.63025428534,True,scanned
20260610_175521_48753422,989,shuttle,Bus_start,46477307,68342.66984443703,69883.63025428534,True,scanned
20260610_175521_48753422,990,car,Node1,46354890,68343.36216018585,68872.92132925743,True,scanned
20260610_175521_48753422,991,car,Node1,46354890,68343.4226677356,68881.53319024788,True,scanned
20260610_175521_48753422,992,car,Node1,46354890,68345.66149498947,68881.92132925743,True,scanned
20260610_175521_48753422,993,shuttle,Bus_start,46477307,68349.53646631987,69885.89090738699,True,scanned
20260610_175521_48753422,994,car,Node1,46354890,68350.5594923127,68883.92132925743,True,scanned
20260610_175521_48753422,995,car,Node1,46354890,68357.4969339598,68884.04444194904,True,scanned
20260610_175521_48753422,996,car,Node1,46354890,68357.73556922574,68885.92132925743,True,scanned
20260610_175521_48753422,997,car,Node5,3611512307,68360.36985673275,68926.57428895643,True,scanned
20260610_175521_48753422,998,car,Node1,46354890,68360.99377619538,68887.04444194904,True,scanned
20260610_175521_48753422,999,car,Node1,46354890,68362.15738524779,68889.25109126685,True,scanned
20260610_175521_48753422,1000,car,Node4,46493064,68363.22352291842,68995.46636390449,True,scanned
20260610_175521_48753422,1001,car,Node5,3611512307,68368.62973402551,68942.27280567093,True,scanned
20260610_175521_48753422,1002,shuttle,Bus_start,46477307,68369.6706617458,69887.89090738699,True,scanned
20260610_175521_48753422,1003,shuttle,Bus_start,46477307,68369.94480712959,69889.89090738699,True,scanned
20260610_175521_48753422,1004,car,Node5,3611512307,68371.28094890609,68942.27280567093,True,scanned
20260610_175521_48753422,1005,shuttle,Bus_start,46477307,68373.17279046551,69891.89090738699,True,scanned
20260610_175521_48753422,1006,car,Node5,3611512307,68374.86530833563,68942.27280567093,True,scanned
20260610_175521_48753422,1007,car,Node1,46354890,68375.02245169936,68894.92132925743,True,scanned
20260610_175521_48753422,1008,car,Node1,46354890,68379.8517166647,68896.92132925743,True,scanned
20260610_175521_48753422,1009,car,Node1,46354890,68385.1812767798,68900.04444194904,True,scanned
20260610_175521_48753422,1010,car,Node4,46493064,68387.46071254517,68996.74466032235,True,scanned
20260610_175521_48753422,1011,car,Node1,46354890,68387.7039193103,68902.25109126685,True,scanned
20260610_175521_48753422,1012,car,Node1,46354890,68392.36672476666,68914.93860790053,True,scanned
20260610_175521_48753422,1013,car,Node4,46493064,68394.41492777667,69133.97460408742,True,scanned
20260610_175521_48753422,1014,car,Node1,46354890,68395.42807119986,68914.93860790053,True,scanned
20260610_175521_48753422,1015,shuttle,Bus_start,46477307,68401.55167484585,69892.41380378796,True,scanned
20260610_175521_48753422,1016,car,Node5,3611512307,68401.78511896943,68983.74466032235,True,scanned
20260610_175521_48753422,1017,shuttle,Bus_start,46477307,68402.12244661174,69892.41380378796,True,scanned
20260610_175521_48753422,1018,car,Node1,46354890,68405.22789129122,68914.93860790053,True,scanned
20260610_175521_48753422,1019,shuttle,Bus_start,46477307,68406.7413537035,69896.63025428534,True,scanned
20260610_175521_48753422,1020,shuttle,Bus_start,46477307,68410.87825583336,69896.63025428534,True,scanned
20260610_175521_48753422,1021,car,Node1,46354890,68411.25434891979,68927.30287571631,True,scanned
20260610_175521_48753422,1022,shuttle,Bus_start,46477307,68411.99636259887,69904.89090738699,True,scanned
20260610_175521_48753422,1023,car,Node1,46354890,68412.95147157671,68927.30287571631,True,scanned
20260610_175521_48753422,1024,car,Node5,3611512307,68416.15575242693,68983.74466032235,True,scanned
20260610_175521_48753422,1025,car,Node1,46354890,68416.58460259576,68927.93860790053,True,scanned
20260610_175521_48753422,1026,car,Node5,3611512307,68419.5729990065,68983.74466032235,True,scanned
20260610_175521_48753422,1027,car,Node5,3611512307,68425.71812178873,69013.18314681677,True,scanned
20260610_175521_48753422,1028,shuttle,Bus_start,46477307,68426.55391784053,69905.41380378796,True,scanned
20260610_175521_48753422,1029,car,Node1,46354890,68426.82880887458,68941.3146811057,True,scanned
20260610_175521_48753422,1030,shuttle,Bus_start,46477307,68427.58574435744,69905.41380378796,True,scanned
20260610_175521_48753422,1031,shuttle,Bus_start,46477307,68428.7592128185,69909.63025428534,True,scanned
20260610_175521_48753422,1032,car,Node1,46354890,68431.61390630345,68941.3146811057,True,scanned
20260610_175521_48753422,1033,car,Node1,46354890,68431.64360466844,68957.59292748674,True,scanned
20260610_175521_48753422,1034,shuttle,Bus_start,46477307,68436.81354749305,69911.89090738699,True,scanned
20260610_175521_48753422,1035,shuttle,Bus_start,46477307,68442.24319876541,69913.89090738699,True,scanned
20260610_175521_48753422,1036,car,Node5,3611512307,68445.17203641948,69013.18314681677,True,scanned
20260610_175521_48753422,1037,car,Node1,46354890,68448.17303979535,68957.59292748674,True,scanned
20260610_175521_48753422,1038,car,Node1,46354890,68448.17655412207,68957.59292748674,True,scanned
20260610_175521_48753422,1039,shuttle,Bus_start,46477307,68448.9340297303,69918.41380378796,True,scanned
20260610_175521_48753422,1040,car,Node1,46354890,68450.13755156867,68972.03042133166,True,scanned
20260610_175521_48753422,1041,shuttle,Bus_start,46477307,68457.85688453955,69918.41380378796,True,scanned
20260610_175521_48753422,1042,shuttle,Bus_start,46477307,68458.73866234056,69922.63025428534,True,scanned
20260610_175521_48753422,1043,shuttle,Bus_start,46477307,68460.12209483772,69922.63025428534,True,scanned
20260610_175521_48753422,1044,car,Node1,46354890,68460.50568674704,68972.03042133166,True,scanned
20260610_175521_48753422,1045,shuttle,Bus_start,46477307,68467.88965305207,69924.89090738699,True,scanned
20260610_175521_48753422,1046,car,Node5,3611512307,68468.66440464537,69035.59617302316,True,scanned
20260610_175521_48753422,1047,shuttle,Bus_start,46477307,68468.7404497902,69930.89090738699,True,scanned
20260610_175521_48753422,1048,car,Node1,46354890,68470.28505430353,68982.46636390449,True,scanned
20260610_175521_48753422,1049,car,Node1,46354890,68471.54737545039,68989.98015249388,True,scanned
20260610_175521_48753422,1050,car,Node1,46354890,68472.83672884549,68989.98015249388,True,scanned
20260610_175521_48753422,1051,shuttle,Bus_start,46477307,68472.9277459407,69931.41380378796,True,scanned
20260610_175521_48753422,1052,shuttle,Bus_start,46477307,68474.86156115524,69931.41380378796,True,scanned
20260610_175521_48753422,1053,car,Node4,46493064,68475.91355280773,69133.97460408742,True,scanned
20260610_175521_48753422,1054,car,Node1,46354890,68477.44169218402,68989.98015249388,True,scanned
20260610_175521_48753422,1055,car,Node1,46354890,68477.53727669691,68996.74466032235,True,scanned
20260610_175521_48753422,1056,shuttle,Bus_start,46477307,68478.84547404546,69935.63025428534,True,scanned
20260610_175521_48753422,1057,car,Node5,3611512307,68479.04130639143,69059.15271558696,True,scanned
20260610_175521_48753422,1058,car,Node1,46354890,68481.08627723258,68999.98015249388,True,scanned
20260610_175521_48753422,1059,car,Node1,46354890,68481.09458178304,69004.21435062637,True,scanned
20260610_175521_48753422,1060,shuttle,Bus_start,46477307,68485.40004881595,69935.63025428534,True,scanned
20260610_175521_48753422,1061,car,Node5,3611512307,68488.94656740638,69059.15271558696,True,scanned
20260610_175521_48753422,1062,shuttle,Bus_start,46477307,68490.11534504863,69937.89090738699,True,scanned
20260610_175521_48753422,1063,shuttle,Bus_start,46477307,68490.828528764,69941.89090738699,True,scanned
20260610_175521_48753422,1064,car,Node1,46354890,68491.41568537398,69010.27071549182,True,scanned
20260610_175521_48753422,1065,shuttle,Bus_start,46477307,68491.73122415988,69943.89090738699,True,scanned
20260610_175521_48753422,1066,car,Node5,3611512307,68492.22394193397,69059.15271558696,True,scanned
20260610_175521_48753422,1067,car,Node1,46354890,68492.60820594645,69017.11853252261,True,scanned
20260610_175521_48753422,1068,shuttle,Bus_start,46477307,68493.17828098897,69944.41380378796,True,scanned
20260610_175521_48753422,1069,shuttle,Bus_start,46477307,68493.75955147334,69948.63025428534,True,scanned
20260610_175521_48753422,1070,shuttle,Bus_start,46477307,68493.77978740876,70322.82805869241,True,scanned
20260610_175521_48753422,1071,shuttle,Bus_start,46477307,68494.27442430773,70324.82805869241,True,scanned
20260610_175521_48753422,1072,shuttle,Bus_start,46477307,68496.5088326549,70326.82805869241,True,scanned
20260610_175521_48753422,1073,shuttle,Bus_start,46477307,68500.30388985731,70328.82805869241,True,scanned
20260610_175521_48753422,1074,car,Node1,46354890,68501.15569269196,69017.11853252261,True,scanned
20260610_175521_48753422,1075,shuttle,Bus_start,46477307,68504.02855892465,70335.82805869241,True,scanned
20260610_175521_48753422,1076,shuttle,Bus_start,46477307,68506.05607805039,70336.51972649638,True,scanned
20260610_175521_48753422,1077,car,Node1,46354890,68509.02101220911,69024.97907166793,True,scanned
20260610_175521_48753422,1078,car,Node5,3611512307,68509.35539241791,69077.30096179753,True,scanned
20260610_175521_48753422,1079,shuttle,Bus_start,46477307,68515.04621615802,70336.51972649638,True,scanned
20260610_175521_48753422,1080,car,Node1,46354890,68515.51584854565,69034.1639102932,True,scanned
20260610_175521_48753422,1081,car,Node5,3611512307,68515.92835436518,69090.1531946813,True,scanned
20260610_175521_48753422,1082,car,Node1,46354890,68517.04294275327,69034.1639102932,True,scanned
20260610_175521_48753422,1083,car,Node5,3611512307,68520.97601942036,69090.1531946813,True,scanned
20260610_175521_48753422,1084,car,Node1,46354890,68522.03574545174,69045.95117604452,True,scanned
20260610_175521_48753422,1085,car,Node4,46493064,68522.2937608924,69133.97460408742,True,scanned
20260610_175521_48753422,1086,car,Node5,3611512307,68525.33349086136,69102.00896199499,True,scanned
20260610_175521_48753422,1087,shuttle,Bus_start,46477307,68527.47501311188,70336.82805869241,True,scanned
20260610_175521_48753422,1088,car,Node1,46354890,68530.15620546683,69045.95117604452,True,scanned
20260610_175521_48753422,1089,car,Node5,3611512307,68531.66772000508,69102.00896199499,True,scanned
20260610_175521_48753422,1090,car,Node1,46354890,68534.72552851317,69054.44839860314,True,scanned
20260610_175521_48753422,1091,car,Node1,46354890,68535.26781813185,69054.44839860314,True,scanned
20260610_175521_48753422,1092,car,Node5,3611512307,68536.41533956921,69128.64805318804,True,scanned
20260610_175521_48753422,1093,shuttle,Bus_start,46477307,68536.8935536676,70338.82805869241,True,scanned
20260610_175521_48753422,1094,shuttle,Bus_start,46477307,68537.32851294568,70348.82805869241,True,scanned
20260610_175521_48753422,1095,car,Node1,46354890,68538.28887151352,69054.44839860314,True,scanned
20260610_175521_48753422,1096,shuttle,Bus_start,46477307,68539.6229607744,70349.51972649638,True,scanned
20260610_175521_48753422,1097,car,Node1,46354890,68542.75728720684,69065.62269937563,True,scanned
20260610_175521_48753422,1098,car,Node1,46354890,68544.26668534095,69065.62269937563,True,scanned
20260610_175521_48753422,1099,shuttle,Bus_start,46477307,68545.79713923497,70353.29910585909,True,scanned
20260610_175521_48753422,1100,shuttle,Bus_start,46477307,68546.21325925969,70354.82805869241,True,scanned
20260610_175521_48753422,1101,car,Node1,46354890,68548.76225670442,69067.44839860314,True,scanned
20260610_175521_48753422,1102,car,Node1,46354890,68550.16321971694,69070.5142375801,True,scanned
20260610_175521_48753422,1103,car,Node1,46354890,68550.91935218089,69070.5142375801,True,scanned
20260610_175521_48753422,1104,car,Node1,46354890,68552.70974887091,69072.15271558696,True,scanned
20260610_175521_48753422,1105,car,Node1,46354890,68552.93788246422,69074.84109559219,True,scanned
20260610_175521_48753422,1106,car,Node1,46354890,68553.30517364491,69084.49649124601,True,scanned
20260610_175521_48753422,1107,car,Node1,46354890,68554.28976476172,69084.49649124601,True,scanned
20260610_175521_48753422,1108,car,Node5,3611512307,68560.71872280362,69128.64805318804,True,scanned
20260610_175521_48753422,1109,car,Node1,46354890,68562.75968567048,69084.49649124601,True,scanned
20260610_175521_48753422,1110,shuttle,Bus_start,46477307,68563.106768263,70355.8968352343,True,scanned
20260610_175521_48753422,1111,car,Node5,3611512307,68568.78302056412,69143.97460408742,True,scanned
20260610_175521_48753422,1112,car,Node5,3611512307,68570.23829693807,69151.96037483499,True,scanned
20260610_175521_48753422,1113,car,Node1,46354890,68571.85333375384,69094.49884854397,True,scanned
20260610_175521_48753422,1114,car,Node5,3611512307,68572.48691872798,69151.96037483499,True,scanned
20260610_175521_48753422,1115,car,Node1,46354890,68575.09078499554,69094.49884854397,True,scanned
20260610_175521_48753422,1116,car,Node5,3611512307,68578.041136174,69151.96037483499,True,scanned
20260610_175521_48753422,1117,car,Node4,46493064,68588.08325572846,69212.42198842535,True,scanned
20260610_175521_48753422,1118,car,Node1,46354890,68588.8274773976,69116.28648957695,True,scanned
20260610_175521_48753422,1119,car,Node4,46493064,68594.94783048585,69212.42198842535,True,scanned
20260610_175521_48753422,1120,shuttle,Bus_start,46477307,68596.04697694235,70361.82805869241,True,scanned
20260610_175521_48753422,1121,car,Node1,46354890,68599.88296523056,69116.28648957695,True,scanned
20260610_175521_48753422,1122,car,Node1,46354890,68602.4062183965,69120.93778112301,True,scanned
20260610_175521_48753422,1123,car,Node1,46354890,68603.0165447993,69125.93465114619,True,scanned
20260610_175521_48753422,1124,car,Node5,3611512307,68605.59052437627,69177.96037483499,True,scanned
20260610_175521_48753422,1125,car,Node1,46354890,68606.65654244304,69125.93465114619,True,scanned
20260610_175521_48753422,1126,shuttle,Bus_start,46477307,68610.09918212684,70362.51972649638,True,scanned
20260610_175521_48753422,1127,car,Node1,46354890,68610.10096394336,69135.93465114619,True,scanned
20260610_175521_48753422,1128,shuttle,Bus_start,46477307,68613.60799717967,70362.51972649638,True,scanned
20260610_175521_48753422,1129,shuttle,Bus_start,46477307,68613.97785552476,70362.82805869241,True,scanned
20260610_175521_48753422,1130,shuttle,Bus_start,46477307,68614.81050100998,70366.29910585909,True,scanned
20260610_175521_48753422,1131,shuttle,Bus_start,46477307,68617.0811313623,70367.82805869241,True,scanned
20260610_175521_48753422,1132,car,Node1,46354890,68617.20734784048,69138.93465114619,True,scanned
20260610_175521_48753422,1133,shuttle,Bus_start,46477307,68617.31734968057,70368.8968352343,True,scanned
20260610_175521_48753422,1134,shuttle,Bus_start,46477307,68617.62494448932,70374.82805869241,True,scanned
20260610_175521_48753422,1135,car,Node1,46354890,68618.19702185984,69138.93465114619,True,scanned
20260610_175521_48753422,1136,shuttle,Bus_start,46477307,68618.21643976956,70375.51972649638,True,scanned
20260610_175521_48753422,1137,car,Node1,46354890,68619.14116608628,69145.93465114619,True,scanned
20260610_175521_48753422,1138,car,Node1,46354890,68621.17044211787,69146.97460408742,True,scanned
20260610_175521_48753422,1139,car,Node1,46354890,68622.0628837584,69146.97460408742,True,scanned
20260610_175521_48753422,1140,car,Node5,3611512307,68623.85701111458,69199.42198842535,True,scanned
20260610_175521_48753422,1141,car,Node5,3611512307,68625.35536009971,69199.42198842535,True,scanned
20260610_175521_48753422,1142,car,Node1,46354890,68634.41647335322,69153.97460408742,True,scanned
20260610_175521_48753422,1143,shuttle,Bus_start,46477307,68634.57876689966,70375.51972649638,True,scanned
20260610_175521_48753422,1144,car,Node1,46354890,68635.82982317128,69160.42198842535,True,scanned
20260610_175521_48753422,1145,car,Node1,46354890,68639.1007419838,69160.42198842535,True,scanned
20260610_175521_48753422,1146,car,Node1,46354890,68641.2373262173,69160.42198842535,True,scanned
20260610_175521_48753422,1147,shuttle,Bus_start,46477307,68648.71236303916,70380.82805869241,True,scanned
20260610_175521_48753422,1148,car,Node5,3611512307,68650.30660565056,69235.72960903161,True,scanned
20260610_175521_48753422,1149,shuttle,Bus_start,46477307,68651.95363894747,70381.8968352343,True,scanned
20260610_175521_48753422,1150,car,Node1,46354890,68652.39201932539,69170.72960903161,True,scanned
20260610_175521_48753422,1151,shuttle,Bus_start,46477307,68652.43257075656,70388.82805869241,True,scanned
20260610_175521_48753422,1152,shuttle,Bus_start,46477307,68655.17949117778,70390.82805869241,True,scanned
20260610_175521_48753422,1153,car,Node4,46493064,68655.67459554244,69280.12634874939,True,scanned
20260610_175521_48753422,1154,car,Node4,46493064,68655.9203212196,69281.96037483499,True,scanned
20260610_175521_48753422,1155,car,Node5,3611512307,68656.31303320346,69238.42198842535,True,scanned
20260610_175521_48753422,1156,car,Node1,46354890,68656.95284011742,69176.12634874939,True,scanned
20260610_175521_48753422,1157,shuttle,Bus_start,46477307,68657.81447592207,70392.29910585909,True,scanned
20260610_175521_48753422,1158,car,Node5,3611512307,68659.40837042932,69261.72960903161,True,scanned
20260610_175521_48753422,1159,shuttle,Bus_start,46477307,68659.43548307958,70401.51972649638,True,scanned
20260610_175521_48753422,1160,shuttle,Bus_start,46477307,68659.61029313935,70401.51972649638,True,scanned
20260610_175521_48753422,1161,car,Node4,46493064,68660.11046809825,69291.95375608157,True,scanned
20260610_175521_48753422,1162,shuttle,Bus_start,46477307,68662.34099747545,70401.82805869241,True,scanned
20260610_175521_48753422,1163,car,Node5,3611512307,68662.93790300062,69264.42198842535,True,scanned
20260610_175521_48753422,1164,shuttle,Bus_start,46477307,68665.262467481,70403.82805869241,True,scanned
20260610_175521_48753422,1165,shuttle,Bus_start,46477307,68669.20383373812,70405.29910585909,True,scanned
20260610_175521_48753422,1166,car,Node1,46354890,68671.12195375748,69192.95375608157,True,scanned
20260610_175521_48753422,1167,shuttle,Bus_start,46477307,68675.71955503088,70406.82805869241,True,scanned
20260610_175521_48753422,1168,car,Node1,46354890,68676.14792379376,69194.95375608157,True,scanned
20260610_175521_48753422,1169,shuttle,Bus_start,46477307,68680.84784752394,70407.8968352343,True,scanned
20260610_175521_48753422,1170,car,Node5,3611512307,68681.16178928144,69264.42198842535,True,scanned
20260610_175521_48753422,1171,shuttle,Bus_start,46477307,68683.51414256809,70413.82805869241,True,scanned
20260610_175521_48753422,1172,shuttle,Bus_start,46477307,68683.85105309321,70414.82805869241,True,scanned
20260610_175521_48753422,1173,shuttle,Bus_start,46477307,68685.84776065226,70416.82805869241,True,scanned
20260610_175521_48753422,1174,shuttle,Bus_start,46477307,68688.85454360882,70418.29910585909,True,scanned
20260610_175521_48753422,1175,car,Node1,46354890,68691.31329472463,69220.95375608157,True,scanned
20260610_175521_48753422,1176,shuttle,Bus_start,46477307,68691.75297833663,70419.82805869241,True,scanned
20260610_175521_48753422,1177,shuttle,Bus_start,46477307,68692.08695995362,70426.82805869241,True,scanned
20260610_175521_48753422,1178,shuttle,Bus_start,46477307,68692.73114783427,70429.82805869241,True,scanned
20260610_175521_48753422,1179,shuttle,Bus_start,46477307,68695.99803692261,70431.29910585909,True,scanned
20260610_175521_48753422,1180,car,Node4,46493064,68696.0165890431,69348.95375608157,True,scanned
20260610_175521_48753422,1181,car,Node5,3611512307,68701.01083970007,69300.72960903161,True,scanned
20260610_175521_48753422,1182,car,Node1,46354890,68701.07926024993,69222.72960903161,True,scanned
20260610_175521_48753422,1183,car,Node1,46354890,68702.64224925714,69225.42198842535,True,scanned
20260610_175521_48753422,1184,shuttle,Bus_start,46477307,68703.30087740545,70440.51972649638,True,scanned
20260610_175521_48753422,1185,car,Node4,46493064,68703.49997163382,69363.95375608157,True,scanned
20260610_175521_48753422,1186,car,Node5,3611512307,68703.51610140315,69303.42198842535,True,scanned
20260610_175521_48753422,1187,shuttle,Bus_start,46477307,68703.66125554939,70440.51972649638,True,scanned
20260610_175521_48753422,1188,car,Node5,3611512307,68705.22037377977,69330.95375608157,True,scanned
20260610_175521_48753422,1189,shuttle,Bus_start,46477307,68705.43268793312,70445.82805869241,True,scanned
20260610_175521_48753422,1190,car,Node4,46493064,68705.45314789208,69365.72960903161,True,scanned
20260610_175521_48753422,1191,car,Node4,46493064,68706.02232921476,69368.42198842535,True,scanned
20260610_175521_48753422,1192,shuttle,Bus_start,46477307,68706.24183629641,70446.8968352343,True,scanned
20260610_175521_48753422,1193,car,Node4,46493064,68709.53559439028,69424.96037483499,True,scanned
20260610_175521_48753422,1194,shuttle,Bus_start,46477307,68710.55350307083,70452.82805869241,True,scanned
20260610_175521_48753422,1195,car,Node1,46354890,68711.99567050415,69239.95375608157,True,scanned
20260610_175521_48753422,1196,car,Node1,46354890,68713.17269691794,69241.12634874939,True,scanned
20260610_175521_48753422,1197,car,Node1,46354890,68714.32225071832,69242.96037483499,True,scanned
20260610_175521_48753422,1198,car,Node1,46354890,68716.86274931108,69251.42198842535,True,scanned
20260610_175521_48753422,1199,shuttle,Bus_start,46477307,68718.90792209395,70453.51972649638,True,scanned
20260610_175521_48753422,1200,shuttle,Bus_start,46477307,68722.3048422344,70453.51972649638,True,scanned
20260610_175521_48753422,1201,car,Node5,3611512307,68724.68865220057,69332.12634874939,True,scanned
20260610_175521_48753422,1202,shuttle,Bus_start,46477307,68725.81559597117,70455.82805869241,True,scanned
20260610_175521_48753422,1203,car,Node1,46354890,68726.08547586083,69257.95375608157,True,scanned
20260610_175521_48753422,1204,car,Node1,46354890,68727.54568369103,69259.95375608157,True,scanned
20260610_175521_48753422,1205,car,Node5,3611512307,68729.10430588445,69337.95375608157,True,scanned
20260610_175521_48753422,1206,car,Node5,3611512307,68729.20867136863,69385.96037483499,True,scanned
20260610_175521_48753422,1207,car,Node5,3611512307,68731.5780493558,69387.95375608157,True,scanned
20260610_175521_48753422,1208,car,Node1,46354890,68733.48199027835,69272.95375608157,True,scanned
20260610_175521_48753422,1209,shuttle,Bus_start,46477307,68741.32790160872,70457.29910585909,True,scanned
20260610_175521_48753422,1210,shuttle,Bus_start,46477307,68745.34096124006,70458.82805869241,True,scanned
20260610_175521_48753422,1211,car,Node1,46354890,68745.74135559626,69274.72960903161,True,scanned
20260610_175521_48753422,1212,car,Node4,46493064,68747.93175316884,69426.95375608157,True,scanned
20260610_175521_48753422,1213,shuttle,Bus_start,46477307,68752.6093988621,70459.8968352343,True,scanned
20260610_175521_48753422,1214,car,Node1,46354890,68754.12225004053,69285.95375608157,True,scanned
20260610_175521_48753422,1215,car,Node1,46354890,68762.238933704,69294.96037483499,True,scanned
20260610_175521_48753422,1216,shuttle,Bus_start,46477307,68762.95906459454,70465.82805869241,True,scanned
20260610_175521_48753422,1217,shuttle,Bus_start,46477307,68763.34286575372,70468.82805869241,True,scanned
20260610_175521_48753422,1218,shuttle,Bus_start,46477307,68764.43453593325,70470.29910585909,True,scanned
20260610_175521_48753422,1219,car,Node1,46354890,68768.41439477575,69306.12634874939,True,scanned
20260610_175521_48753422,1220,car,Node1,46354890,68769.00080792695,69316.42198842535,True,scanned
20260610_175521_48753422,1221,car,Node5,3611512307,68769.88677121101,69389.95375608157,True,scanned
20260610_175521_48753422,1222,shuttle,Bus_start,46477307,68772.09364103034,70471.82805869241,True,scanned
20260610_175521_48753422,1223,shuttle,Bus_start,46477307,68772.3959666729,70472.8968352343,True,scanned
20260610_175521_48753422,1224,car,Node1,46354890,68775.90342762717,69316.42198842535,True,scanned
20260610_175521_48753422,1225,car,Node1,46354890,68776.49029786969,69317.95375608157,True,scanned
20260610_175521_48753422,1226,car,Node1,46354890,68776.55672387456,69324.95375608157,True,scanned
20260610_175521_48753422,1227,shuttle,Bus_start,46477307,68777.19596240611,70478.82805869241,True,scanned
20260610_175521_48753422,1228,shuttle,Bus_start,46477307,68778.31443159119,70479.51972649638,True,scanned
20260610_175521_48753422,1229,car,Node1,46354890,68778.83156151247,69326.72960903161,True,scanned
20260610_175521_48753422,1230,car,Node5,3611512307,68779.71235014536,69404.72960903161,True,scanned
20260610_175521_48753422,1231,car,Node1,46354890,68782.64612889879,69329.42198842535,True,scanned
20260610_175521_48753422,1232,shuttle,Bus_start,46477307,68785.89943466755,70479.51972649638,True,scanned
20260610_175521_48753422,1233,shuttle,Bus_start,46477307,68785.95273796731,70481.82805869241,True,scanned
20260610_175521_48753422,1234,car,Node1,46354890,68787.85795881269,69342.42198842535,True,scanned
20260610_175521_48753422,1235,car,Node5,3611512307,68791.40428583178,69407.42198842535,True,scanned
20260610_175521_48753422,1236,car,Node1,46354890,68793.47429516444,69343.95375608157,True,scanned
20260610_175521_48753422,1237,shuttle,Bus_start,46477307,68793.87257117372,70483.29910585909,True,scanned
20260610_175521_48753422,1238,car,Node1,46354890,68794.79647038094,69355.42198842535,True,scanned
20260610_175521_48753422,1239,shuttle,Bus_start,46477307,68797.82791756313,70485.8968352343,True,scanned
20260610_175521_48753422,1240,shuttle,Bus_start,46477307,68800.0630968338,70491.82805869241,True,scanned
20260610_175521_48753422,1241,car,Node1,46354890,68800.15256595741,69356.95375608157,True,scanned
20260610_175521_48753422,1242,shuttle,Bus_start,46477307,68802.25069145259,70492.51972649638,True,scanned
20260610_175521_48753422,1243,car,Node1,46354890,68804.51315824523,69369.95375608157,True,scanned
20260610_175521_48753422,1244,car,Node4,46493064,68804.53874544516,69428.95375608157,True,scanned
20260610_175521_48753422,1245,car,Node1,46354890,68805.46262359562,69371.12634874939,True,scanned
20260610_175521_48753422,1246,shuttle,Bus_start,46477307,68806.85225483836,70492.82805869241,True,scanned
20260610_175521_48753422,1247,shuttle,Bus_start,46477307,68807.00946105809,70494.82805869241,True,scanned
20260610_175521_48753422,1248,shuttle,Bus_start,46477307,68808.4183887271,70498.8968352343,True,scanned
20260610_175521_48753422,1249,car,Node5,3611512307,68808.51720205376,69407.42198842535,True,scanned
20260610_175521_48753422,1250,car,Node1,46354890,68809.16860617079,69372.96037483499,True,scanned
20260610_175521_48753422,1251,car,Node5,3611512307,68809.91214966311,69413.95375608157,True,scanned
20260610_175521_48753422,1252,car,Node1,46354890,68810.83241520116,69378.72960903161,True,scanned
20260610_175521_48753422,1253,car,Node1,46354890,68811.31476930999,69381.42198842535,True,scanned
20260610_175521_48753422,1254,shuttle,Bus_start,46477307,68811.7085955152,70505.51972649638,True,scanned
20260610_175521_48753422,1255,car,Node5,3611512307,68812.10597477696,69415.95375608157,True,scanned
20260610_175521_48753422,1256,shuttle,Bus_start,46477307,68812.94843558606,70505.51972649638,True,scanned
20260610_175521_48753422,1257,car,Node1,46354890,68814.2145930741,69382.95375608157,True,scanned
20260610_175521_48753422,1258,car,Node1,46354890,68816.35652980086,69384.12634874939,True,scanned
20260610_175521_48753422,1259,shuttle,Bus_start,46477307,68816.98518739232,70505.82805869241,True,scanned
20260610_175521_48753422,1260,car,Node1,46354890,68817.27720004773,69391.72960903161,True,scanned
20260610_175521_48753422,1261,shuttle,Bus_start,46477307,68817.96731531832,70511.8968352343,True,scanned
20260610_175521_48753422,1262,shuttle,Bus_start,46477307,68818.37818674081,70518.51972649638,True,scanned
20260610_175521_48753422,1263,car,Node1,46354890,68820.22082221594,69394.42198842535,True,scanned
20260610_175521_48753422,1264,shuttle,Bus_start,46477307,68821.93690817466,70518.82805869241,True,scanned
20260610_175521_48753422,1265,car,Node1,46354890,68823.07018838185,69394.42198842535,True,scanned
20260610_175521_48753422,1266,car,Node1,46354890,68824.98931665019,69395.95375608157,True,scanned
20260610_175521_48753422,1267,shuttle,Bus_start,46477307,68825.65826134275,70520.82805869241,True,scanned
20260610_175521_48753422,1268,shuttle,Bus_start,46477307,68827.1688617541,70530.82805869241,True,scanned
20260610_175521_48753422,1269,car,Node5,3611512307,68829.70912062403,69417.72960903161,True,scanned
20260610_175521_48753422,1270,car,Node1,46354890,68831.81896491145,69397.12634874939,True,scanned
20260610_175521_48753422,1271,car,Node1,46354890,68832.59365393723,69398.96037483499,True,scanned
20260610_175521_48753422,1272,shuttle,Bus_start,46477307,68837.69008675187,70531.51972649638,True,scanned
20260610_175521_48753422,1273,shuttle,Bus_start,46477307,68838.48629087198,70902.76520999783,True,scanned
20260610_175521_48753422,1274,shuttle,Bus_start,46477307,68841.96639302398,70904.76520999783,True,scanned
20260610_175521_48753422,1275,car,Node1,46354890,68844.5390688693,69400.95375608157,True,scanned
20260610_175521_48753422,1276,car,Node4,46493064,68845.84997921571,69452.63520441647,True,scanned
20260610_175521_48753422,1277,car,Node5,3611512307,68848.4430913864,69437.96037483499,True,scanned
20260610_175521_48753422,1278,car,Node5,3611512307,68852.47479832797,69439.95375608157,True,scanned
20260610_175521_48753422,1279,car,Node1,46354890,68857.22579756986,69402.95375608157,True,scanned
20260610_175521_48753422,1280,car,Node4,46493064,68859.57316199665,69499.55506867864,True,scanned
20260610_175521_48753422,1281,shuttle,Bus_start,46477307,68860.63212557253,70906.76520999783,True,scanned
20260610_175521_48753422,1282,car,Node5,3611512307,68861.98708725403,69441.95375608157,True,scanned
20260610_175521_48753422,1283,shuttle,Bus_start,46477307,68864.84514896855,70908.76520999783,True,scanned
20260610_175521_48753422,1284,shuttle,Bus_start,46477307,68865.23843510619,70910.76520999783,True,scanned
20260610_175521_48753422,1285,car,Node1,46354890,68867.35182039675,69408.95375608157,True,scanned
20260610_175521_48753422,1286,car,Node4,46493064,68868.085982154,69499.55506867864,True,scanned
20260610_175521_48753422,1287,shuttle,Bus_start,46477307,68869.00277659993,70921.76520999783,True,scanned
20260610_175521_48753422,1288,shuttle,Bus_start,46477307,68870.51168754266,70922.3309154643,True,scanned
20260610_175521_48753422,1289,car,Node1,46354890,68870.72012554311,69410.12634874939,True,scanned
20260610_175521_48753422,1290,shuttle,Bus_start,46477307,68873.97891145878,70922.3309154643,True,scanned
20260610_175521_48753422,1291,shuttle,Bus_start,46477307,68875.45983537029,70923.76520999783,True,scanned
20260610_175521_48753422,1292,shuttle,Bus_start,46477307,68877.28985492232,70928.76520999783,True,scanned
20260610_175521_48753422,1293,car,Node1,46354890,68879.33904651382,69411.96037483499,True,scanned
20260610_175521_48753422,1294,car,Node4,46493064,68886.88861733943,69499.55506867864,True,scanned
20260610_175521_48753422,1295,shuttle,Bus_start,46477307,68887.05925077284,70930.76520999783,True,scanned
20260610_175521_48753422,1296,car,Node1,46354890,68887.4497698002,69420.42198842535,True,scanned
20260610_175521_48753422,1297,shuttle,Bus_start,46477307,68889.39984519,70935.3309154643,True,scanned
20260610_175521_48753422,1298,car,Node1,46354890,68890.7634311772,69420.42198842535,True,scanned
20260610_175521_48753422,1299,shuttle,Bus_start,46477307,68891.37135223906,70936.76520999783,True,scanned
20260610_175521_48753422,1300,car,Node1,46354890,68891.64149492762,69421.95375608157,True,scanned
20260610_175521_48753422,1301,car,Node1,46354890,68893.93482284147,69423.12634874939,True,scanned
20260610_175521_48753422,1302,shuttle,Bus_start,46477307,68895.94001358753,70941.76520999783,True,scanned
20260610_175521_48753422,1303,shuttle,Bus_start,46477307,68896.42248495869,70948.3309154643,True,scanned
20260610_175521_48753422,1304,car,Node1,46354890,68898.34371269624,69430.72960903161,True,scanned
20260610_175521_48753422,1305,car,Node1,46354890,68898.70823307172,69433.42198842535,True,scanned
20260610_175521_48753422,1306,car,Node1,46354890,68903.81601824725,69433.42198842535,True,scanned
20260610_175521_48753422,1307,car,Node4,46493064,68905.37108549927,69572.71864546253,True,scanned
20260610_175521_48753422,1308,car,Node1,46354890,68906.93009618377,69434.95375608157,True,scanned
20260610_175521_48753422,1309,shuttle,Bus_start,46477307,68908.26586518814,70948.3309154643,True,scanned
20260610_175521_48753422,1310,car,Node1,46354890,68909.90541988233,69436.12634874939,True,scanned
20260610_175521_48753422,1311,car,Node1,46354890,68910.39934813791,69443.72960903161,True,scanned
20260610_175521_48753422,1312,shuttle,Bus_start,46477307,68915.01698641758,70954.76520999783,True,scanned
20260610_175521_48753422,1313,shuttle,Bus_start,46477307,68916.72663217253,70956.76520999783,True,scanned
20260610_175521_48753422,1314,shuttle,Bus_start,46477307,68916.84382175442,70961.3309154643,True,scanned
20260610_175521_48753422,1315,car,Node5,3611512307,68922.27807489748,69492.04322446215,True,scanned
20260610_175521_48753422,1316,car,Node1,46354890,68922.81195568133,69446.42198842535,True,scanned
20260610_175521_48753422,1317,car,Node4,46493064,68923.80467686626,69572.71864546253,True,scanned
20260610_175521_48753422,1318,car,Node1,46354890,68924.35427746426,69446.42198842535,True,scanned
20260610_175521_48753422,1319,car,Node5,3611512307,68926.9857323061,69492.04322446215,True,scanned
20260610_175521_48753422,1320,car,Node1,46354890,68929.87952717672,69463.0323527108,True,scanned
20260610_175521_48753422,1321,shuttle,Bus_start,46477307,68930.9487689877,70961.3309154643,True,scanned
20260610_175521_48753422,1322,shuttle,Bus_start,46477307,68933.69808432001,70962.76520999783,True,scanned
20260610_175521_48753422,1323,shuttle,Bus_start,46477307,68938.40392008421,70967.76520999783,True,scanned
20260610_175521_48753422,1324,car,Node5,3611512307,68946.0281250002,69514.94350922114,True,scanned
20260610_175521_48753422,1325,shuttle,Bus_start,46477307,68949.60568224582,70969.76520999783,True,scanned
20260610_175521_48753422,1326,car,Node1,46354890,68952.56870525723,69463.0323527108,True,scanned
20260610_175521_48753422,1327,car,Node1,46354890,68952.80430528354,69463.0323527108,True,scanned
20260610_175521_48753422,1328,car,Node1,46354890,68953.07121284798,69472.54554850391,True,scanned
20260610_175521_48753422,1329,shuttle,Bus_start,46477307,68954.46302273097,70971.76520999783,True,scanned
20260610_175521_48753422,1330,shuttle,Bus_start,46477307,68956.35035142067,70974.3309154643,True,scanned
20260610_175521_48753422,1331,shuttle,Bus_start,46477307,68956.35782929909,70974.3309154643,True,scanned
20260610_175521_48753422,1332,shuttle,Bus_start,46477307,68956.37898028239,70984.76520999783,True,scanned
20260610_175521_48753422,1333,car,Node5,3611512307,68957.43556624674,69528.81391460434,True,scanned
20260610_175521_48753422,1334,car,Node1,46354890,68957.63401099789,69472.54554850391,True,scanned
20260610_175521_48753422,1335,shuttle,Bus_start,46477307,68958.52226439268,70986.76520999783,True,scanned
20260610_175521_48753422,1336,shuttle,Bus_start,46477307,68959.23244895358,70987.3309154643,True,scanned
20260610_175521_48753422,1337,car,Node5,3611512307,68960.20203703886,69528.81391460434,True,scanned
20260610_175521_48753422,1338,car,Node5,3611512307,68961.08775434537,69533.77361484927,True,scanned
20260610_175521_48753422,1339,car,Node1,46354890,68961.86010628121,69472.54554850391,True,scanned
20260610_175521_48753422,1340,car,Node4,46493064,68963.4777151361,69574.4927213033,True,scanned
20260610_175521_48753422,1341,car,Node5,3611512307,68964.29768849387,69548.82003084196,True,scanned
20260610_175521_48753422,1342,car,Node5,3611512307,68964.35317019811,69548.82003084196,True,scanned
20260610_175521_48753422,1343,shuttle,Bus_start,46477307,68966.31745941578,70987.3309154643,True,scanned
20260610_175521_48753422,1344,shuttle,Bus_start,46477307,68968.987959947,70987.3309154643,True,scanned
20260610_175521_48753422,1345,car,Node1,46354890,68970.19255512583,69483.85019924931,True,scanned
20260610_175521_48753422,1346,car,Node1,46354890,68972.43879442518,69483.85019924931,True,scanned
20260610_175521_48753422,1347,car,Node5,3611512307,68977.92420096739,69548.82003084196,True,scanned
20260610_175521_48753422,1348,car,Node1,46354890,68979.00164147893,69492.54830375628,True,scanned
20260610_175521_48753422,1349,car,Node5,3611512307,68979.01063528992,69585.43247536581,True,scanned
20260610_175521_48753422,1350,shuttle,Bus_start,46477307,68982.24764061884,70997.76520999783,True,scanned
20260610_175521_48753422,1351,car,Node1,46354890,68982.46406730887,69502.04322446215,True,scanned
20260610_175521_48753422,1352,shuttle,Bus_start,46477307,68985.50063369109,70999.76520999783,True,scanned
20260610_175521_48753422,1353,shuttle,Bus_start,46477307,68986.81831665913,71000.3309154643,True,scanned
20260610_175521_48753422,1354,car,Node1,46354890,68987.3323264651,69502.04322446215,True,scanned
20260610_175521_48753422,1355,shuttle,Bus_start,46477307,68988.96276764371,71000.3309154643,True,scanned
20260610_175521_48753422,1356,car,Node1,46354890,68989.8150505711,69507.83988349511,True,scanned
20260610_175521_48753422,1357,car,Node1,46354890,68992.71625476363,69507.83988349511,True,scanned
20260610_175521_48753422,1358,car,Node1,46354890,68994.00751843565,69507.83988349511,True,scanned
20260610_175521_48753422,1359,car,Node1,46354890,68995.91919043227,69517.8275122645,True,scanned
20260610_175521_48753422,1360,shuttle,Bus_start,46477307,68996.71720808635,71001.76520999783,True,scanned
20260610_175521_48753422,1361,car,Node4,46493064,69000.47357712152,69625.49835783607,True,scanned
20260610_175521_48753422,1362,car,Node1,46354890,69001.27642445803,69517.8275122645,True,scanned
20260610_175521_48753422,1363,car,Node1,46354890,69002.7421674449,69517.8275122645,True,scanned
20260610_175521_48753422,1364,car,Node1,46354890,69005.89533350474,69523.48687499658,True,scanned
20260610_175521_48753422,1365,car,Node1,46354890,69006.65064031152,69523.48687499658,True,scanned
20260610_175521_48753422,1366,car,Node1,46354890,69009.55962188335,69535.70680561694,True,scanned
20260610_175521_48753422,1367,shuttle,Bus_start,46477307,69009.71929579508,71010.76520999783,True,scanned
20260610_175521_48753422,1368,car,Node5,3611512307,69013.2051872965,69585.43247536581,True,scanned
20260610_175521_48753422,1369,shuttle,Bus_start,46477307,69013.26296776586,71013.3309154643,True,scanned
20260610_175521_48753422,1370,shuttle,Bus_start,46477307,69014.23624335369,71013.3309154643,True,scanned
20260610_175521_48753422,1371,car,Node4,46493064,69017.09479825961,69625.49835783607,True,scanned
20260610_175521_48753422,1372,car,Node4,46493064,69019.48220587736,69625.49835783607,True,scanned
20260610_175521_48753422,1373,car,Node1,46354890,69022.3173228267,69535.70680561694,True,scanned
20260610_175521_48753422,1374,car,Node1,46354890,69022.66746965883,69538.81391460434,True,scanned
20260610_175521_48753422,1375,shuttle,Bus_start,46477307,69026.05783660819,71019.76520999783,True,scanned
20260610_175521_48753422,1376,car,Node1,46354890,69027.63424659205,69561.4927213033,True,scanned
20260610_175521_48753422,1377,shuttle,Bus_start,46477307,69029.47077130504,71023.76520999783,True,scanned
20260610_175521_48753422,1378,shuttle,Bus_start,46477307,69031.34204130103,71026.3309154643,True,scanned
20260610_175521_48753422,1379,shuttle,Bus_start,46477307,69032.00425965714,71026.3309154643,True,scanned
20260610_175521_48753422,1380,shuttle,Bus_start,46477307,69041.72945173316,71034.76520999783,True,scanned
20260610_175521_48753422,1381,car,Node1,46354890,69045.6805174662,69561.4927213033,True,scanned
20260610_175521_48753422,1382,car,Node5,3611512307,69048.9362618217,69633.35339916806,True,scanned
20260610_175521_48753422,1383,car,Node5,3611512307,69049.26871437623,69636.35339916806,True,scanned
20260610_175521_48753422,1384,car,Node1,46354890,69050.9827296244,69561.4927213033,True,scanned
20260610_175521_48753422,1385,car,Node1,46354890,69056.36834203951,69572.43247536581,True,scanned
20260610_175521_48753422,1386,car,Node1,46354890,69058.28329853105,69572.43247536581,True,scanned
20260610_175521_48753422,1387,car,Node1,46354890,69059.24360548767,69572.43247536581,True,scanned
20260610_175521_48753422,1388,car,Node5,3611512307,69061.38036646746,69636.35339916806,True,scanned
20260610_175521_48753422,1389,car,Node1,46354890,69062.71324026713,69578.0768415528,True,scanned
20260610_175521_48753422,1390,shuttle,Bus_start,46477307,69063.14689408954,71036.76520999783,True,scanned
20260610_175521_48753422,1391,car,Node5,3611512307,69063.2810380221,69647.44342660175,True,scanned
20260610_175521_48753422,1392,car,Node1,46354890,69063.3111887516,69582.43247536581,True,scanned
20260610_175521_48753422,1393,car,Node1,46354890,69067.58647536622,69589.30246359463,True,scanned
20260610_175521_48753422,1394,shuttle,Bus_start,46477307,69069.26412977984,71038.76520999783,True,scanned
20260610_175521_48753422,1395,car,Node1,46354890,69069.79884983848,69589.30246359463,True,scanned
20260610_175521_48753422,1396,shuttle,Bus_start,46477307,69069.86180579686,71039.3309154643,True,scanned
20260610_175521_48753422,1397,shuttle,Bus_start,46477307,69072.91883806777,71040.76520999783,True,scanned
20260610_175521_48753422,1398,car,Node1,46354890,69074.21026692993,69605.34019300345,True,scanned
20260610_175521_48753422,1399,car,Node5,3611512307,69076.08482678693,69647.44342660175,True,scanned
20260610_175521_48753422,1400,car,Node5,3611512307,69078.52804238081,69649.35339916806,True,scanned
20260610_175521_48753422,1401,car,Node5,3611512307,69079.14346367918,69654.18551425338,True,scanned
20260610_175521_48753422,1402,shuttle,Bus_start,46477307,69080.54881902703,71047.76520999783,True,scanned
20260610_175521_48753422,1403,car,Node5,3611512307,69081.08524524371,69675.84069891107,True,scanned
20260610_175521_48753422,1404,shuttle,Bus_start,46477307,69081.91932565671,71049.76520999783,True,scanned
20260610_175521_48753422,1405,shuttle,Bus_start,46477307,69085.26665831746,71051.76520999783,True,scanned
20260610_175521_48753422,1406,car,Node1,46354890,69086.98271739187,69605.34019300345,True,scanned
20260610_175521_48753422,1407,car,Node1,46354890,69090.82907634262,69605.34019300345,True,scanned
20260610_175521_48753422,1408,shuttle,Bus_start,46477307,69093.55397923978,71052.3309154643,True,scanned
20260610_175521_48753422,1409,car,Node1,46354890,69093.62359071753,69618.37847075002,True,scanned
20260610_175521_48753422,1410,shuttle,Bus_start,46477307,69093.95587375714,71058.76520999783,True,scanned
20260610_175521_48753422,1411,car,Node1,46354890,69094.33746761082,69618.37847075002,True,scanned
20260610_175521_48753422,1412,shuttle,Bus_start,46477307,69096.38553461319,71060.76520999783,True,scanned
20260610_175521_48753422,1413,car,Node5,3611512307,69099.82648841999,69675.84069891107,True,scanned
20260610_175521_48753422,1414,shuttle,Bus_start,46477307,69100.20457247956,71062.76520999783,True,scanned
20260610_175521_48753422,1415,shuttle,Bus_start,46477307,69103.03706923907,71064.76520999783,True,scanned
20260610_175521_48753422,1416,shuttle,Bus_start,46477307,69103.88765269803,71065.3309154643,True,scanned
20260610_175521_48753422,1417,car,Node1,46354890,69105.14402266254,69618.37847075002,True,scanned
20260610_175521_48753422,1418,shuttle,Bus_start,46477307,69105.6331173133,71065.3309154643,True,scanned
20260610_175521_48753422,1419,car,Node1,46354890,69105.75948582534,69623.35339916806,True,scanned
20260610_175521_48753422,1420,car,Node5,3611512307,69106.1618437771,69675.84069891107,True,scanned
20260610_175521_48753422,1421,car,Node1,46354890,69106.82657221062,69623.35339916806,True,scanned
20260610_175521_48753422,1422,car,Node1,46354890,69108.9391566052,69631.37847075002,True,scanned
20260610_175521_48753422,1423,shuttle,Bus_start,46477307,69109.77607761523,71066.76520999783,True,scanned
20260610_175521_48753422,1424,car,Node1,46354890,69110.54655507526,69631.37847075002,True,scanned
20260610_175521_48753422,1425,car,Node5,3611512307,69112.02888666389,69694.54972097823,True,scanned
20260610_175521_48753422,1426,car,Node1,46354890,69113.18742083015,69638.49835783607,True,scanned
20260610_175521_48753422,1427,car,Node1,46354890,69118.12872878388,69644.18551425338,True,scanned
20260610_175521_48753422,1428,shuttle,Bus_start,46477307,69124.4464755809,71071.76520999783,True,scanned
20260610_175521_48753422,1429,shuttle,Bus_start,46477307,69125.59205832442,71073.76520999783,True,scanned
20260610_175521_48753422,1430,car,Node5,3611512307,69125.70024927688,69694.54972097823,True,scanned
20260610_175521_48753422,1431,car,Node5,3611512307,69126.11492257522,69694.54972097823,True,scanned
20260610_175521_48753422,1432,car,Node1,46354890,69127.93249790066,69644.18551425338,True,scanned
20260610_175521_48753422,1433,car,Node1,46354890,69128.31157060494,69644.37847075002,True,scanned
20260610_175521_48753422,1434,car,Node5,3611512307,69129.67135973109,69705.77717734782,True,scanned
20260610_175521_48753422,1435,car,Node1,46354890,69131.39150680682,69649.35339916806,True,scanned
20260610_175521_48753422,1436,car,Node5,3611512307,69131.91304472336,69705.77717734782,True,scanned
20260610_175521_48753422,1437,car,Node5,3611512307,69137.92133549711,69718.77717734782,True,scanned
20260610_175521_48753422,1438,shuttle,Bus_start,46477307,69138.795486274,71075.76520999783,True,scanned
20260610_175521_48753422,1439,shuttle,Bus_start,46477307,69138.83218099418,71077.76520999783,True,scanned
20260610_175521_48753422,1440,shuttle,Bus_start,46477307,69139.1541649744,71079.76520999783,True,scanned
20260610_175521_48753422,1441,car,Node4,46493064,69139.3325315704,69792.63025428534,True,scanned
20260610_175521_48753422,1442,shuttle,Bus_start,46477307,69140.57253973433,71084.76520999783,True,scanned
20260610_175521_48753422,1443,shuttle,Bus_start,46477307,69143.03673339172,71086.76520999783,True,scanned
20260610_175521_48753422,1444,car,Node1,46354890,69143.7033620275,69661.0560510622,True,scanned
20260610_175521_48753422,1445,car,Node2,46336597,69145.98060685414,69684.54211464273,True,scanned
20260610_175521_48753422,1446,shuttle,Bus_start,46477307,69146.57016675407,71091.3309154643,True,scanned
20260610_175521_48753422,1447,car,Node1,46354890,69146.75245613001,69667.91722007545,True,scanned
20260610_175521_48753422,1448,car,Node1,46354890,69151.4998277433,69667.91722007545,True,scanned
20260610_175521_48753422,1449,car,Node1,46354890,69151.84811917481,69667.91722007545,True,scanned
20260610_175521_48753422,1450,car,Node1,46354890,69152.56720068354,69672.44980411898,True,scanned
20260610_175521_48753422,1451,car,Node1,46354890,69155.31221166751,69692.77717734782,True,scanned
20260610_175521_48753422,1452,shuttle,Bus_start,46477307,69156.6197715028,71091.3309154643,True,scanned
20260610_175521_48753422,1453,car,Node5,3611512307,69162.35133404862,69733.5408176056,True,scanned
20260610_175521_48753422,1454,shuttle,Bus_start,46477307,69165.78512487863,71092.76520999783,True,scanned
20260610_175521_48753422,1455,car,Node5,3611512307,69166.86183950893,69755.89090738699,True,scanned
20260610_175521_48753422,1456,car,Node1,46354890,69168.165302534,69692.77717734782,True,scanned
20260610_175521_48753422,1457,car,Node4,46493064,69170.3195268852,69792.63025428534,True,scanned
20260610_175521_48753422,1458,shuttle,Bus_start,46477307,69172.6058169776,71097.76520999783,True,scanned
20260610_175521_48753422,1459,car,Node1,46354890,69174.6894052401,69692.77717734782,True,scanned
20260610_175521_48753422,1460,car,Node1,46354890,69176.10477669146,69697.72890034523,True,scanned
20260610_175521_48753422,1461,shuttle,Bus_start,46477307,69176.60785793253,71099.76520999783,True,scanned
20260610_175521_48753422,1462,shuttle,Bus_start,46477307,69177.90097521673,71101.76520999783,True,scanned
20260610_175521_48753422,1463,car,Node1,46354890,69178.90329757423,69702.77717734782,True,scanned
20260610_175521_48753422,1464,car,Node1,46354890,69180.43904357041,69708.10351257584,True,scanned
20260610_175521_48753422,1465,shuttle,Bus_start,46477307,69180.9605172922,71104.3309154643,True,scanned
20260610_175521_48753422,1466,shuttle,Bus_start,46477307,69181.54438768506,71105.76520999783,True,scanned
20260610_175521_48753422,1467,car,Node5,3611512307,69181.99921728147,69757.89090738699,True,scanned
20260610_175521_48753422,1468,car,Node1,46354890,69182.51977879393,69708.10351257584,True,scanned
20260610_175521_48753422,1469,car,Node1,46354890,69183.95438555378,69708.10351257584,True,scanned
20260610_175521_48753422,1470,car,Node1,46354890,69184.96171771477,69713.72766823703,True,scanned
20260610_175521_48753422,1471,shuttle,Bus_start,46477307,69185.04360485937,71114.76520999783,True,scanned
20260610_175521_48753422,1472,car,Node1,46354890,69185.9499110746,69713.72766823703,True,scanned
20260610_175521_48753422,1473,shuttle,Bus_start,46477307,69189.609135845,71116.76520999783,True,scanned
20260610_175521_48753422,1474,car,Node1,46354890,69191.53266420614,69715.77717734782,True,scanned
20260610_175521_48753422,1475,shuttle,Bus_start,46477307,69192.49473288115,71117.3309154643,True,scanned
20260610_175521_48753422,1476,car,Node5,3611512307,69193.37191580515,69798.89090738699,True,scanned
20260610_175521_48753422,1477,car,Node1,46354890,69194.30482989743,69718.77717734782,True,scanned
20260610_175521_48753422,1478,car,Node1,46354890,69196.77451778935,69732.86309821298,True,scanned
20260610_175521_48753422,1479,car,Node5,3611512307,69200.63379590065,69800.89090738699,True,scanned
20260610_175521_48753422,1480,shuttle,Bus_start,46477307,69204.4653570184,71117.3309154643,True,scanned
20260610_175521_48753422,1481,shuttle,Bus_start,46477307,69207.26443096362,71117.3309154643,True,scanned
20260610_175521_48753422,1482,shuttle,Bus_start,46477307,69208.72937364459,71118.76520999783,True,scanned
20260610_175521_48753422,1483,car,Node5,3611512307,69211.1402884608,69801.41380378796,True,scanned
20260610_175521_48753422,1484,car,Node1,46354890,69213.0023619257,69732.86309821298,True,scanned
20260610_175521_48753422,1485,shuttle,Bus_start,46477307,69213.82142882103,71482.70236130325,True,scanned
20260610_175521_48753422,1486,car,Node1,46354890,69214.76126070275,69740.63025428534,True,scanned
20260610_175521_48753422,1487,car,Node5,3611512307,69218.09445111253,69814.41380378796,True,scanned
20260610_175521_48753422,1488,shuttle,Bus_start,46477307,69218.84749623803,71484.70236130325,True,scanned
20260610_175521_48753422,1489,car,Node1,46354890,69219.20930502111,69740.63025428534,True,scanned
20260610_175521_48753422,1490,shuttle,Bus_start,46477307,69220.84938420277,71486.70236130325,True,scanned
20260610_175521_48753422,1491,car,Node1,46354890,69222.12690431722,69749.41380378796,True,scanned
20260610_175521_48753422,1492,car,Node1,46354890,69224.02231825376,69749.41380378796,True,scanned
20260610_175521_48753422,1493,car,Node1,46354890,69228.28515661016,69753.63025428534,True,scanned
20260610_175521_48753422,1494,car,Node1,46354890,69230.24228475204,69766.63025428534,True,scanned
20260610_175521_48753422,1495,shuttle,Bus_start,46477307,69231.22998940287,71488.70236130325,True,scanned
20260610_175521_48753422,1496,car,Node1,46354890,69232.04651007752,69768.89090738699,True,scanned
20260610_175521_48753422,1497,car,Node5,3611512307,69235.07810308205,69835.89090738699,True,scanned
20260610_175521_48753422,1498,car,Node5,3611512307,69236.19349559298,69837.89090738699,True,scanned
20260610_175521_48753422,1499,car,Node5,3611512307,69239.81866666692,69857.63025428534,True,scanned
20260610_175521_48753422,1500,shuttle,Bus_start,46477307,69241.76332732111,71490.70236130325,True,scanned
20260610_175521_48753422,1501,car,Node1,46354890,69244.44243538541,69770.89090738699,True,scanned
20260610_175521_48753422,1502,car,Node1,46354890,69246.40087824632,69779.63025428534,True,scanned
20260610_175521_48753422,1503,shuttle,Bus_start,46477307,69248.67168309659,71492.70236130325,True,scanned
20260610_175521_48753422,1504,car,Node1,46354890,69251.88536668078,69781.89090738699,True,scanned
20260610_175521_48753422,1505,shuttle,Bus_start,46477307,69252.23480767597,71494.70236130325,True,scanned
20260610_175521_48753422,1506,car,Node1,46354890,69254.63240986555,69783.89090738699,True,scanned
20260610_175521_48753422,1507,car,Node5,3611512307,69255.47983677158,69859.89090738699,True,scanned
20260610_175521_48753422,1508,shuttle,Bus_start,46477307,69257.10834718008,71497.70236130325,True,scanned
20260610_175521_48753422,1509,car,Node1,46354890,69257.9497347657,69788.41380378796,True,scanned
20260610_175521_48753422,1510,shuttle,Bus_start,46477307,69258.84462938698,71499.70236130325,True,scanned
20260610_175521_48753422,1511,car,Node5,3611512307,69258.88965410226,69861.89090738699,True,scanned
20260610_175521_48753422,1512,car,Node1,46354890,69259.88576866154,69807.89090738699,True,scanned
20260610_175521_48753422,1513,shuttle,Bus_start,46477307,69262.7370522953,71503.70236130325,True,scanned
20260610_175521_48753422,1514,car,Node1,46354890,69266.0701248357,69809.89090738699,True,scanned
20260610_175521_48753422,1515,car,Node1,46354890,69267.93648259886,69811.89090738699,True,scanned
20260610_175521_48753422,1516,shuttle,Bus_start,46477307,69270.86204242051,71505.70236130325,True,scanned
20260610_175521_48753422,1517,shuttle,Bus_start,46477307,69271.00159862361,71507.70236130325,True,scanned
20260610_175521_48753422,1518,shuttle,Bus_start,46477307,69273.5014135325,71508.70236130325,True,scanned
20260610_175521_48753422,1519,shuttle,Bus_start,46477307,69278.60674025906,71510.21573884667,True,scanned
20260610_175521_48753422,1520,shuttle,Bus_start,46477307,69283.27752682858,71510.70236130325,True,scanned
20260610_175521_48753422,1521,car,Node1,46354890,69285.87028536128,69827.41380378796,True,scanned
20260610_175521_48753422,1522,shuttle,Bus_start,46477307,69285.90334614749,71521.70236130325,True,scanned
20260610_175521_48753422,1523,car,Node1,46354890,69288.07717964707,69831.63025428534,True,scanned
20260610_175521_48753422,1524,shuttle,Bus_start,46477307,69290.5767172193,71523.21573884667,True,scanned
20260610_175521_48753422,1525,car,Node1,46354890,69290.75533433547,69831.63025428534,True,scanned
20260610_175521_48753422,1526,car,Node1,46354890,69291.02196739739,69840.41380378796,True,scanned
20260610_175521_48753422,1527,shuttle,Bus_start,46477307,69291.06542116018,71523.70236130325,True,scanned
20260610_175521_48753422,1528,shuttle,Bus_start,46477307,69291.97055412995,71525.70236130325,True,scanned
20260610_175521_48753422,1529,shuttle,Bus_start,46477307,69293.82088837911,71527.70236130325,True,scanned
20260610_175521_48753422,1530,car,Node1,46354890,69295.11577468965,69844.63025428534,True,scanned
20260610_175521_48753422,1531,shuttle,Bus_start,46477307,69295.67247196074,71529.70236130325,True,scanned
20260610_175521_48753422,1532,car,Node5,3611512307,69297.16543030819,69915.89090738699,True,scanned
20260610_175521_48753422,1533,car,Node1,46354890,69297.73793867133,69853.41380378796,True,scanned
20260610_175521_48753422,1534,car,Node1,46354890,69299.74504915402,69853.41380378796,True,scanned
20260610_175521_48753422,1535,shuttle,Bus_start,46477307,69300.05928660138,71531.70236130325,True,scanned
20260610_175521_48753422,1536,car,Node4,46493064,69304.70513874554,69987.63025428534,True,scanned
20260610_175521_48753422,1537,shuttle,Bus_start,46477307,69308.20644459294,71533.70236130325,True,scanned
20260610_175521_48753422,1538,shuttle,Bus_start,46477307,69309.10068733842,71534.70236130325,True,scanned
20260610_175521_48753422,1539,car,Node1,46354890,69310.73592023406,69857.63025428534,True,scanned
20260610_175521_48753422,1540,car,Node1,46354890,69311.54199335304,69870.63025428534,True,scanned
20260610_175521_48753422,1541,shuttle,Bus_start,46477307,69313.96162363507,71536.21573884667,True,scanned
20260610_175521_48753422,1542,car,Node5,3611512307,69314.30079175324,69917.89090738699,True,scanned
20260610_175521_48753422,1543,shuttle,Bus_start,46477307,69316.00015602002,71536.70236130325,True,scanned
20260610_175521_48753422,1544,car,Node1,46354890,69316.29898504418,69870.63025428534,True,scanned
20260610_175521_48753422,1545,shuttle,Bus_start,46477307,69316.48241014133,71538.70236130325,True,scanned
20260610_175521_48753422,1546,car,Node5,3611512307,69320.37537064562,69948.63025428534,True,scanned
20260610_175521_48753422,1547,car,Node5,3611512307,69323.10445471233,69950.89090738699,True,scanned
20260610_175521_48753422,1548,shuttle,Bus_start,46477307,69323.2590932604,71540.70236130325,True,scanned
20260610_175521_48753422,1549,car,Node1,46354890,69327.1485435,69872.89090738699,True,scanned
20260610_175521_48753422,1550,car,Node4,46493064,69338.08189221362,69987.63025428534,True,scanned
20260610_175521_48753422,1551,car,Node1,46354890,69339.24706984767,69898.89090738699,True,scanned
20260610_175521_48753422,1552,car,Node5,3611512307,69346.04634245238,69952.89090738699,True,scanned
20260610_175521_48753422,1553,shuttle,Bus_start,46477307,69347.26691523228,71542.70236130325,True,scanned
20260610_175521_48753422,1554,car,Node4,46493064,69348.98292026599,69989.89090738699,True,scanned
20260610_175521_48753422,1555,car,Node5,3611512307,69349.16380850034,69961.63025428534,True,scanned
20260610_175521_48753422,1556,shuttle,Bus_start,46477307,69349.55585993238,71549.21573884667,True,scanned
20260610_175521_48753422,1557,shuttle,Bus_start,46477307,69351.82015752104,71553.70236130325,True,scanned
20260610_175521_48753422,1558,car,Node1,46354890,69352.1840292442,69900.89090738699,True,scanned
20260610_175521_48753422,1559,car,Node5,3611512307,69354.5053975191,69963.89090738699,True,scanned
20260610_175521_48753422,1560,shuttle,Bus_start,46477307,69356.24905907195,71557.70236130325,True,scanned
20260610_175521_48753422,1561,shuttle,Bus_start,46477307,69357.3476683173,71559.70236130325,True,scanned
20260610_175521_48753422,1562,car,Node5,3611512307,69359.13271654941,69965.89090738699,True,scanned
20260610_175521_48753422,1563,car,Node1,46354890,69361.36547536083,69902.89090738699,True,scanned
20260610_175521_48753422,1564,shuttle,Bus_start,46477307,69364.20792832808,71560.70236130325,True,scanned
20260610_175521_48753422,1565,car,Node1,46354890,69366.36464040475,69909.63025428534,True,scanned
20260610_175521_48753422,1566,shuttle,Bus_start,46477307,69366.63843881772,71562.21573884667,True,scanned
20260610_175521_48753422,1567,shuttle,Bus_start,46477307,69367.91910447227,71562.70236130325,True,scanned
20260610_175521_48753422,1568,car,Node5,3611512307,69368.65065130228,69978.89090738699,True,scanned
20260610_175521_48753422,1569,shuttle,Bus_start,46477307,69368.86516402717,71566.70236130325,True,scanned
20260610_175521_48753422,1570,shuttle,Bus_start,46477307,69369.726499702,71568.70236130325,True,scanned
20260610_175521_48753422,1571,shuttle,Bus_start,46477307,69371.38495311886,71570.70236130325,True,scanned
20260610_175521_48753422,1572,car,Node5,3611512307,69372.37165233854,69980.89090738699,True,scanned
20260610_175521_48753422,1573,car,Node4,46493064,69372.98510590651,70004.89090738699,True,scanned
20260610_175521_48753422,1574,car,Node1,46354890,69373.76727934006,69926.89090738699,True,scanned
20260610_175521_48753422,1575,car,Node1,46354890,69381.69815545042,69928.89090738699,True,scanned
20260610_175521_48753422,1576,car,Node5,3611512307,69381.81179820401,69982.89090738699,True,scanned
20260610_175521_48753422,1577,car,Node5,3611512307,69383.62396658632,69995.89090738699,True,scanned
20260610_175521_48753422,1578,shuttle,Bus_start,46477307,69384.59422978935,71572.70236130325,True,scanned
20260610_175521_48753422,1579,shuttle,Bus_start,46477307,69384.61191062606,71575.70236130325,True,scanned
20260610_175521_48753422,1580,shuttle,Bus_start,46477307,69387.61243198877,71577.70236130325,True,scanned
20260610_175521_48753422,1581,car,Node5,3611512307,69390.50254879879,69996.41380378796,True,scanned
20260610_175521_48753422,1582,car,Node5,3611512307,69392.3871531716,70009.41380378796,True,scanned
20260610_175521_48753422,1583,car,Node1,46354890,69392.61997788023,69939.89090738699,True,scanned
20260610_175521_48753422,1584,shuttle,Bus_start,46477307,69393.5800421973,71581.70236130325,True,scanned
20260610_175521_48753422,1585,shuttle,Bus_start,46477307,69393.77423816494,71585.70236130325,True,scanned
20260610_175521_48753422,1586,car,Node1,46354890,69394.17585065293,69944.41380378796,True,scanned
20260610_175521_48753422,1587,shuttle,Bus_start,46477307,69394.47509752722,71586.70236130325,True,scanned
20260610_175521_48753422,1588,car,Node1,46354890,69395.76658518531,69954.89090738699,True,scanned
20260610_175521_48753422,1589,car,Node1,46354890,69397.5930325303,69956.89090738699,True,scanned
20260610_175521_48753422,1590,shuttle,Bus_start,46477307,69398.43991753628,71588.21573884667,True,scanned
20260610_175521_48753422,1591,car,Node1,46354890,69398.8388803892,69957.41380378796,True,scanned
20260610_175521_48753422,1592,shuttle,Bus_start,46477307,69399.25708366635,71588.70236130325,True,scanned
20260610_175521_48753422,1593,car,Node1,46354890,69401.56435158856,69957.41380378796,True,scanned
20260610_175521_48753422,1594,shuttle,Bus_start,46477307,69406.40497041578,71590.70236130325,True,scanned
20260610_175521_48753422,1595,car,Node1,46354890,69406.6215175893,69961.63025428534,True,scanned
20260610_175521_48753422,1596,car,Node1,46354890,69407.53253310047,69967.89090738699,True,scanned
20260610_175521_48753422,1597,shuttle,Bus_start,46477307,69408.40181614898,71592.70236130325,True,scanned
20260610_175521_48753422,1598,shuttle,Bus_start,46477307,69410.27687251414,71599.70236130325,True,scanned
20260610_175521_48753422,1599,car,Node1,46354890,69410.66685585798,69969.89090738699,True,scanned
20260610_175521_48753422,1600,car,Node1,46354890,69414.31913024082,69970.41380378796,True,scanned
20260610_175521_48753422,1601,shuttle,Bus_start,46477307,69416.1687418393,71603.70236130325,True,scanned
20260610_175521_48753422,1602,car,Node5,3611512307,69416.89542071101,70013.63025428534,True,scanned
20260610_175521_48753422,1603,car,Node1,46354890,69417.11561198792,69970.41380378796,True,scanned
20260610_175521_48753422,1604,car,Node1,46354890,69423.9730004283,69974.63025428534,True,scanned
20260610_175521_48753422,1605,car,Node5,3611512307,69424.91759885824,70013.63025428534,True,scanned
20260610_175521_48753422,1606,car,Node1,46354890,69425.41312824,69974.63025428534,True,scanned
20260610_175521_48753422,1607,car,Node1,46354890,69425.71309478779,69976.89090738699,True,scanned
20260610_175521_48753422,1608,car,Node1,46354890,69427.1650790861,69983.41380378796,True,scanned
20260610_175521_48753422,1609,car,Node1,46354890,69429.21017736373,69983.41380378796,True,scanned
20260610_175521_48753422,1610,car,Node5,3611512307,69440.99762891642,70022.41380378796,True,scanned
20260610_175521_48753422,1611,car,Node1,46354890,69441.54979966734,69991.89090738699,True,scanned
20260610_175521_48753422,1612,car,Node5,3611512307,69441.65498616631,70022.41380378796,True,scanned
20260610_175521_48753422,1613,car,Node1,46354890,69442.22149181592,69993.89090738699,True,scanned
20260610_175521_48753422,1614,car,Node5,3611512307,69444.23759297103,70026.63025428534,True,scanned
20260610_175521_48753422,1615,shuttle,Bus_start,46477307,69450.04041407908,71605.70236130325,True,scanned
20260610_175521_48753422,1616,car,Node1,46354890,69451.4584301881,69996.41380378796,True,scanned
20260610_175521_48753422,1617,car,Node1,46354890,69452.89001814264,70000.63025428534,True,scanned
20260610_175521_48753422,1618,car,Node5,3611512307,69453.48891711685,70032.89090738699,True,scanned
20260610_175521_48753422,1619,car,Node1,46354890,69458.3449779424,70000.63025428534,True,scanned
20260610_175521_48753422,1620,car,Node1,46354890,69458.51397568232,70002.89090738699,True,scanned
20260610_175521_48753422,1621,car,Node5,3611512307,69462.96477917285,70053.55648027215,True,scanned
20260610_175521_48753422,1622,shuttle,Bus_start,46477307,69466.02500374195,71607.70236130325,True,scanned
20260610_175521_48753422,1623,car,Node1,46354890,69467.79579340044,70006.89090738699,True,scanned
20260610_175521_48753422,1624,shuttle,Bus_start,46477307,69468.22581459382,71609.70236130325,True,scanned
20260610_175521_48753422,1625,car,Node1,46354890,69468.2571816891,70008.89090738699,True,scanned
20260610_175521_48753422,1626,car,Node1,46354890,69470.21232325448,70009.41380378796,True,scanned
20260610_175521_48753422,1627,shuttle,Bus_start,46477307,69472.33157811292,71611.70236130325,True,scanned
20260610_175521_48753422,1628,car,Node1,46354890,69472.8920821137,70015.89090738699,True,scanned
20260610_175521_48753422,1629,car,Node1,46354890,69473.59301056592,70017.89090738699,True,scanned
20260610_175521_48753422,1630,shuttle,Bus_start,46477307,69476.19306236682,71612.70236130325,True,scanned
20260610_175521_48753422,1631,shuttle,Bus_start,46477307,69476.79250495572,71618.70236130325,True,scanned
20260610_175521_48753422,1632,shuttle,Bus_start,46477307,69478.95650779885,71620.70236130325,True,scanned
20260610_175521_48753422,1633,car,Node5,3611512307,69481.06813464074,70053.55648027215,True,scanned
20260610_175521_48753422,1634,shuttle,Bus_start,46477307,69481.73885688196,71622.70236130325,True,scanned
20260610_175521_48753422,1635,shuttle,Bus_start,46477307,69481.79209826603,71624.70236130325,True,scanned
20260610_175521_48753422,1636,shuttle,Bus_start,46477307,69482.50753593908,71627.21573884667,True,scanned
20260610_175521_48753422,1637,car,Node5,3611512307,69485.69818044628,70053.55648027215,True,scanned
20260610_175521_48753422,1638,car,Node1,46354890,69485.96614308273,70019.89090738699,True,scanned
20260610_175521_48753422,1639,car,Node1,46354890,69486.83960003221,70021.89090738699,True,scanned
20260610_175521_48753422,1640,car,Node5,3611512307,69487.10794892926,70060.80832433148,True,scanned
20260610_175521_48753422,1641,car,Node5,3611512307,69487.87222892517,70060.80832433148,True,scanned
20260610_175521_48753422,1642,shuttle,Bus_start,46477307,69492.35981577376,71627.70236130325,True,scanned
20260610_175521_48753422,1643,car,Node1,46354890,69494.3473221619,70026.63025428534,True,scanned
20260610_175521_48753422,1644,car,Node1,46354890,69494.50105105943,70028.89090738699,True,scanned
20260610_175521_48753422,1645,car,Node1,46354890,69503.26525973098,70030.89090738699,True,scanned
20260610_175521_48753422,1646,car,Node5,3611512307,69503.92327078492,70083.97737651897,True,scanned
20260610_175521_48753422,1647,shuttle,Bus_start,46477307,69505.983502725,71629.70236130325,True,scanned
20260610_175521_48753422,1648,shuttle,Bus_start,46477307,69506.01458516213,71637.70236130325,True,scanned
20260610_175521_48753422,1649,car,Node2,46336597,69510.00354973653,70047.81034817935,True,scanned
20260610_175521_48753422,1650,car,Node1,46354890,69510.7214216475,70040.85345036643,True,scanned
20260610_175521_48753422,1651,car,Node5,3611512307,69514.43351983986,70083.97737651897,True,scanned
20260610_175521_48753422,1652,car,Node5,3611512307,69516.37686473304,70088.91286636262,True,scanned
20260610_175521_48753422,1653,car,Node5,3611512307,69516.98605262782,70101.34915260508,True,scanned
20260610_175521_48753422,1654,car,Node5,3611512307,69517.13622676364,70101.34915260508,True,scanned
20260610_175521_48753422,1655,shuttle,Bus_start,46477307,69519.0129869477,71638.70236130325,True,scanned
20260610_175521_48753422,1656,shuttle,Bus_start,46477307,69522.25229788515,71642.70236130325,True,scanned
20260610_175521_48753422,1657,car,Node1,46354890,69524.80621966226,70040.85345036643,True,scanned
20260610_175521_48753422,1658,shuttle,Bus_start,46477307,69526.05282912964,71644.70236130325,True,scanned
20260610_175521_48753422,1659,shuttle,Bus_start,46477307,69526.242354314,71650.70236130325,True,scanned
20260610_175521_48753422,1660,car,Node5,3611512307,69529.45502653295,70101.34915260508,True,scanned
20260610_175521_48753422,1661,shuttle,Bus_start,46477307,69529.4792913351,71653.70236130325,True,scanned
20260610_175521_48753422,1662,shuttle,Bus_start,46477307,69530.53088799932,71655.70236130325,True,scanned
20260610_175521_48753422,1663,car,Node1,46354890,69532.41679640111,70052.4964418129,True,scanned
20260610_175521_48753422,1664,car,Node1,46354890,69532.67892316109,70052.4964418129,True,scanned
20260610_175521_48753422,1665,shuttle,Bus_start,46477307,69533.4139939676,71657.70236130325,True,scanned
20260610_175521_48753422,1666,shuttle,Bus_start,46477307,69534.99619275237,71659.70236130325,True,scanned
20260610_175521_48753422,1667,shuttle,Bus_start,46477307,69536.53012762601,71661.70236130325,True,scanned
20260610_175521_48753422,1668,car,Node1,46354890,69536.9808618264,70063.92473904477,True,scanned
20260610_175521_48753422,1669,car,Node1,46354890,69537.00846870369,70065.4964418129,True,scanned
20260610_175521_48753422,1670,shuttle,Bus_start,46477307,69538.4691080504,71663.70236130325,True,scanned
20260610_175521_48753422,1671,shuttle,Bus_start,46477307,69538.94261295929,71668.70236130325,True,scanned
20260610_175521_48753422,1672,shuttle,Bus_start,46477307,69542.56887954958,71672.70236130325,True,scanned
20260610_175521_48753422,1673,car,Node5,3611512307,69543.31766897933,70115.76874540934,True,scanned
20260610_175521_48753422,1674,car,Node1,46354890,69546.23273710137,70065.4964418129,True,scanned
20260610_175521_48753422,1675,car,Node1,46354890,69550.15214330019,70069.77207893215,True,scanned
20260610_175521_48753422,1676,car,Node1,46354890,69552.62889567837,70069.77207893215,True,scanned
20260610_175521_48753422,1677,shuttle,Bus_start,46477307,69556.15794243097,71674.70236130325,True,scanned
20260610_175521_48753422,1678,car,Node1,46354890,69558.64557462875,70077.44086087265,True,scanned
20260610_175521_48753422,1679,car,Node1,46354890,69564.0588664163,70088.22259342644,True,scanned
20260610_175521_48753422,1680,car,Node5,3611512307,69565.21609002499,70134.68899055514,True,scanned
20260610_175521_48753422,1681,car,Node1,46354890,69567.40721829396,70088.22259342644,True,scanned
20260610_175521_48753422,1682,shuttle,Bus_start,46477307,69571.68997981008,71677.70236130325,True,scanned
20260610_175521_48753422,1683,shuttle,Bus_start,46477307,69571.75637815995,71679.21573884667,True,scanned
20260610_175521_48753422,1684,car,Node1,46354890,69572.52811936874,70088.22259342644,True,scanned
20260610_175521_48753422,1685,car,Node1,46354890,69577.75647853289,70104.90679836586,True,scanned
20260610_175521_48753422,1686,car,Node1,46354890,69578.44107141305,70104.90679836586,True,scanned
20260610_175521_48753422,1687,shuttle,Bus_start,46477307,69583.14842695923,71681.70236130325,True,scanned
20260610_175521_48753422,1688,shuttle,Bus_start,46477307,69584.28948954801,72062.5592454898,True,scanned
20260610_175521_48753422,1689,shuttle,Bus_start,46477307,69584.89098297711,72064.5592454898,True,scanned
20260610_175521_48753422,1690,car,Node1,46354890,69593.27591272753,70104.90679836586,True,scanned
20260610_175521_48753422,1691,shuttle,Bus_start,46477307,69594.14714742376,72066.5592454898,True,scanned
20260610_175521_48753422,1692,car,Node1,46354890,69594.9943005541,70113.93022244779,True,scanned
20260610_175521_48753422,1693,car,Node1,46354890,69596.64914069825,70113.93022244779,True,scanned
20260610_175521_48753422,1694,car,Node1,46354890,69599.42126416547,70114.34915260508,True,scanned
20260610_175521_48753422,1695,car,Node5,3611512307,69599.43600370878,70165.68412587121,True,scanned
20260610_175521_48753422,1696,car,Node1,46354890,69600.15575285436,70118.00712553659,True,scanned
20260610_175521_48753422,1697,shuttle,Bus_start,46477307,69600.15906625934,72068.5592454898,True,scanned
20260610_175521_48753422,1698,car,Node1,46354890,69600.86958388022,70118.00712553659,True,scanned
20260610_175521_48753422,1699,shuttle,Bus_start,46477307,69601.62505191233,72074.7128340027,True,scanned
20260610_175521_48753422,1700,shuttle,Bus_start,46477307,69602.89676130982,72075.5592454898,True,scanned
20260610_175521_48753422,1701,car,Node1,46354890,69605.01205787968,70123.93022244779,True,scanned
20260610_175521_48753422,1702,car,Node1,46354890,69606.3800478949,70131.04244073862,True,scanned
20260610_175521_48753422,1703,shuttle,Bus_start,46477307,69606.7895931986,72077.5592454898,True,scanned
20260610_175521_48753422,1704,car,Node5,3611512307,69607.08044188176,70191.62682938729,True,scanned
20260610_175521_48753422,1705,shuttle,Bus_start,46477307,69608.2383132972,72079.20800933466,True,scanned
20260610_175521_48753422,1706,car,Node1,46354890,69613.24950790576,70131.04244073862,True,scanned
20260610_175521_48753422,1707,shuttle,Bus_start,46477307,69613.27205005146,72087.7128340027,True,scanned
20260610_175521_48753422,1708,car,Node1,46354890,69615.44489163831,70135.13451404528,True,scanned
20260610_175521_48753422,1709,car,Node1,46354890,69616.16516106843,70135.13451404528,True,scanned
20260610_175521_48753422,1710,car,Node1,46354890,69616.76559213272,70135.13451404528,True,scanned
20260610_175521_48753422,1711,car,Node1,46354890,69618.02279981878,70141.04244073862,True,scanned
20260610_175521_48753422,1712,shuttle,Bus_start,46477307,69618.05247329686,72087.7128340027,True,scanned
20260610_175521_48753422,1713,shuttle,Bus_start,46477307,69618.81498931824,72088.5592454898,True,scanned
20260610_175521_48753422,1714,car,Node1,46354890,69622.4786502733,70150.39506685513,True,scanned
20260610_175521_48753422,1715,car,Node2,46336597,69623.64044207234,70229.79642277205,True,scanned
20260610_175521_48753422,1716,car,Node5,3611512307,69624.35049827115,70191.62682938729,True,scanned
20260610_175521_48753422,1717,car,Node1,46354890,69625.19761683159,70150.39506685513,True,scanned
20260610_175521_48753422,1718,shuttle,Bus_start,46477307,69625.24563902331,72090.5592454898,True,scanned
20260610_175521_48753422,1719,car,Node5,3611512307,69627.10434921061,70197.4814007578,True,scanned
20260610_175521_48753422,1720,car,Node5,3611512307,69628.02475240124,70197.4814007578,True,scanned
20260610_175521_48753422,1721,shuttle,Bus_start,46477307,69628.84397640334,72092.20800933466,True,scanned
20260610_175521_48753422,1722,shuttle,Bus_start,46477307,69628.85540355214,72092.5592454898,True,scanned
20260610_175521_48753422,1723,car,Node1,46354890,69631.37889770417,70150.39506685513,True,scanned
20260610_175521_48753422,1724,car,Node5,3611512307,69639.94388330626,70210.20976988833,True,scanned
20260610_175521_48753422,1725,car,Node5,3611512307,69639.95499811338,70210.20976988833,True,scanned
20260610_175521_48753422,1726,car,Node4,46493064,69639.9679668857,70246.55619438071,True,scanned
20260610_175521_48753422,1727,car,Node5,3611512307,69643.24772906741,70216.83416790469,True,scanned
20260610_175521_48753422,1728,car,Node1,46354890,69644.27913713755,70164.5487761246,True,scanned
20260610_175521_48753422,1729,car,Node1,46354890,69646.05037903588,70164.5487761246,True,scanned
20260610_175521_48753422,1730,car,Node1,46354890,69647.17481847374,70164.5487761246,True,scanned
20260610_175521_48753422,1731,shuttle,Bus_start,46477307,69649.17625493507,72094.5592454898,True,scanned
20260610_175521_48753422,1732,car,Node1,46354890,69653.75468978252,70172.39541154166,True,scanned
20260610_175521_48753422,1733,shuttle,Bus_start,46477307,69657.88296891555,72100.7128340027,True,scanned
20260610_175521_48753422,1734,shuttle,Bus_start,46477307,69658.85192644646,72101.5592454898,True,scanned
20260610_175521_48753422,1735,car,Node1,46354890,69659.28983350012,70180.49478126029,True,scanned
20260610_175521_48753422,1736,car,Node1,46354890,69663.35045122427,70180.49478126029,True,scanned
20260610_175521_48753422,1737,shuttle,Bus_start,46477307,69663.65833785327,72103.5592454898,True,scanned
20260610_175521_48753422,1738,car,Node1,46354890,69667.21278968509,70186.13291469254,True,scanned
20260610_175521_48753422,1739,shuttle,Bus_start,46477307,69672.51833030429,72105.5592454898,True,scanned
20260610_175521_48753422,1740,shuttle,Bus_start,46477307,69672.88647398296,72113.7128340027,True,scanned
20260610_175521_48753422,1741,car,Node1,46354890,69681.59212233075,70198.3321056205,True,scanned
20260610_175521_48753422,1742,car,Node1,46354890,69682.56966575293,70198.3321056205,True,scanned
20260610_175521_48753422,1743,car,Node5,3611512307,69683.45413032665,70264.60127144132,True,scanned
20260610_175521_48753422,1744,shuttle,Bus_start,46477307,69683.47245769255,72113.7128340027,True,scanned
20260610_175521_48753422,1745,car,Node1,46354890,69685.63717254932,70204.10680868861,True,scanned
20260610_175521_48753422,1746,car,Node1,46354890,69686.28461783136,70204.10680868861,True,scanned
20260610_175521_48753422,1747,car,Node1,46354890,69687.80843193502,70212.46388858873,True,scanned
20260610_175521_48753422,1748,car,Node1,46354890,69692.01125358812,70212.46388858873,True,scanned
20260610_175521_48753422,1749,car,Node1,46354890,69692.05620312007,70212.46388858873,True,scanned
20260610_175521_48753422,1750,shuttle,Bus_start,46477307,69692.75816003508,72113.7128340027,True,scanned
20260610_175521_48753422,1751,car,Node5,3611512307,69696.46215074777,70264.60127144132,True,scanned
20260610_175521_48753422,1752,shuttle,Bus_start,46477307,69698.53420482686,72114.5592454898,True,scanned
20260610_175521_48753422,1753,shuttle,Bus_start,46477307,69698.97915187842,72116.5592454898,True,scanned
20260610_175521_48753422,1754,car,Node1,46354890,69699.90062601407,70220.32001299929,True,scanned
20260610_175521_48753422,1755,car,Node1,46354890,69701.67814445791,70220.32001299929,True,scanned
20260610_175521_48753422,1756,shuttle,Bus_start,46477307,69702.70671008235,72118.20800933466,True,scanned
20260610_175521_48753422,1757,car,Node1,46354890,69705.36106255406,70236.17422401608,True,scanned
20260610_175521_48753422,1758,shuttle,Bus_start,46477307,69711.25677714,72120.5592454898,True,scanned
20260610_175521_48753422,1759,car,Node1,46354890,69714.62400303347,70236.17422401608,True,scanned
20260610_175521_48753422,1760,car,Node1,46354890,69715.49252064426,70236.17422401608,True,scanned
20260610_175521_48753422,1761,car,Node1,46354890,69720.85119986613,70246.15029737339,True,scanned
20260610_175521_48753422,1762,shuttle,Bus_start,46477307,69720.98848760214,72126.7128340027,True,scanned
20260610_175521_48753422,1763,car,Node5,3611512307,69723.23855336478,70349.51972649638,True,scanned
20260610_175521_48753422,1764,shuttle,Bus_start,46477307,69723.29801314419,72126.7128340027,True,scanned
20260610_175521_48753422,1765,shuttle,Bus_start,46477307,69724.39776950359,72126.7128340027,True,scanned
20260610_175521_48753422,1766,car,Node1,46354890,69727.88305567495,70246.15029737339,True,scanned
20260610_175521_48753422,1767,shuttle,Bus_start,46477307,69733.5900164267,72127.5592454898,True,scanned
20260610_175521_48753422,1768,car,Node1,46354890,69735.66078526848,70278.97915481913,True,scanned
20260610_175521_48753422,1769,shuttle,Bus_start,46477307,69737.2169245771,72129.5592454898,True,scanned
20260610_175521_48753422,1770,shuttle,Bus_start,46477307,69745.5933938092,72131.5592454898,True,scanned
20260610_175521_48753422,1771,shuttle,Bus_start,46477307,69748.55415225193,72133.5592454898,True,scanned
20260610_175521_48753422,1772,shuttle,Bus_start,46477307,69749.08427190785,72139.7128340027,True,scanned
20260610_175521_48753422,1773,shuttle,Bus_start,46477307,69749.93007142111,72139.7128340027,True,scanned
20260610_175521_48753422,1774,shuttle,Bus_start,46477307,69750.40783197421,72140.5592454898,True,scanned
20260610_175521_48753422,1775,shuttle,Bus_start,46477307,69758.16674144258,72142.5592454898,True,scanned
20260610_175521_48753422,1776,shuttle,Bus_start,46477307,69759.52300871596,72152.7128340027,True,scanned
20260610_175521_48753422,1777,car,Node1,46354890,69767.90847283632,70278.97915481913,True,scanned
20260610_175521_48753422,1778,car,Node1,46354890,69769.03067063319,70289.52811228619,True,scanned
20260610_175521_48753422,1779,shuttle,Bus_start,46477307,69770.59867699293,72152.7128340027,True,scanned
20260610_175521_48753422,1780,shuttle,Bus_start,46477307,69770.89820598807,72155.5592454898,True,scanned
20260610_175521_48753422,1781,shuttle,Bus_start,46477307,69773.79700782118,72165.7128340027,True,scanned
20260610_175521_48753422,1782,shuttle,Bus_start,46477307,69774.0541641573,72165.7128340027,True,scanned
20260610_175521_48753422,1783,car,Node1,46354890,69775.16118426727,70289.52811228619,True,scanned
20260610_175521_48753422,1784,shuttle,Bus_start,46477307,69776.26102083482,72168.5592454898,True,scanned
20260610_175521_48753422,1785,car,Node1,46354890,69776.89944606357,70289.52811228619,True,scanned
20260610_175521_48753422,1786,car,Node5,3611512307,69777.22575389832,70349.82805869241,True,scanned
20260610_175521_48753422,1787,shuttle,Bus_start,46477307,69780.46605443984,72178.7128340027,True,scanned
20260610_175521_48753422,1788,car,Node5,3611512307,69781.45954548643,70351.82805869241,True,scanned
20260610_175521_48753422,1789,shuttle,Bus_start,46477307,69785.71934826602,72178.7128340027,True,scanned
20260610_175521_48753422,1790,car,Node5,3611512307,69792.15680539429,70364.82805869241,True,scanned
20260610_175521_48753422,1791,shuttle,Bus_start,46477307,69792.15812071608,72181.5592454898,True,scanned
20260610_175521_48753422,1792,shuttle,Bus_start,46477307,69796.31617997905,72183.20800933466,True,scanned
20260610_175521_48753422,1793,shuttle,Bus_start,46477307,69800.30487190973,72183.5592454898,True,scanned
20260610_175521_48753422,1794,car,Node4,46493064,69807.5211711015,70420.8968352343,True,scanned
20260610_175521_48753422,1795,car,Node1,46354890,69807.55748773876,70316.68494572164,True,scanned
20260610_175521_48753422,1796,car,Node1,46354890,69807.66782031639,70323.51972649638,True,scanned
20260610_175521_48753422,1797,car,Node5,3611512307,69809.14494636259,70393.82805869241,True,scanned
20260610_175521_48753422,1798,shuttle,Bus_start,46477307,69810.5953916674,72185.5592454898,True,scanned
20260610_175521_48753422,1799,car,Node1,46354890,69811.53047024705,70323.51972649638,True,scanned
20260610_175521_48753422,1800,car,Node1,46354890,69812.65596146519,70323.51972649638,True,scanned
20260610_175521_48753422,1801,car,Node5,3611512307,69813.89140657154,70394.8968352343,True,scanned
20260610_175521_48753422,1802,car,Node1,46354890,69816.59469161143,70329.8968352343,True,scanned
20260610_175521_48753422,1803,shuttle,Bus_start,46477307,69817.80145071061,72192.5592454898,True,scanned
20260610_175521_48753422,1804,car,Node1,46354890,69819.06222925568,70340.29910585909,True,scanned
20260610_175521_48753422,1805,shuttle,Bus_start,46477307,69821.63061902797,72196.20800933466,True,scanned
20260610_175521_48753422,1806,car,Node4,46493064,69822.65625031634,70496.29910585909,True,scanned
20260610_175521_48753422,1807,shuttle,Bus_start,46477307,69823.10754648216,72196.5592454898,True,scanned
20260610_175521_48753422,1808,shuttle,Bus_start,46477307,69827.8521450551,72198.5592454898,True,scanned
20260610_175521_48753422,1809,shuttle,Bus_start,46477307,69829.35153719956,72204.7128340027,True,scanned
20260610_175521_48753422,1810,car,Node1,46354890,69830.13225796109,70341.82805869241,True,scanned
20260610_175521_48753422,1811,car,Node1,46354890,69830.6077083255,70342.8968352343,True,scanned
20260610_175521_48753422,1812,shuttle,Bus_start,46477307,69831.1233616563,72204.7128340027,True,scanned
20260610_175521_48753422,1813,car,Node1,46354890,69831.16609926909,70375.82805869241,True,scanned
20260610_175521_48753422,1814,car,Node5,3611512307,69832.95226712292,70432.82805869241,True,scanned
20260610_175521_48753422,1815,car,Node5,3611512307,69833.50687014557,70433.8968352343,True,scanned
20260610_175521_48753422,1816,shuttle,Bus_start,46477307,69843.5973950683,72204.7128340027,True,scanned
20260610_175521_48753422,1817,car,Node1,46354890,69849.84822619974,70377.82805869241,True,scanned
20260610_175521_48753422,1818,car,Node5,3611512307,69850.0141882061,70439.82805869241,True,scanned
20260610_175521_48753422,1819,shuttle,Bus_start,46477307,69855.63291248537,72205.5592454898,True,scanned
20260610_175521_48753422,1820,shuttle,Bus_start,46477307,69859.50881682128,72211.5592454898,True,scanned
20260610_175521_48753422,1821,shuttle,Bus_start,46477307,69860.04388299232,72217.7128340027,True,scanned
20260610_175521_48753422,1822,car,Node1,46354890,69863.16506583603,70379.29910585909,True,scanned
20260610_175521_48753422,1823,car,Node1,46354890,69863.35339495535,70387.82805869241,True,scanned
20260610_175521_48753422,1824,car,Node5,3611512307,69863.66884293462,70453.82805869241,True,scanned
20260610_175521_48753422,1825,car,Node1,46354890,69864.0124065525,70388.51972649638,True,scanned
20260610_175521_48753422,1826,car,Node4,46493064,69864.6691482094,70497.82805869241,True,scanned
20260610_175521_48753422,1827,car,Node1,46354890,69865.3207322688,70388.51972649638,True,scanned
20260610_175521_48753422,1828,car,Node5,3611512307,69866.7660627448,70517.82805869241,True,scanned
20260610_175521_48753422,1829,car,Node1,46354890,69868.27702748346,70400.82805869241,True,scanned
20260610_175521_48753422,1830,shuttle,Bus_start,46477307,69868.7564592938,72217.7128340027,True,scanned
20260610_175521_48753422,1831,shuttle,Bus_start,46477307,69870.59681994376,72218.5592454898,True,scanned
20260610_175521_48753422,1832,car,Node1,46354890,69873.11200191821,70414.51972649638,True,scanned
20260610_175521_48753422,1833,shuttle,Bus_start,46477307,69883.09189049584,72220.5592454898,True,scanned
20260610_175521_48753422,1834,shuttle,Bus_start,46477307,69883.60858324131,72222.20800933466,True,scanned
20260610_175521_48753422,1835,car,Node1,46354890,69884.3524066309,70414.51972649638,True,scanned
20260610_175521_48753422,1836,car,Node1,46354890,69885.84102808869,70427.51972649638,True,scanned
20260610_175521_48753422,1837,shuttle,Bus_start,46477307,69891.55063956455,72230.7128340027,True,scanned
20260610_175521_48753422,1838,car,Node1,46354890,69896.98902025144,70427.51972649638,True,scanned
20260610_175521_48753422,1839,shuttle,Bus_start,46477307,69897.9928587073,72230.7128340027,True,scanned
20260610_175521_48753422,1840,shuttle,Bus_start,46477307,69900.888337413,72230.7128340027,True,scanned
20260610_175521_48753422,1841,shuttle,Bus_start,46477307,69903.38972728398,72235.5592454898,True,scanned
20260610_175521_48753422,1842,car,Node1,46354890,69905.47877882213,70427.82805869241,True,scanned
20260610_175521_48753422,1843,car,Node1,46354890,69908.57560278379,70440.82805869241,True,scanned
20260610_175521_48753422,1844,car,Node1,46354890,69908.70487252575,70442.82805869241,True,scanned
20260610_175521_48753422,1845,car,Node1,46354890,69908.78640737252,70444.29910585909,True,scanned
20260610_175521_48753422,1846,car,Node5,3611512307,69910.66280797294,70518.51972649638,True,scanned
20260610_175521_48753422,1847,car,Node1,46354890,69911.33551190821,70466.51972649638,True,scanned
20260610_175521_48753422,1848,car,Node1,46354890,69914.66284196604,70466.51972649638,True,scanned
20260610_175521_48753422,1849,car,Node5,3611512307,69917.08624580195,70556.06200221834,True,scanned
20260610_175521_48753422,1850,shuttle,Bus_start,46477307,69924.48564247265,72243.7128340027,True,scanned
20260610_175521_48753422,1851,car,Node1,46354890,69933.15031785805,70466.82805869241,True,scanned
20260610_175521_48753422,1852,shuttle,Bus_start,46477307,69938.13488776612,72243.7128340027,True,scanned
20260610_175521_48753422,1853,shuttle,Bus_start,46477307,69938.43262693804,72243.7128340027,True,scanned
20260610_175521_48753422,1854,shuttle,Bus_start,46477307,69938.84257740385,72244.5592454898,True,scanned
20260610_175521_48753422,1855,shuttle,Bus_start,46477307,69940.67110530088,72246.5592454898,True,scanned
20260610_175521_48753422,1856,shuttle,Bus_start,46477307,69942.00059531178,72250.5592454898,True,scanned
20260610_175521_48753422,1857,shuttle,Bus_start,46477307,69942.00239571769,72256.7128340027,True,scanned
20260610_175521_48753422,1858,shuttle,Bus_start,46477307,69942.97320236973,72257.5592454898,True,scanned
20260610_175521_48753422,1859,car,Node1,46354890,69946.74550366105,70479.82805869241,True,scanned
20260610_175521_48753422,1860,shuttle,Bus_start,46477307,69949.80577496457,72259.5592454898,True,scanned
20260610_175521_48753422,1861,car,Node1,46354890,69950.47898990885,70484.82805869241,True,scanned
20260610_175521_48753422,1862,car,Node1,46354890,69951.84919919231,70492.51972649638,True,scanned
20260610_175521_48753422,1863,shuttle,Bus_start,46477307,69952.24731641321,72261.20800933466,True,scanned
20260610_175521_48753422,1864,car,Node1,46354890,69954.75548417834,70504.82805869241,True,scanned
20260610_175521_48753422,1865,shuttle,Bus_start,46477307,69956.3209359762,72261.5592454898,True,scanned
20260610_175521_48753422,1866,car,Node1,46354890,69958.36007398464,70507.82805869241,True,scanned
20260610_175521_48753422,1867,shuttle,Bus_start,46477307,69958.76739123705,72263.5592454898,True,scanned
20260610_175521_48753422,1868,car,Node1,46354890,69959.16188735657,70509.29910585909,True,scanned
20260610_175521_48753422,1869,car,Node1,46354890,69961.04769280944,70510.82805869241,True,scanned
20260610_175521_48753422,1870,car,Node4,46493064,69961.10348383486,70601.63110264833,True,scanned
20260610_175521_48753422,1871,car,Node1,46354890,69962.38875324882,70522.29910585909,True,scanned
20260610_175521_48753422,1872,car,Node1,46354890,69964.6334485612,70523.82805869241,True,scanned
20260610_175521_48753422,1873,shuttle,Bus_start,46477307,69964.93509622305,72269.7128340027,True,scanned
20260610_175521_48753422,1874,shuttle,Bus_start,46477307,69968.10399328872,72642.30469560741,True,scanned
20260610_175521_48753422,1875,car,Node1,46354890,69970.15338234713,70524.8968352343,True,scanned
20260610_175521_48753422,1876,shuttle,Bus_start,46477307,69972.6386362116,72644.30469560741,True,scanned
20260610_175521_48753422,1877,car,Node1,46354890,69972.90506551739,70531.51972649638,True,scanned
20260610_175521_48753422,1878,shuttle,Bus_start,46477307,69976.69793441151,72646.30469560741,True,scanned
20260610_175521_48753422,1879,car,Node4,46493064,69977.87790337032,70601.63110264833,True,scanned
20260610_175521_48753422,1880,shuttle,Bus_start,46477307,69980.65798797557,72648.30469560741,True,scanned
20260610_175521_48753422,1881,shuttle,Bus_start,46477307,69980.94264989371,72650.30469560741,True,scanned
20260610_175521_48753422,1882,car,Node1,46354890,69983.51325621388,70531.82805869241,True,scanned
20260610_175521_48753422,1883,shuttle,Bus_start,46477307,69983.89464634442,72652.30469560741,True,scanned
20260610_175521_48753422,1884,car,Node4,46493064,69984.17193213016,70601.63110264833,True,scanned
20260610_175521_48753422,1885,shuttle,Bus_start,46477307,69986.92818035868,72654.30469560741,True,scanned
20260610_175521_48753422,1886,shuttle,Bus_start,46477307,69987.19773736643,72659.30469560741,True,scanned
20260610_175521_48753422,1887,shuttle,Bus_start,46477307,69989.62688476063,72667.30469560741,True,scanned
20260610_175521_48753422,1888,car,Node1,46354890,69993.30416850485,70533.82805869241,True,scanned
20260610_175521_48753422,1889,car,Node5,3611512307,69993.54111891822,70556.06200221834,True,scanned
20260610_175521_48753422,1890,car,Node5,3611512307,69994.56542117753,70562.05334734012,True,scanned
20260610_175521_48753422,1891,car,Node5,3611512307,69994.59205032038,70569.06200221834,True,scanned
20260610_175521_48753422,1892,shuttle,Bus_start,46477307,69995.06015762108,72668.06797646238,True,scanned
20260610_175521_48753422,1893,shuttle,Bus_start,46477307,70006.82709686975,72668.30469560741,True,scanned
20260610_175521_48753422,1894,car,Node5,3611512307,70007.2017032312,70577.77070305211,True,scanned
20260610_175521_48753422,1895,car,Node5,3611512307,70007.24663288094,70579.06200221834,True,scanned
20260610_175521_48753422,1896,shuttle,Bus_start,46477307,70010.4476582818,72670.30469560741,True,scanned
20260610_175521_48753422,1897,car,Node1,46354890,70011.17099420569,70535.29910585909,True,scanned
20260610_175521_48753422,1898,car,Node1,46354890,70011.436243506,70536.82805869241,True,scanned
20260610_175521_48753422,1899,car,Node5,3611512307,70012.95620811323,70585.78872530117,True,scanned
20260610_175521_48753422,1900,car,Node1,46354890,70013.8852559464,70537.8968352343,True,scanned
20260610_175521_48753422,1901,car,Node1,46354890,70014.87842856297,70543.82805869241,True,scanned
20260610_175521_48753422,1902,car,Node5,3611512307,70015.60874539072,70596.51116385279,True,scanned
20260610_175521_48753422,1903,shuttle,Bus_start,46477307,70016.4441299597,72672.30469560741,True,scanned
20260610_175521_48753422,1904,car,Node1,46354890,70017.15186944604,70544.51972649638,True,scanned
20260610_175521_48753422,1905,car,Node4,46493064,70018.82668232985,70687.85109891757,True,scanned
20260610_175521_48753422,1906,car,Node1,46354890,70019.08849816707,70544.51972649638,True,scanned
20260610_175521_48753422,1907,car,Node1,46354890,70019.93089752756,70544.82805869241,True,scanned
20260610_175521_48753422,1908,car,Node5,3611512307,70022.87578471878,70596.51116385279,True,scanned
20260610_175521_48753422,1909,shuttle,Bus_start,46477307,70026.51695446971,72680.30469560741,True,scanned
20260610_175521_48753422,1910,shuttle,Bus_start,46477307,70027.80796739995,72681.06797646238,True,scanned
20260610_175521_48753422,1911,car,Node1,46354890,70031.96675062351,70557.79794030488,True,scanned
20260610_175521_48753422,1912,car,Node1,46354890,70033.52962724178,70557.79794030488,True,scanned
20260610_175521_48753422,1913,shuttle,Bus_start,46477307,70042.1323345305,72681.30469560741,True,scanned
20260610_175521_48753422,1914,car,Node5,3611512307,70042.7062357469,70621.06050132707,True,scanned
20260610_175521_48753422,1915,shuttle,Bus_start,46477307,70042.79512036343,72685.30469560741,True,scanned
20260610_175521_48753422,1916,car,Node5,3611512307,70044.49149779104,70621.06050132707,True,scanned
20260610_175521_48753422,1917,shuttle,Bus_start,46477307,70045.07353632055,72687.30469560741,True,scanned
20260610_175521_48753422,1918,car,Node1,46354890,70046.16705466656,70557.79794030488,True,scanned
20260610_175521_48753422,1919,car,Node1,46354890,70046.21914859026,70566.06200221834,True,scanned
20260610_175521_48753422,1920,car,Node5,3611512307,70048.8601359311,70621.06050132707,True,scanned
20260610_175521_48753422,1921,car,Node1,46354890,70050.99740346416,70566.06200221834,True,scanned
20260610_175521_48753422,1922,car,Node4,46493064,70051.00940780852,70687.85109891757,True,scanned
20260610_175521_48753422,1923,car,Node1,46354890,70051.49033972003,70569.06200221834,True,scanned
20260610_175521_48753422,1924,shuttle,Bus_start,46477307,70053.8771431153,72689.30469560741,True,scanned
20260610_175521_48753422,1925,car,Node5,3611512307,70054.57031130932,70665.34583785893,True,scanned
20260610_175521_48753422,1926,car,Node1,46354890,70056.32477599518,70574.62062344803,True,scanned
20260610_175521_48753422,1927,car,Node1,46354890,70059.46006351589,70574.62062344803,True,scanned
20260610_175521_48753422,1928,car,Node1,46354890,70060.11051838347,70574.62062344803,True,scanned
20260610_175521_48753422,1929,shuttle,Bus_start,46477307,70062.3035975894,72691.30469560741,True,scanned
20260610_175521_48753422,1930,car,Node1,46354890,70063.61236605408,70589.8533664501,True,scanned
20260610_175521_48753422,1931,shuttle,Bus_start,46477307,70073.71942682724,72693.30469560741,True,scanned
20260610_175521_48753422,1932,shuttle,Bus_start,46477307,70074.50359968304,72694.06797646238,True,scanned
20260610_175521_48753422,1933,shuttle,Bus_start,46477307,70076.24787666558,72694.30469560741,True,scanned
20260610_175521_48753422,1934,car,Node5,3611512307,70077.0903722849,70665.34583785893,True,scanned
20260610_175521_48753422,1935,car,Node1,46354890,70079.16728069985,70589.8533664501,True,scanned
20260610_175521_48753422,1936,shuttle,Bus_start,46477307,70080.55789781832,72702.30469560741,True,scanned
20260610_175521_48753422,1937,car,Node4,46493064,70081.82433332814,70687.85109891757,True,scanned
20260610_175521_48753422,1938,shuttle,Bus_start,46477307,70084.5121329946,72704.30469560741,True,scanned
20260610_175521_48753422,1939,car,Node1,46354890,70086.22466876516,70598.75667027445,True,scanned
20260610_175521_48753422,1940,shuttle,Bus_start,46477307,70094.48312039225,72706.30469560741,True,scanned
20260610_175521_48753422,1941,car,Node5,3611512307,70097.1756909918,70665.34583785893,True,scanned
20260610_175521_48753422,1942,shuttle,Bus_start,46477307,70102.28148720182,72707.06797646238,True,scanned
20260610_175521_48753422,1943,car,Node1,46354890,70103.21511473908,70612.80061104496,True,scanned
20260610_175521_48753422,1944,car,Node5,3611512307,70105.62600708214,70711.03391218606,True,scanned
20260610_175521_48753422,1945,car,Node1,46354890,70107.95308441935,70619.36296496556,True,scanned
20260610_175521_48753422,1946,car,Node1,46354890,70108.21725568274,70619.36296496556,True,scanned
20260610_175521_48753422,1947,shuttle,Bus_start,46477307,70112.98269013056,72707.30469560741,True,scanned
20260610_175521_48753422,1948,car,Node1,46354890,70118.01652438499,70633.50442231636,True,scanned
20260610_175521_48753422,1949,shuttle,Bus_start,46477307,70119.30661000544,72709.30469560741,True,scanned
20260610_175521_48753422,1950,shuttle,Bus_start,46477307,70119.46716630981,72711.30469560741,True,scanned
20260610_175521_48753422,1951,shuttle,Bus_start,46477307,70119.8316831498,72713.30469560741,True,scanned
20260610_175521_48753422,1952,car,Node1,46354890,70121.63160364986,70633.50442231636,True,scanned
20260610_175521_48753422,1953,shuttle,Bus_start,46477307,70123.56747898173,72720.06797646238,True,scanned
20260610_175521_48753422,1954,car,Node1,46354890,70124.9716635443,70639.19349923429,True,scanned
20260610_175521_48753422,1955,car,Node1,46354890,70127.09820740414,70644.83646836503,True,scanned
20260610_175521_48753422,1956,car,Node1,46354890,70128.56381330498,70644.83646836503,True,scanned
20260610_175521_48753422,1957,car,Node1,46354890,70128.84069230435,70644.83646836503,True,scanned
20260610_175521_48753422,1958,car,Node1,46354890,70130.81245752152,70651.76575489671,True,scanned
20260610_175521_48753422,1959,car,Node1,46354890,70132.48103035268,70651.76575489671,True,scanned
20260610_175521_48753422,1960,car,Node1,46354890,70134.73165004328,70651.76575489671,True,scanned
20260610_175521_48753422,1961,car,Node1,46354890,70137.70886472633,70657.02178148011,True,scanned
20260610_175521_48753422,1962,shuttle,Bus_start,46477307,70141.38260496991,72720.30469560741,True,scanned
20260610_175521_48753422,1963,car,Node1,46354890,70143.26446185366,70662.18790797691,True,scanned
20260610_175521_48753422,1964,car,Node1,46354890,70145.1071194113,70668.34850219055,True,scanned
20260610_175521_48753422,1965,car,Node5,3611512307,70145.9481791596,70711.03391218606,True,scanned
20260610_175521_48753422,1966,car,Node1,46354890,70148.05887821416,70668.34850219055,True,scanned
20260610_175521_48753422,1967,shuttle,Bus_start,46477307,70150.27440090726,72722.30469560741,True,scanned
20260610_175521_48753422,1968,car,Node1,46354890,70152.38740756485,70674.34628709125,True,scanned
20260610_175521_48753422,1969,car,Node1,46354890,70152.53968397652,70678.99861144533,True,scanned
20260610_175521_48753422,1970,shuttle,Bus_start,46477307,70153.02474213431,72730.30469560741,True,scanned
20260610_175521_48753422,1971,car,Node4,46493064,70153.19733776426,70867.42932534158,True,scanned
20260610_175521_48753422,1972,car,Node5,3611512307,70157.61096832348,70730.11537775915,True,scanned
20260610_175521_48753422,1973,shuttle,Bus_start,46477307,70157.85695887118,72732.30469560741,True,scanned
20260610_175521_48753422,1974,shuttle,Bus_start,46477307,70159.59290825999,72733.06797646238,True,scanned
20260610_175521_48753422,1975,shuttle,Bus_start,46477307,70160.08116895222,72733.30469560741,True,scanned
20260610_175521_48753422,1976,car,Node5,3611512307,70164.28225664668,70730.11537775915,True,scanned
20260610_175521_48753422,1977,shuttle,Bus_start,46477307,70165.84321202707,72737.30469560741,True,scanned
20260610_175521_48753422,1978,car,Node1,46354890,70167.05390020809,70690.20641757759,True,scanned
20260610_175521_48753422,1979,shuttle,Bus_start,46477307,70168.1503887299,72739.30469560741,True,scanned
20260610_175521_48753422,1980,car,Node5,3611512307,70170.1706007024,70752.43450630327,True,scanned
20260610_175521_48753422,1981,car,Node1,46354890,70171.34828642722,70690.20641757759,True,scanned
20260610_175521_48753422,1982,shuttle,Bus_start,46477307,70176.20700022284,72746.06797646238,True,scanned
20260610_175521_48753422,1983,car,Node1,46354890,70177.13742010314,70696.3690313142,True,scanned
20260610_175521_48753422,1984,car,Node1,46354890,70177.35817604211,70700.80467680997,True,scanned
20260610_175521_48753422,1985,car,Node5,3611512307,70180.92059791592,70752.43450630327,True,scanned
20260610_175521_48753422,1986,car,Node1,46354890,70182.4863241527,70731.98552425306,True,scanned
20260610_175521_48753422,1987,car,Node5,3611512307,70185.60369497382,70752.43450630327,True,scanned
20260610_175521_48753422,1988,car,Node5,3611512307,70187.50048546867,70763.64150479824,True,scanned
20260610_175521_48753422,1989,car,Node2,46336597,70192.30693668562,70727.72237619915,True,scanned
20260610_175521_48753422,1990,shuttle,Bus_start,46477307,70192.31601984873,72746.30469560741,True,scanned
20260610_175521_48753422,1991,shuttle,Bus_start,46477307,70193.13023060342,72748.30469560741,True,scanned
20260610_175521_48753422,1992,car,Node5,3611512307,70193.17517939337,70763.64150479824,True,scanned
20260610_175521_48753422,1993,car,Node5,3611512307,70194.66512517877,70763.64150479824,True,scanned
20260610_175521_48753422,1994,car,Node5,3611512307,70195.8664114094,70789.99724205372,True,scanned
20260610_175521_48753422,1995,car,Node1,46354890,70199.12019240309,70731.98552425306,True,scanned
20260610_175521_48753422,1996,shuttle,Bus_start,46477307,70199.68761549145,72750.30469560741,True,scanned
20260610_175521_48753422,1997,shuttle,Bus_start,46477307,70206.8417270762,72752.30469560741,True,scanned
20260610_175521_48753422,1998,shuttle,Bus_start,46477307,70208.01727416235,72754.30469560741,True,scanned
20260610_175521_48753422,1999,shuttle,Bus_start,46477307,70212.86224021445,72756.30469560741,True,scanned
20260610_175521_48753422,2000,car,Node1,46354890,70213.79781848776,70731.98552425306,True,scanned
20260610_175521_48753422,2001,shuttle,Bus_start,46477307,70214.01183793647,72758.30469560741,True,scanned
20260610_175521_48753422,2002,car,Node1,46354890,70218.48770358005,70740.72409902491,True,scanned
20260610_175521_48753422,2003,car,Node1,46354890,70219.7789829746,70740.72409902491,True,scanned
20260610_175521_48753422,2004,shuttle,Bus_start,46477307,70220.06053271293,72759.06797646238,True,scanned
20260610_175521_48753422,2005,car,Node1,46354890,70222.70503514774,70745.75063379736,True,scanned
20260610_175521_48753422,2006,car,Node5,3611512307,70223.72937586422,70789.99724205372,True,scanned
20260610_175521_48753422,2007,shuttle,Bus_start,46477307,70229.02826730021,72765.30469560741,True,scanned
20260610_175521_48753422,2008,car,Node5,3611512307,70229.55200751338,70799.11477888344,True,scanned
20260610_175521_48753422,2009,shuttle,Bus_start,46477307,70230.18176022862,72767.30469560741,True,scanned
20260610_175521_48753422,2010,shuttle,Bus_start,46477307,70232.51035648918,72772.06797646238,True,scanned
20260610_175521_48753422,2011,car,Node1,46354890,70234.82356196472,70770.05530624802,True,scanned
20260610_175521_48753422,2012,shuttle,Bus_start,46477307,70239.76540918396,72772.30469560741,True,scanned
20260610_175521_48753422,2013,car,Node1,46354890,70241.99339345367,70770.05530624802,True,scanned
20260610_175521_48753422,2014,shuttle,Bus_start,46477307,70254.24987292633,72774.30469560741,True,scanned
20260610_175521_48753422,2015,car,Node1,46354890,70254.64843004254,70770.05530624802,True,scanned
20260610_175521_48753422,2016,car,Node1,46354890,70255.10738939363,70782.16708349154,True,scanned
20260610_175521_48753422,2017,shuttle,Bus_start,46477307,70257.79192128139,72780.30469560741,True,scanned
20260610_175521_48753422,2018,shuttle,Bus_start,46477307,70258.24342620854,72782.30469560741,True,scanned
20260610_175521_48753422,2019,shuttle,Bus_start,46477307,70259.72560494026,72784.30469560741,True,scanned
20260610_175521_48753422,2020,car,Node1,46354890,70263.07372222561,70782.16708349154,True,scanned
20260610_175521_48753422,2021,shuttle,Bus_start,46477307,70264.3237978344,72787.30469560741,True,scanned
20260610_175521_48753422,2022,car,Node1,46354890,70269.5002824378,70782.16708349154,True,scanned
20260610_175521_48753422,2023,car,Node1,46354890,70270.41985553589,70793.45485027037,True,scanned
20260610_175521_48753422,2024,shuttle,Bus_start,46477307,70271.6512715069,72789.30469560741,True,scanned
20260610_175521_48753422,2025,car,Node5,3611512307,70278.53635329328,70860.31189992544,True,scanned
20260610_175521_48753422,2026,shuttle,Bus_start,46477307,70280.89107987215,72791.30469560741,True,scanned
20260610_175521_48753422,2027,car,Node1,46354890,70280.9225514868,70793.45485027037,True,scanned
20260610_175521_48753422,2028,car,Node1,46354890,70281.76312611958,70811.22294551547,True,scanned
20260610_175521_48753422,2029,shuttle,Bus_start,46477307,70282.70386917725,72793.30469560741,True,scanned
20260610_175521_48753422,2030,car,Node4,46493064,70284.38092195768,70891.29199160951,True,scanned
20260610_175521_48753422,2031,car,Node4,46493064,70285.03545568076,70891.29199160951,True,scanned
20260610_175521_48753422,2032,car,Node1,46354890,70287.64860258868,70811.22294551547,True,scanned
20260610_175521_48753422,2033,shuttle,Bus_start,46477307,70288.0240095332,72795.30469560741,True,scanned
20260610_175521_48753422,2034,car,Node5,3611512307,70296.81265312782,70860.31189992544,True,scanned
20260610_175521_48753422,2035,shuttle,Bus_start,46477307,70297.28776439556,72797.30469560741,True,scanned
20260610_175521_48753422,2036,shuttle,Bus_start,46477307,70300.76430648437,72806.30469560741,True,scanned
20260610_175521_48753422,2037,car,Node1,46354890,70300.99489808822,70811.22294551547,True,scanned
20260610_175521_48753422,2038,car,Node1,46354890,70305.52847043793,70837.63347668698,True,scanned
20260610_175521_48753422,2039,shuttle,Bus_start,46477307,70306.24142179567,72808.30469560741,True,scanned
20260610_175521_48753422,2040,car,Node4,46493064,70309.88300009577,70958.76520999783,True,scanned
20260610_175521_48753422,2041,car,Node4,46493064,70313.58890743968,70960.76520999783,True,scanned
20260610_175521_48753422,2042,shuttle,Bus_start,46477307,70313.82968667902,72810.30469560741,True,scanned
20260610_175521_48753422,2043,car,Node5,3611512307,70314.82025791571,70915.76520999783,True,scanned
20260610_175521_48753422,2044,shuttle,Bus_start,46477307,70317.35658982489,72811.06797646238,True,scanned
20260610_175521_48753422,2045,shuttle,Bus_start,46477307,70319.14874104294,72811.30469560741,True,scanned
20260610_175521_48753422,2046,car,Node4,46493064,70321.25491765395,70961.3309154643,True,scanned
20260610_175521_48753422,2047,car,Node1,46354890,70324.77208257442,70837.63347668698,True,scanned
20260610_175521_48753422,2048,shuttle,Bus_start,46477307,70328.66332236728,72813.30469560741,True,scanned
20260610_175521_48753422,2049,car,Node1,46354890,70329.86510979652,70837.63347668698,True,scanned
20260610_175521_48753422,2050,car,Node5,3611512307,70332.38911929514,70917.76520999783,True,scanned
20260610_175521_48753422,2051,car,Node1,46354890,70332.9290586044,70844.42278114127,True,scanned
20260610_175521_48753422,2052,car,Node1,46354890,70333.16954547956,70844.42278114127,True,scanned
20260610_175521_48753422,2053,shuttle,Bus_start,46477307,70334.44968146364,72815.30469560741,True,scanned
20260610_175521_48753422,2054,shuttle,Bus_start,46477307,70335.65367527609,72821.30469560741,True,scanned
20260610_175521_48753422,2055,car,Node1,46354890,70340.09385662664,70852.87477553124,True,scanned
20260610_175521_48753422,2056,car,Node1,46354890,70340.23399604495,70852.87477553124,True,scanned
20260610_175521_48753422,2057,shuttle,Bus_start,46477307,70341.39664036167,72824.06797646238,True,scanned
20260610_175521_48753422,2058,shuttle,Bus_start,46477307,70341.6196981199,72824.30469560741,True,scanned
20260610_175521_48753422,2059,car,Node1,46354890,70343.09069540634,70852.87477553124,True,scanned
20260610_175521_48753422,2060,shuttle,Bus_start,46477307,70343.73469184586,72826.30469560741,True,scanned
20260610_175521_48753422,2061,car,Node5,3611512307,70346.4933688829,70919.76520999783,True,scanned
20260610_175521_48753422,2062,car,Node5,3611512307,70347.40870511495,70922.3309154643,True,scanned
20260610_175521_48753422,2063,car,Node5,3611512307,70351.20101030284,70935.3309154643,True,scanned
20260610_175521_48753422,2064,shuttle,Bus_start,46477307,70352.11042517034,72828.30469560741,True,scanned
20260610_175521_48753422,2065,car,Node5,3611512307,70353.3408494067,70935.3309154643,True,scanned
20260610_175521_48753422,2066,car,Node1,46354890,70353.46422624681,70862.97615418967,True,scanned
20260610_175521_48753422,2067,car,Node5,3611512307,70354.06487987771,70948.3309154643,True,scanned
20260610_175521_48753422,2068,car,Node4,46493064,70354.52570121738,71000.3309154643,True,scanned
20260610_175521_48753422,2069,car,Node1,46354890,70355.7377940454,70870.31189992544,True,scanned
20260610_175521_48753422,2070,shuttle,Bus_start,46477307,70356.36173971297,72834.30469560741,True,scanned
20260610_175521_48753422,2071,car,Node5,3611512307,70357.34297605287,70949.76520999783,True,scanned
20260610_175521_48753422,2072,shuttle,Bus_start,46477307,70358.69632651661,72836.30469560741,True,scanned
20260610_175521_48753422,2073,car,Node1,46354890,70359.86271258956,70886.36957841844,True,scanned
20260610_175521_48753422,2074,shuttle,Bus_start,46477307,70360.90071179344,72837.06797646238,True,scanned
20260610_175521_48753422,2075,shuttle,Bus_start,46477307,70361.47581292673,72837.30469560741,True,scanned
20260610_175521_48753422,2076,shuttle,Bus_start,46477307,70362.67822845539,72843.30469560741,True,scanned
20260610_175521_48753422,2077,shuttle,Bus_start,46477307,70363.32198721172,73221.98945751804,True,scanned
20260610_175521_48753422,2078,shuttle,Bus_start,46477307,70364.05448980206,73224.16087549446,True,scanned
20260610_175521_48753422,2079,car,Node5,3611512307,70367.13033631266,70975.76520999783,True,scanned
20260610_175521_48753422,2080,shuttle,Bus_start,46477307,70373.24006943032,73226.7445978328,True,scanned
20260610_175521_48753422,2081,shuttle,Bus_start,46477307,70373.40736170934,73228.23985871706,True,scanned
20260610_175521_48753422,2082,car,Node5,3611512307,70375.77165314218,70980.76520999783,True,scanned
20260610_175521_48753422,2083,car,Node1,46354890,70376.67447340181,70886.36957841844,True,scanned
20260610_175521_48753422,2084,shuttle,Bus_start,46477307,70377.90456932019,73234.98945751804,True,scanned
20260610_175521_48753422,2085,car,Node5,3611512307,70381.67048146279,70993.76520999783,True,scanned
20260610_175521_48753422,2086,shuttle,Bus_start,46477307,70383.59450632485,73237.16087549446,True,scanned
20260610_175521_48753422,2087,car,Node5,3611512307,70387.02932495585,70995.76520999783,True,scanned
20260610_175521_48753422,2088,shuttle,Bus_start,46477307,70392.296292721,73239.7445978328,True,scanned
20260610_175521_48753422,2089,shuttle,Bus_start,46477307,70393.4155030513,73239.7445978328,True,scanned
20260610_175521_48753422,2090,shuttle,Bus_start,46477307,70394.63476434453,73241.23985871706,True,scanned
20260610_175521_48753422,2091,car,Node1,46354890,70394.8805708574,70909.3309154643,True,scanned
20260610_175521_48753422,2092,shuttle,Bus_start,46477307,70397.21855003703,73250.16087549446,True,scanned
20260610_175521_48753422,2093,car,Node1,46354890,70397.9180139868,70909.3309154643,True,scanned
20260610_175521_48753422,2094,car,Node1,46354890,70401.28428916995,70909.3309154643,True,scanned
20260610_175521_48753422,2095,car,Node1,46354890,70401.89821464961,70932.76520999783,True,scanned
20260610_175521_48753422,2096,car,Node1,46354890,70414.68827557738,70934.76520999783,True,scanned
20260610_175521_48753422,2097,car,Node1,46354890,70415.55950521599,70943.76520999783,True,scanned
20260610_175521_48753422,2098,car,Node1,46354890,70416.21725476204,70945.76520999783,True,scanned
20260610_175521_48753422,2099,car,Node1,46354890,70417.60189925051,70947.76520999783,True,scanned
20260610_175521_48753422,2100,car,Node4,46493064,70419.9634976034,71129.76520999783,True,scanned
20260610_175521_48753422,2101,car,Node1,46354890,70430.96767625511,70973.76520999783,True,scanned
20260610_175521_48753422,2102,car,Node5,3611512307,70432.97930531486,71039.3309154643,True,scanned
20260610_175521_48753422,2103,car,Node5,3611512307,70433.99432319707,71052.3309154643,True,scanned
20260610_175521_48753422,2104,shuttle,Bus_start,46477307,70438.77151255443,73250.40684521143,True,scanned
20260610_175521_48753422,2105,car,Node1,46354890,70440.40694323725,70974.3309154643,True,scanned
20260610_175521_48753422,2106,car,Node1,46354890,70440.65316318978,70982.76520999783,True,scanned
20260610_175521_48753422,2107,shuttle,Bus_start,46477307,70446.0986115772,73252.7445978328,True,scanned
20260610_175521_48753422,2108,shuttle,Bus_start,46477307,70447.56869673335,73252.7445978328,True,scanned
20260610_175521_48753422,2109,car,Node5,3611512307,70448.68515722979,71065.3309154643,True,scanned
20260610_175521_48753422,2110,car,Node5,3611512307,70449.06564892469,71078.3309154643,True,scanned
20260610_175521_48753422,2111,car,Node1,46354890,70449.46987138422,70988.76520999783,True,scanned
20260610_175521_48753422,2112,car,Node5,3611512307,70450.30261554327,71078.3309154643,True,scanned
20260610_175521_48753422,2113,shuttle,Bus_start,46477307,70450.64942804915,73254.23985871706,True,scanned
20260610_175521_48753422,2114,shuttle,Bus_start,46477307,70459.98092354593,73260.98945751804,True,scanned
20260610_175521_48753422,2115,car,Node1,46354890,70460.10891807097,71006.76520999783,True,scanned
20260610_175521_48753422,2116,car,Node1,46354890,70460.73192484956,71008.76520999783,True,scanned
20260610_175521_48753422,2117,car,Node1,46354890,70461.59209203608,71012.76520999783,True,scanned
20260610_175521_48753422,2118,car,Node1,46354890,70461.68505165503,71013.3309154643,True,scanned
20260610_175521_48753422,2119,car,Node1,46354890,70461.83830237147,71014.76520999783,True,scanned
20260610_175521_48753422,2120,car,Node5,3611512307,70464.59091983346,71078.3309154643,True,scanned
20260610_175521_48753422,2121,shuttle,Bus_start,46477307,70465.61346435138,73261.22219240772,True,scanned
20260610_175521_48753422,2122,car,Node1,46354890,70467.77295462873,71021.76520999783,True,scanned
20260610_175521_48753422,2123,car,Node5,3611512307,70469.5282999672,71103.76520999783,True,scanned
20260610_175521_48753422,2124,car,Node1,46354890,70469.93484208047,71025.76520999783,True,scanned
20260610_175521_48753422,2125,car,Node1,46354890,70471.21124963123,71026.3309154643,True,scanned
20260610_175521_48753422,2126,car,Node5,3611512307,70471.95488692858,71104.3309154643,True,scanned
20260610_175521_48753422,2127,car,Node4,46493064,70472.06370894835,71130.3309154643,True,scanned
20260610_175521_48753422,2128,car,Node1,46354890,70474.70477396458,71027.76520999783,True,scanned
20260610_175521_48753422,2129,car,Node1,46354890,70476.68101400656,71032.76520999783,True,scanned
20260610_175521_48753422,2130,car,Node1,46354890,70476.73017990065,71039.3309154643,True,scanned
20260610_175521_48753422,2131,car,Node1,46354890,70478.03417970723,71045.76520999783,True,scanned
20260610_175521_48753422,2132,shuttle,Bus_start,46477307,70483.69728737729,73263.16087549446,True,scanned
20260610_175521_48753422,2133,car,Node5,3611512307,70484.37528279131,71104.3309154643,True,scanned
20260610_175521_48753422,2134,car,Node1,46354890,70485.19171716257,71052.3309154643,True,scanned
20260610_175521_48753422,2135,car,Node5,3611512307,70486.83453190417,71130.3309154643,True,scanned
20260610_175521_48753422,2136,shuttle,Bus_start,46477307,70490.01737326507,73265.7445978328,True,scanned
20260610_175521_48753422,2137,shuttle,Bus_start,46477307,70490.87449119575,73267.23985871706,True,scanned
20260610_175521_48753422,2138,car,Node1,46354890,70490.9296203012,71053.76520999783,True,scanned
20260610_175521_48753422,2139,car,Node1,46354890,70491.10660160535,71088.76520999783,True,scanned
20260610_175521_48753422,2140,shuttle,Bus_start,46477307,70493.51230401699,73273.98945751804,True,scanned
20260610_175521_48753422,2141,shuttle,Bus_start,46477307,70498.5218426328,73276.16087549446,True,scanned
20260610_175521_48753422,2142,shuttle,Bus_start,46477307,70498.98597332188,73276.40684521143,True,scanned
20260610_175521_48753422,2143,shuttle,Bus_start,46477307,70500.49044277199,73280.23985871706,True,scanned
20260610_175521_48753422,2144,car,Node5,3611512307,70500.62871009034,71130.3309154643,True,scanned
20260610_175521_48753422,2145,shuttle,Bus_start,46477307,70508.852036841,73289.16087549446,True,scanned
20260610_175521_48753422,2146,shuttle,Bus_start,46477307,70511.2325149384,73289.40684521143,True,scanned
20260610_175521_48753422,2147,car,Node5,3611512307,70511.43718011992,71131.76520999783,True,scanned
20260610_175521_48753422,2148,car,Node1,46354890,70512.54590769832,71090.76520999783,True,scanned
20260610_175521_48753422,2149,shuttle,Bus_start,46477307,70514.8275259149,73289.40684521143,True,scanned
20260610_175521_48753422,2150,shuttle,Bus_start,46477307,70515.45033832188,73291.7445978328,True,scanned
20260610_175521_48753422,2151,shuttle,Bus_start,46477307,70518.70290307702,73291.7445978328,True,scanned
20260610_175521_48753422,2152,car,Node5,3611512307,70520.16431778448,71136.76520999783,True,scanned
20260610_175521_48753422,2153,car,Node5,3611512307,70521.74407443247,71143.3309154643,True,scanned
20260610_175521_48753422,2154,shuttle,Bus_start,46477307,70523.34927193107,73293.23985871706,True,scanned
20260610_175521_48753422,2155,car,Node5,3611512307,70524.1661837359,71143.3309154643,True,scanned
20260610_175521_48753422,2156,car,Node1,46354890,70527.18437934412,71091.3309154643,True,scanned
20260610_175521_48753422,2157,car,Node5,3611512307,70530.12234712356,71143.3309154643,True,scanned
20260610_175521_48753422,2158,car,Node1,46354890,70532.36216776038,71110.76520999783,True,scanned
20260610_175521_48753422,2159,shuttle,Bus_start,46477307,70538.93159467207,73299.98945751804,True,scanned
20260610_175521_48753422,2160,shuttle,Bus_start,46477307,70541.60224036023,73300.22219240772,True,scanned
20260610_175521_48753422,2161,car,Node5,3611512307,70542.88545558667,71144.76520999783,True,scanned
20260610_175521_48753422,2162,shuttle,Bus_start,46477307,70543.48383905333,73304.7445978328,True,scanned
20260610_175521_48753422,2163,car,Node1,46354890,70544.19117915662,71112.76520999783,True,scanned
20260610_175521_48753422,2164,shuttle,Bus_start,46477307,70546.44284065209,73304.7445978328,True,scanned
20260610_175521_48753422,2165,shuttle,Bus_start,46477307,70550.95223780812,73312.98945751804,True,scanned
20260610_175521_48753422,2166,shuttle,Bus_start,46477307,70551.05809188802,73313.22219240772,True,scanned
20260610_175521_48753422,2167,car,Node1,46354890,70553.24736251673,71123.76520999783,True,scanned
20260610_175521_48753422,2168,shuttle,Bus_start,46477307,70553.48499875433,73315.40684521143,True,scanned
20260610_175521_48753422,2169,car,Node5,3611512307,70554.2030361127,71155.76520999783,True,scanned
20260610_175521_48753422,2170,shuttle,Bus_start,46477307,70555.83195771296,73317.7445978328,True,scanned
20260610_175521_48753422,2171,car,Node1,46354890,70556.32449841018,71125.76520999783,True,scanned
20260610_175521_48753422,2172,car,Node1,46354890,70563.65537176149,71127.76520999783,True,scanned
20260610_175521_48753422,2173,car,Node5,3611512307,70566.88716905747,71157.76520999783,True,scanned
20260610_175521_48753422,2174,car,Node5,3611512307,70571.01821795951,71162.76520999783,True,scanned
20260610_175521_48753422,2175,car,Node5,3611512307,70574.75020593675,71164.76520999783,True,scanned
20260610_175521_48753422,2176,car,Node1,46354890,70575.7591950951,71138.76520999783,True,scanned
20260610_175521_48753422,2177,car,Node1,46354890,70576.01345768776,71140.76520999783,True,scanned
20260610_175521_48753422,2178,car,Node5,3611512307,70576.30252135462,71166.76520999783,True,scanned
20260610_175521_48753422,2179,shuttle,Bus_start,46477307,70579.57630486655,73317.7445978328,True,scanned
20260610_175521_48753422,2180,shuttle,Bus_start,46477307,70582.65379735714,73326.22219240772,True,scanned
20260610_175521_48753422,2181,car,Node1,46354890,70583.82833052018,71142.76520999783,True,scanned
20260610_175521_48753422,2182,car,Node5,3611512307,70584.03680105678,71169.3309154643,True,scanned
20260610_175521_48753422,2183,shuttle,Bus_start,46477307,70584.79976713497,73328.16087549446,True,scanned
20260610_175521_48753422,2184,shuttle,Bus_start,46477307,70593.72127965304,73328.40684521143,True,scanned
20260610_175521_48753422,2185,shuttle,Bus_start,46477307,70593.88473901621,73328.40684521143,True,scanned
20260610_175521_48753422,2186,car,Node1,46354890,70594.29911373497,71149.76520999783,True,scanned
20260610_175521_48753422,2187,car,Node5,3611512307,70594.50315104301,71170.76520999783,True,scanned
20260610_175521_48753422,2188,car,Node5,3611512307,70595.17945238175,71175.76520999783,True,scanned
20260610_175521_48753422,2189,car,Node5,3611512307,70598.26366752552,71182.3309154643,True,scanned
20260610_175521_48753422,2190,car,Node1,46354890,70598.87363294525,71151.76520999783,True,scanned
20260610_175521_48753422,2191,car,Node5,3611512307,70604.0526359034,71228.49251956056,True,scanned
20260610_175521_48753422,2192,car,Node1,46354890,70613.28329549637,71153.76520999783,True,scanned
20260610_175521_48753422,2193,shuttle,Bus_start,46477307,70618.3347006832,73332.23985871706,True,scanned
20260610_175521_48753422,2194,car,Node1,46354890,70622.45788889084,71156.3309154643,True,scanned
20260610_175521_48753422,2195,shuttle,Bus_start,46477307,70622.83752533664,73338.98945751804,True,scanned
20260610_175521_48753422,2196,car,Node1,46354890,70623.04567797972,71156.3309154643,True,scanned
20260610_175521_48753422,2197,shuttle,Bus_start,46477307,70625.69556515633,73339.22219240772,True,scanned
20260610_175521_48753422,2198,shuttle,Bus_start,46477307,70627.83184495282,73341.16087549446,True,scanned
20260610_175521_48753422,2199,car,Node1,46354890,70630.0661465554,71156.3309154643,True,scanned
20260610_175521_48753422,2200,car,Node1,46354890,70632.49678918207,71168.76520999783,True,scanned
20260610_175521_48753422,2201,shuttle,Bus_start,46477307,70632.61928782499,73341.40684521143,True,scanned
20260610_175521_48753422,2202,shuttle,Bus_start,46477307,70637.87790501994,73341.40684521143,True,scanned
20260610_175521_48753422,2203,shuttle,Bus_start,46477307,70639.62474749568,73343.7445978328,True,scanned
20260610_175521_48753422,2204,shuttle,Bus_start,46477307,70642.25496396101,73343.7445978328,True,scanned
20260610_175521_48753422,2205,shuttle,Bus_start,46477307,70646.47068781253,73354.16087549446,True,scanned
20260610_175521_48753422,2206,shuttle,Bus_start,46477307,70651.4949176854,73354.40684521143,True,scanned
20260610_175521_48753422,2207,shuttle,Bus_start,46477307,70652.15222595797,73354.40684521143,True,scanned
20260610_175521_48753422,2208,car,Node4,46493064,70652.98393122424,71306.38132634695,True,scanned
20260610_175521_48753422,2209,car,Node1,46354890,70653.01482634501,71169.3309154643,True,scanned
20260610_175521_48753422,2210,car,Node1,46354890,70653.0444586333,71169.3309154643,True,scanned
20260610_175521_48753422,2211,shuttle,Bus_start,46477307,70654.94785996985,73364.98945751804,True,scanned
20260610_175521_48753422,2212,car,Node1,46354890,70656.28286573823,71177.76520999783,True,scanned
20260610_175521_48753422,2213,car,Node1,46354890,70660.25134789455,71179.76520999783,True,scanned
20260610_175521_48753422,2214,shuttle,Bus_start,46477307,70661.02053564895,73365.22219240772,True,scanned
20260610_175521_48753422,2215,shuttle,Bus_start,46477307,70662.89814053194,73367.16087549446,True,scanned
20260610_175521_48753422,2216,car,Node5,3611512307,70662.97798722298,71228.49251956056,True,scanned
20260610_175521_48753422,2217,car,Node1,46354890,70664.04567200635,71181.76520999783,True,scanned
20260610_175521_48753422,2218,car,Node5,3611512307,70664.63241208972,71240.00029315779,True,scanned
20260610_175521_48753422,2219,shuttle,Bus_start,46477307,70665.46231753236,73367.40684521143,True,scanned
20260610_175521_48753422,2220,shuttle,Bus_start,46477307,70665.52740251533,73367.40684521143,True,scanned
20260610_175521_48753422,2221,car,Node1,46354890,70665.92426771503,71185.5963489364,True,scanned
20260610_175521_48753422,2222,car,Node5,3611512307,70666.49698251701,71240.00029315779,True,scanned
20260610_175521_48753422,2223,car,Node5,3611512307,70667.9548008672,71240.00029315779,True,scanned
20260610_175521_48753422,2224,car,Node1,46354890,70671.86201415435,71185.5963489364,True,scanned
20260610_175521_48753422,2225,shuttle,Bus_start,46477307,70673.97097668173,73369.7445978328,True,scanned
20260610_175521_48753422,2226,car,Node1,46354890,70677.14602222932,71185.5963489364,True,scanned
20260610_175521_48753422,2227,car,Node1,46354890,70678.7708840008,71190.52945178146,True,scanned
20260610_175521_48753422,2228,car,Node5,3611512307,70679.26833536965,71252.0113069509,True,scanned
20260610_175521_48753422,2229,car,Node1,46354890,70679.60993118382,71190.76520999783,True,scanned
20260610_175521_48753422,2230,shuttle,Bus_start,46477307,70680.23291352789,73377.98945751804,True,scanned
20260610_175521_48753422,2231,shuttle,Bus_start,46477307,70682.9114163577,73378.22219240772,True,scanned
20260610_175521_48753422,2232,shuttle,Bus_start,46477307,70683.9936594218,73380.16087549446,True,scanned
20260610_175521_48753422,2233,car,Node1,46354890,70687.14416345891,71200.9601864473,True,scanned
20260610_175521_48753422,2234,car,Node1,46354890,70689.13582588927,71200.9601864473,True,scanned
20260610_175521_48753422,2235,car,Node2,46336597,70689.57963033265,71222.71142547486,True,scanned
20260610_175521_48753422,2236,shuttle,Bus_start,46477307,70689.9553493856,73380.40684521143,True,scanned
20260610_175521_48753422,2237,shuttle,Bus_start,46477307,70690.09108502058,73382.7445978328,True,scanned
20260610_175521_48753422,2238,car,Node5,3611512307,70691.49627847395,71268.06658630929,True,scanned
20260610_175521_48753422,2239,car,Node1,46354890,70691.7946910646,71205.7440687254,True,scanned
20260610_175521_48753422,2240,car,Node4,46493064,70698.18897325725,71306.38132634695,True,scanned
20260610_175521_48753422,2241,car,Node5,3611512307,70699.45470874381,71268.06658630929,True,scanned
20260610_175521_48753422,2242,shuttle,Bus_start,46477307,70704.67329639709,73384.23985871706,True,scanned
20260610_175521_48753422,2243,car,Node1,46354890,70705.63914633718,71216.98661531435,True,scanned
20260610_175521_48753422,2244,car,Node1,46354890,70707.53601321216,71227.00029315779,True,scanned
20260610_175521_48753422,2245,car,Node1,46354890,70708.3979629659,71227.00029315779,True,scanned
20260610_175521_48753422,2246,car,Node5,3611512307,70709.53490861238,71292.03963797208,True,scanned
20260610_175521_48753422,2247,car,Node4,46493064,70710.34202434526,71484.21573884667,True,scanned
20260610_175521_48753422,2248,shuttle,Bus_start,46477307,70710.51754819395,73390.98945751804,True,scanned
20260610_175521_48753422,2249,car,Node1,46354890,70710.82943209319,71227.00029315779,True,scanned
20260610_175521_48753422,2250,car,Node1,46354890,70713.13917101399,71234.76161598842,True,scanned
20260610_175521_48753422,2251,car,Node1,46354890,70714.62049589337,71234.76161598842,True,scanned
20260610_175521_48753422,2252,car,Node1,46354890,70715.74217479289,71235.71142547486,True,scanned
20260610_175521_48753422,2253,car,Node5,3611512307,70718.40335472133,71292.03963797208,True,scanned
20260610_175521_48753422,2254,shuttle,Bus_start,46477307,70722.91486527877,73391.22219240772,True,scanned
20260610_175521_48753422,2255,car,Node5,3611512307,70725.20882664263,71292.03963797208,True,scanned
20260610_175521_48753422,2256,car,Node1,46354890,70725.92940611434,71243.8374650074,True,scanned
20260610_175521_48753422,2257,car,Node5,3611512307,70727.4549592503,71338.99033235977,True,scanned
20260610_175521_48753422,2258,shuttle,Bus_start,46477307,70729.39060878089,73393.16087549446,True,scanned
20260610_175521_48753422,2259,car,Node1,46354890,70731.35582306159,71252.82882122337,True,scanned
20260610_175521_48753422,2260,shuttle,Bus_start,46477307,70734.07945949548,73393.40684521143,True,scanned
20260610_175521_48753422,2261,car,Node1,46354890,70736.840898297,71252.82882122337,True,scanned
20260610_175521_48753422,2262,shuttle,Bus_start,46477307,70738.5732240668,73393.40684521143,True,scanned
20260610_175521_48753422,2263,car,Node2,46336597,70742.48910898683,71403.82990505369,True,scanned
20260610_175521_48753422,2264,car,Node1,46354890,70743.4847287243,71265.85404015961,True,scanned
20260610_175521_48753422,2265,shuttle,Bus_start,46477307,70747.6375382924,73395.7445978328,True,scanned
20260610_175521_48753422,2266,shuttle,Bus_start,46477307,70749.71876291832,73395.7445978328,True,scanned
20260610_175521_48753422,2267,car,Node1,46354890,70751.16682942743,71265.85404015961,True,scanned
20260610_175521_48753422,2268,shuttle,Bus_start,46477307,70753.23118313793,73406.16087549446,True,scanned
20260610_175521_48753422,2269,car,Node1,46354890,70753.23257057613,71274.83750242811,True,scanned
20260610_175521_48753422,2270,car,Node1,46354890,70757.69431917433,71274.83750242811,True,scanned
20260610_175521_48753422,2271,car,Node1,46354890,70760.52300108472,71282.22267894153,True,scanned
20260610_175521_48753422,2272,car,Node1,46354890,70761.13088927555,71282.22267894153,True,scanned
20260610_175521_48753422,2273,car,Node1,46354890,70762.11945750762,71282.22267894153,True,scanned
20260610_175521_48753422,2274,shuttle,Bus_start,46477307,70764.1843075398,73406.40684521143,True,scanned
20260610_175521_48753422,2275,shuttle,Bus_start,46477307,70766.81302626018,73406.40684521143,True,scanned
20260610_175521_48753422,2276,car,Node1,46354890,70768.7653148607,71288.95154574358,True,scanned
20260610_175521_48753422,2277,car,Node1,46354890,70770.58180647592,71295.1684601593,True,scanned
20260610_175521_48753422,2278,car,Node5,3611512307,70771.48179549757,71338.99033235977,True,scanned
20260610_175521_48753422,2279,shuttle,Bus_start,46477307,70772.81933609233,73408.7445978328,True,scanned
20260610_175521_48753422,2280,car,Node5,3611512307,70773.93511807005,71338.99033235977,True,scanned
20260610_175521_48753422,2281,car,Node5,3611512307,70774.83234643146,71344.90763367031,True,scanned
20260610_175521_48753422,2282,car,Node1,46354890,70774.98222927643,71295.22267894153,True,scanned
20260610_175521_48753422,2283,car,Node5,3611512307,70777.32136333986,71351.29993282181,True,scanned
20260610_175521_48753422,2284,shuttle,Bus_start,46477307,70778.59122975108,73410.23985871706,True,scanned
20260610_175521_48753422,2285,car,Node5,3611512307,70778.59275254597,71357.31708174534,True,scanned
20260610_175521_48753422,2286,shuttle,Bus_start,46477307,70779.37033339104,73417.22219240772,True,scanned
20260610_175521_48753422,2287,shuttle,Bus_start,46477307,70783.49760866689,73421.7445978328,True,scanned
20260610_175521_48753422,2288,car,Node1,46354890,70783.54364593758,71303.36861090541,True,scanned
20260610_175521_48753422,2289,car,Node5,3611512307,70784.00950466518,71388.75980127344,True,scanned
20260610_175521_48753422,2290,car,Node1,46354890,70785.41734680523,71307.51786243424,True,scanned
20260610_175521_48753422,2291,car,Node2,46336597,70785.77890076028,71403.82990505369,True,scanned
20260610_175521_48753422,2292,car,Node1,46354890,70792.36314180866,71319.65124714634,True,scanned
20260610_175521_48753422,2293,shuttle,Bus_start,46477307,70796.80124031135,73421.7445978328,True,scanned
20260610_175521_48753422,2294,shuttle,Bus_start,46477307,70800.27746522377,73801.67421942866,True,scanned
20260610_175521_48753422,2295,car,Node1,46354890,70802.09781990474,71319.65124714634,True,scanned
20260610_175521_48753422,2296,car,Node1,46354890,70805.6785389184,71330.13193661244,True,scanned
20260610_175521_48753422,2297,car,Node5,3611512307,70811.98823430913,71388.75980127344,True,scanned
20260610_175521_48753422,2298,car,Node1,46354890,70812.04416450472,71330.13193661244,True,scanned
20260610_175521_48753422,2299,shuttle,Bus_start,46477307,70814.12481180891,73803.67421942866,True,scanned
20260610_175521_48753422,2300,shuttle,Bus_start,46477307,70815.3608466717,73805.67421942866,True,scanned
20260610_175521_48753422,2301,shuttle,Bus_start,46477307,70817.57206549858,73807.67421942866,True,scanned
20260610_175521_48753422,2302,shuttle,Bus_start,46477307,70818.7833999967,73809.67421942866,True,scanned
20260610_175521_48753422,2303,car,Node1,46354890,70819.88853149752,71340.32925943323,True,scanned
20260610_175521_48753422,2304,car,Node5,3611512307,70819.88917007667,71388.75980127344,True,scanned
20260610_175521_48753422,2305,car,Node1,46354890,70822.53102429846,71340.32925943323,True,scanned
20260610_175521_48753422,2306,car,Node5,3611512307,70823.5606216424,71412.12449006522,True,scanned
20260610_175521_48753422,2307,shuttle,Bus_start,46477307,70829.38865840789,73811.67421942866,True,scanned
20260610_175521_48753422,2308,shuttle,Bus_start,46477307,70830.54804632247,73813.67421942866,True,scanned
20260610_175521_48753422,2309,car,Node1,46354890,70832.36713589967,71355.35525086634,True,scanned
20260610_175521_48753422,2310,car,Node1,46354890,70841.41937396055,71355.35525086634,True,scanned
20260610_175521_48753422,2311,car,Node1,46354890,70843.11562760462,71364.97379446845,True,scanned
20260610_175521_48753422,2312,car,Node5,3611512307,70844.84815894908,71412.12449006522,True,scanned
20260610_175521_48753422,2313,car,Node1,46354890,70847.24972937338,71364.97379446845,True,scanned
20260610_175521_48753422,2314,car,Node1,46354890,70849.47993332284,71364.97379446845,True,scanned
20260610_175521_48753422,2315,car,Node5,3611512307,70850.32610650349,71433.16512311116,True,scanned
20260610_175521_48753422,2316,car,Node1,46354890,70850.61119319602,71370.33779571201,True,scanned
20260610_175521_48753422,2317,car,Node1,46354890,70852.62787232811,71370.33779571201,True,scanned
20260610_175521_48753422,2318,shuttle,Bus_start,46477307,70853.20663541765,73815.67421942866,True,scanned
20260610_175521_48753422,2319,shuttle,Bus_start,46477307,70857.01018769595,73817.67421942866,True,scanned
20260610_175521_48753422,2320,shuttle,Bus_start,46477307,70861.72729547996,73819.67421942866,True,scanned
20260610_175521_48753422,2321,car,Node5,3611512307,70864.27861433159,71433.16512311116,True,scanned
20260610_175521_48753422,2322,shuttle,Bus_start,46477307,70866.55460861119,73821.67421942866,True,scanned
20260610_175521_48753422,2323,car,Node1,46354890,70872.58980938431,71396.07939164263,True,scanned
20260610_175521_48753422,2324,car,Node1,46354890,70876.04940669805,71396.07939164263,True,scanned
20260610_175521_48753422,2325,shuttle,Bus_start,46477307,70880.83728686898,73823.67421942866,True,scanned
20260610_175521_48753422,2326,car,Node1,46354890,70883.30674040862,71396.07939164263,True,scanned
20260610_175521_48753422,2327,shuttle,Bus_start,46477307,70886.24964621416,73825.67421942866,True,scanned
20260610_175521_48753422,2328,shuttle,Bus_start,46477307,70887.74953494334,73827.67421942866,True,scanned
20260610_175521_48753422,2329,car,Node5,3611512307,70889.19281854818,71461.05333567927,True,scanned
20260610_175521_48753422,2330,shuttle,Bus_start,46477307,70890.71691535888,73829.67421942866,True,scanned
20260610_175521_48753422,2331,car,Node1,46354890,70893.81012519845,71411.02298279028,True,scanned
20260610_175521_48753422,2332,car,Node5,3611512307,70896.62387388072,71461.05333567927,True,scanned
20260610_175521_48753422,2333,car,Node5,3611512307,70896.8204990568,71461.05333567927,True,scanned
20260610_175521_48753422,2334,car,Node1,46354890,70896.88750456866,71411.02298279028,True,scanned
20260610_175521_48753422,2335,shuttle,Bus_start,46477307,70897.48541761714,73831.67421942866,True,scanned
20260610_175521_48753422,2336,car,Node1,46354890,70897.54163215758,71415.74449059503,True,scanned
20260610_175521_48753422,2337,shuttle,Bus_start,46477307,70898.38201882606,73833.67421942866,True,scanned
20260610_175521_48753422,2338,car,Node1,46354890,70899.30055255844,71415.74449059503,True,scanned
20260610_175521_48753422,2339,car,Node1,46354890,70902.32525789338,71424.41197883735,True,scanned
20260610_175521_48753422,2340,car,Node1,46354890,70908.09173012897,71424.41197883735,True,scanned
20260610_175521_48753422,2341,car,Node1,46354890,70908.43307456424,71424.41197883735,True,scanned
20260610_175521_48753422,2342,shuttle,Bus_start,46477307,70914.68917907053,73835.67421942866,True,scanned
20260610_175521_48753422,2343,car,Node1,46354890,70919.42014904274,71442.14120357184,True,scanned
20260610_175521_48753422,2344,car,Node1,46354890,70920.0197097133,71442.14120357184,True,scanned
20260610_175521_48753422,2345,shuttle,Bus_start,46477307,70923.80413371499,73837.67421942866,True,scanned
20260610_175521_48753422,2346,car,Node5,3611512307,70927.01780097907,71516.70236130325,True,scanned
20260610_175521_48753422,2347,car,Node1,46354890,70930.22461515141,71442.14120357184,True,scanned
20260610_175521_48753422,2348,car,Node5,3611512307,70933.63292877028,71518.70236130325,True,scanned
20260610_175521_48753422,2349,shuttle,Bus_start,46477307,70941.68553721365,73839.67421942866,True,scanned
20260610_175521_48753422,2350,car,Node5,3611512307,70943.0557047373,71520.70236130325,True,scanned
20260610_175521_48753422,2351,car,Node1,46354890,70945.43578745177,71466.16359326549,True,scanned
20260610_175521_48753422,2352,shuttle,Bus_start,46477307,70947.05131439585,73842.67421942866,True,scanned
20260610_175521_48753422,2353,shuttle,Bus_start,46477307,70947.16819572196,73850.67421942866,True,scanned
20260610_175521_48753422,2354,shuttle,Bus_start,46477307,70947.30212320179,73852.67421942866,True,scanned
20260610_175521_48753422,2355,shuttle,Bus_start,46477307,70951.84153088517,73853.39437521779,True,scanned
20260610_175521_48753422,2356,shuttle,Bus_start,46477307,70956.35365444949,73853.67421942866,True,scanned
20260610_175521_48753422,2357,car,Node1,46354890,70957.31439468649,71466.16359326549,True,scanned
20260610_175521_48753422,2358,car,Node1,46354890,70959.84937437488,71476.82382777354,True,scanned
20260610_175521_48753422,2359,shuttle,Bus_start,46477307,70964.16539460447,73855.67421942866,True,scanned
20260610_175521_48753422,2360,car,Node1,46354890,70964.85947329798,71476.82382777354,True,scanned
20260610_175521_48753422,2361,shuttle,Bus_start,46477307,70967.29113787584,73857.67421942866,True,scanned
20260610_175521_48753422,2362,car,Node5,3611512307,70971.58954165393,71549.70236130325,True,scanned
20260610_175521_48753422,2363,shuttle,Bus_start,46477307,70972.42737480237,73859.67421942866,True,scanned
20260610_175521_48753422,2364,car,Node5,3611512307,70978.57327885203,71551.70236130325,True,scanned
20260610_175521_48753422,2365,car,Node1,46354890,70986.1445704927,71495.70236130325,True,scanned
20260610_175521_48753422,2366,shuttle,Bus_start,46477307,70986.26964280424,73861.67421942866,True,scanned
20260610_175521_48753422,2367,car,Node1,46354890,70986.95728216686,71497.21573884667,True,scanned
20260610_175521_48753422,2368,car,Node1,46354890,70987.17725981427,71501.70236130325,True,scanned
20260610_175521_48753422,2369,car,Node1,46354890,70991.0981015267,71512.70236130325,True,scanned
20260610_175521_48753422,2370,car,Node1,46354890,70999.95597552323,71514.70236130325,True,scanned
20260610_175521_48753422,2371,car,Node4,46493064,71003.85679532084,71625.70236130325,True,scanned
20260610_175521_48753422,2372,shuttle,Bus_start,46477307,71004.31110460726,73866.67421942866,True,scanned
20260610_175521_48753422,2373,car,Node5,3611512307,71009.21594994362,71579.70236130325,True,scanned
20260610_175521_48753422,2374,car,Node1,46354890,71010.81029412946,71544.70236130325,True,scanned
20260610_175521_48753422,2375,car,Node5,3611512307,71017.43264270524,71601.21573884667,True,scanned
20260610_175521_48753422,2376,car,Node1,46354890,71020.23801449724,71546.70236130325,True,scanned
20260610_175521_48753422,2377,car,Node5,3611512307,71024.36519264727,71601.70236130325,True,scanned
20260610_175521_48753422,2378,shuttle,Bus_start,46477307,71025.01189572447,73868.67421942866,True,scanned
20260610_175521_48753422,2379,shuttle,Bus_start,46477307,71025.95336462857,73870.67421942866,True,scanned
20260610_175521_48753422,2380,shuttle,Bus_start,46477307,71027.83990356259,73872.67421942866,True,scanned
20260610_175521_48753422,2381,car,Node5,3611512307,71029.9726966671,71631.70236130325,True,scanned
20260610_175521_48753422,2382,shuttle,Bus_start,46477307,71030.06239470842,73874.67421942866,True,scanned
20260610_175521_48753422,2383,car,Node1,46354890,71032.6671731525,71547.70236130325,True,scanned
20260610_175521_48753422,2384,car,Node1,46354890,71034.18058516503,71555.70236130325,True,scanned
20260610_175521_48753422,2385,car,Node5,3611512307,71038.38414087778,71633.70236130325,True,scanned
20260610_175521_48753422,2386,car,Node1,46354890,71043.24282249068,71564.70236130325,True,scanned
20260610_175521_48753422,2387,car,Node5,3611512307,71047.38834569896,71635.70236130325,True,scanned
20260610_175521_48753422,2388,car,Node5,3611512307,71052.92855914563,71646.70236130325,True,scanned
20260610_175521_48753422,2389,car,Node5,3611512307,71053.17895082121,71648.70236130325,True,scanned
20260610_175521_48753422,2390,shuttle,Bus_start,46477307,71054.40880589673,73876.67421942866,True,scanned
20260610_175521_48753422,2391,shuttle,Bus_start,46477307,71056.44617327329,73878.67421942866,True,scanned
20260610_175521_48753422,2392,shuttle,Bus_start,46477307,71059.53438782512,73879.39437521779,True,scanned
20260610_175521_48753422,2393,car,Node1,46354890,71060.23083850676,71573.70236130325,True,scanned
20260610_175521_48753422,2394,car,Node1,46354890,71062.54707684366,71575.21573884667,True,scanned
20260610_175521_48753422,2395,car,Node1,46354890,71062.69385968748,71583.70236130325,True,scanned
20260610_175521_48753422,2396,shuttle,Bus_start,46477307,71065.81847016262,73879.67421942866,True,scanned
20260610_175521_48753422,2397,car,Node1,46354890,71067.64896710326,71594.70236130325,True,scanned
20260610_175521_48753422,2398,car,Node5,3611512307,71067.72198357366,71670.70236130325,True,scanned
20260610_175521_48753422,2399,car,Node5,3611512307,71068.36943313718,71679.70236130325,True,scanned
20260610_175521_48753422,2400,car,Node1,46354890,71069.07478792715,71596.70236130325,True,scanned
20260610_175521_48753422,2401,car,Node1,46354890,71074.03202061109,71598.70236130325,True,scanned
20260610_175521_48753422,2402,car,Node5,3611512307,71076.27570291012,71690.70236130325,True,scanned
20260610_175521_48753422,2403,car,Node1,46354890,71079.55504662984,71614.21573884667,True,scanned
20260610_175521_48753422,2404,car,Node5,3611512307,71084.03927246275,71692.21573884667,True,scanned
20260610_175521_48753422,2405,shuttle,Bus_start,46477307,71086.28370275119,73881.67421942866,True,scanned
20260610_175521_48753422,2406,car,Node1,46354890,71091.65595530784,71614.70236130325,True,scanned
20260610_175521_48753422,2407,car,Node1,46354890,71093.05856431778,71616.70236130325,True,scanned
20260610_175521_48753422,2408,shuttle,Bus_start,46477307,71094.06150159713,73889.67421942866,True,scanned
20260610_175521_48753422,2409,car,Node5,3611512307,71094.36193585629,71692.70236130325,True,scanned
20260610_175521_48753422,2410,car,Node5,3611512307,71103.14341233698,71698.70236130325,True,scanned
20260610_175521_48753422,2411,car,Node4,46493064,71104.53981556115,71788.29707468142,True,scanned
20260610_175521_48753422,2412,shuttle,Bus_start,46477307,71107.78349438863,73892.67421942866,True,scanned
20260610_175521_48753422,2413,car,Node1,46354890,71108.4779248573,71640.21573884667,True,scanned
20260610_175521_48753422,2414,car,Node5,3611512307,71111.13688201824,71700.70236130325,True,scanned
20260610_175521_48753422,2415,car,Node1,46354890,71112.49966180263,71640.70236130325,True,scanned
20260610_175521_48753422,2416,car,Node1,46354890,71113.45193441973,71651.70236130325,True,scanned
20260610_175521_48753422,2417,shuttle,Bus_start,46477307,71113.86158840141,73894.67421942866,True,scanned
20260610_175521_48753422,2418,car,Node1,46354890,71115.27371203761,71653.21573884667,True,scanned
20260610_175521_48753422,2419,car,Node1,46354890,71117.5870753545,71664.70236130325,True,scanned
20260610_175521_48753422,2420,car,Node5,3611512307,71119.46602897161,71702.70236130325,True,scanned
20260610_175521_48753422,2421,shuttle,Bus_start,46477307,71121.2565410212,73896.67421942866,True,scanned
20260610_175521_48753422,2422,shuttle,Bus_start,46477307,71122.99495918778,73904.67421942866,True,scanned
20260610_175521_48753422,2423,car,Node1,46354890,71126.2815535699,71666.21573884667,True,scanned
20260610_175521_48753422,2424,car,Node2,46336597,71126.51868640014,71687.70236130325,True,scanned
20260610_175521_48753422,2425,shuttle,Bus_start,46477307,71127.05463093621,73905.39437521779,True,scanned
20260610_175521_48753422,2426,car,Node1,46354890,71128.1818572224,71666.70236130325,True,scanned
20260610_175521_48753422,2427,shuttle,Bus_start,46477307,71128.26183445308,73905.67421942866,True,scanned
20260610_175521_48753422,2428,car,Node1,46354890,71131.16495995923,71676.70236130325,True,scanned
20260610_175521_48753422,2429,car,Node5,3611512307,71133.82698400467,71709.4075243413,True,scanned
20260610_175521_48753422,2430,car,Node1,46354890,71135.04347204449,71683.70236130325,True,scanned
20260610_175521_48753422,2431,car,Node1,46354890,71136.83528253392,71685.70236130325,True,scanned
20260610_175521_48753422,2432,car,Node5,3611512307,71139.46178043445,71709.70236130325,True,scanned
20260610_175521_48753422,2433,car,Node4,46493064,71139.7016439082,71788.29707468142,True,scanned
20260610_175521_48753422,2434,car,Node5,3611512307,71146.04131016076,71722.01331165881,True,scanned
20260610_175521_48753422,2435,car,Node1,46354890,71150.81867814135,71689.70236130325,True,scanned
20260610_175521_48753422,2436,car,Node5,3611512307,71151.31457194852,71722.01331165881,True,scanned
20260610_175521_48753422,2437,car,Node5,3611512307,71155.4164685648,71732.01331165881,True,scanned
20260610_175521_48753422,2438,car,Node1,46354890,71158.9988330858,71694.70236130325,True,scanned
20260610_175521_48753422,2439,shuttle,Bus_start,46477307,71163.89816437526,73907.67421942866,True,scanned
20260610_175521_48753422,2440,car,Node1,46354890,71169.74478863925,71696.70236130325,True,scanned
20260610_175521_48753422,2441,shuttle,Bus_start,46477307,71173.61473955805,73909.67421942866,True,scanned
20260610_175521_48753422,2442,shuttle,Bus_start,46477307,71173.81384722909,73911.67421942866,True,scanned
20260610_175521_48753422,2443,car,Node1,46354890,71174.92811050246,71703.70236130325,True,scanned
20260610_175521_48753422,2444,car,Node5,3611512307,71176.38121545271,71824.37898221044,True,scanned
20260610_175521_48753422,2445,shuttle,Bus_start,46477307,71182.41124541637,73913.67421942866,True,scanned
20260610_175521_48753422,2446,car,Node1,46354890,71183.36234045734,71705.21573884667,True,scanned
20260610_175521_48753422,2447,shuttle,Bus_start,46477307,71184.94608898682,73915.67421942866,True,scanned
20260610_175521_48753422,2448,shuttle,Bus_start,46477307,71186.29670227689,73917.67421942866,True,scanned
20260610_175521_48753422,2449,car,Node1,46354890,71186.62611525497,71705.70236130325,True,scanned
20260610_175521_48753422,2450,shuttle,Bus_start,46477307,71187.31207969991,73918.39437521779,True,scanned
20260610_175521_48753422,2451,car,Node2,46336597,71189.37355257107,71723.9095300742,True,scanned
20260610_175521_48753422,2452,shuttle,Bus_start,46477307,71191.60879225467,73918.67421942866,True,scanned
20260610_175521_48753422,2453,shuttle,Bus_start,46477307,71192.53269167042,73926.67421942866,True,scanned
20260610_175521_48753422,2454,car,Node1,46354890,71194.49529731806,71711.70236130325,True,scanned
20260610_175521_48753422,2455,car,Node1,46354890,71195.21354645559,71713.70236130325,True,scanned
20260610_175521_48753422,2456,car,Node1,46354890,71198.69971761723,71715.70236130325,True,scanned
20260610_175521_48753422,2457,car,Node1,46354890,71202.37588591727,71727.08768993367,True,scanned
20260610_175521_48753422,2458,car,Node1,46354890,71209.80259318052,71727.08768993367,True,scanned
20260610_175521_48753422,2459,shuttle,Bus_start,46477307,71210.81162978288,73928.67421942866,True,scanned
20260610_175521_48753422,2460,car,Node1,46354890,71212.13046346241,71733.9095300742,True,scanned
20260610_175521_48753422,2461,shuttle,Bus_start,46477307,71212.96774585075,73930.67421942866,True,scanned
20260610_175521_48753422,2462,car,Node1,46354890,71213.27681062554,71737.08768993367,True,scanned
20260610_175521_48753422,2463,car,Node1,46354890,71218.01837541477,71745.06817037388,True,scanned
20260610_175521_48753422,2464,shuttle,Bus_start,46477307,71219.94069939277,73931.39437521779,True,scanned
20260610_175521_48753422,2465,car,Node1,46354890,71220.69373547542,71745.06817037388,True,scanned
20260610_175521_48753422,2466,car,Node4,46493064,71221.13202646616,71862.97909390609,True,scanned
20260610_175521_48753422,2467,car,Node1,46354890,71223.17092102967,71745.06817037388,True,scanned
20260610_175521_48753422,2468,car,Node1,46354890,71224.62238643729,71749.55124201642,True,scanned
20260610_175521_48753422,2469,shuttle,Bus_start,46477307,71226.45958598983,73931.67421942866,True,scanned
20260610_175521_48753422,2470,car,Node1,46354890,71226.8959995952,71749.55124201642,True,scanned
20260610_175521_48753422,2471,car,Node1,46354890,71228.98451308782,71762.15576633274,True,scanned
20260610_175521_48753422,2472,shuttle,Bus_start,46477307,71233.62951864263,73935.67421942866,True,scanned
20260610_175521_48753422,2473,shuttle,Bus_start,46477307,71235.51116465862,73937.67421942866,True,scanned
20260610_175521_48753422,2474,shuttle,Bus_start,46477307,71238.59210194858,73943.67421942866,True,scanned
20260610_175521_48753422,2475,shuttle,Bus_start,46477307,71238.6855340008,73944.39437521779,True,scanned
20260610_175521_48753422,2476,car,Node1,46354890,71239.10374947952,71762.15576633274,True,scanned
20260610_175521_48753422,2477,car,Node1,46354890,71243.77454535635,71762.15576633274,True,scanned
20260610_175521_48753422,2478,car,Node1,46354890,71243.82775428286,71765.51846054233,True,scanned
20260610_175521_48753422,2479,shuttle,Bus_start,46477307,71246.00879129434,73944.67421942866,True,scanned
20260610_175521_48753422,2480,car,Node1,46354890,71247.25786634238,71777.13186802516,True,scanned
20260610_175521_48753422,2481,shuttle,Bus_start,46477307,71248.86030717552,73946.67421942866,True,scanned
20260610_175521_48753422,2482,car,Node4,46493064,71249.62429151089,71862.97909390609,True,scanned
20260610_175521_48753422,2483,shuttle,Bus_start,46477307,71249.96323423785,73948.67421942866,True,scanned
20260610_175521_48753422,2484,car,Node5,3611512307,71252.22744761,71824.37898221044,True,scanned
20260610_175521_48753422,2485,car,Node4,46493064,71257.39083727523,71862.97909390609,True,scanned
20260610_175521_48753422,2486,car,Node1,46354890,71258.86462632671,71777.13186802516,True,scanned
20260610_175521_48753422,2487,shuttle,Bus_start,46477307,71259.67965714424,73950.67421942866,True,scanned
20260610_175521_48753422,2488,shuttle,Bus_start,46477307,71259.89343267218,73952.67421942866,True,scanned
20260610_175521_48753422,2489,car,Node5,3611512307,71261.30765012537,71824.37898221044,True,scanned
20260610_175521_48753422,2490,car,Node1,46354890,71262.37735381283,71781.58701579322,True,scanned
20260610_175521_48753422,2491,car,Node1,46354890,71264.67799531276,71798.59756547942,True,scanned
20260610_175521_48753422,2492,shuttle,Bus_start,46477307,71264.90876899821,73954.67421942866,True,scanned
20260610_175521_48753422,2493,shuttle,Bus_start,46477307,71270.63204815441,73956.67421942866,True,scanned
20260610_175521_48753422,2494,shuttle,Bus_start,46477307,71274.85493413948,73961.67421942866,True,scanned
20260610_175521_48753422,2495,car,Node5,3611512307,71275.06811585806,71839.34296944656,True,scanned
20260610_175521_48753422,2496,car,Node5,3611512307,71278.59305011366,71873.98023675854,True,scanned
20260610_175521_48753422,2497,shuttle,Bus_start,46477307,71281.41532222615,73963.67421942866,True,scanned
20260610_175521_48753422,2498,car,Node1,46354890,71283.19068927394,71798.59756547942,True,scanned
20260610_175521_48753422,2499,car,Node5,3611512307,71286.22476783981,71873.98023675854,True,scanned
20260610_175521_48753422,2500,car,Node1,46354890,71286.59625684928,71805.33691226601,True,scanned
20260610_175521_48753422,2501,car,Node1,46354890,71290.12596115051,71814.8382353533,True,scanned
20260610_175521_48753422,2502,shuttle,Bus_start,46477307,71290.56915625001,73965.67421942866,True,scanned
20260610_175521_48753422,2503,shuttle,Bus_start,46477307,71293.63065782987,73967.67421942866,True,scanned
20260610_175521_48753422,2504,shuttle,Bus_start,46477307,71294.62288278587,73972.67421942866,True,scanned
20260610_175521_48753422,2505,shuttle,Bus_start,46477307,71295.19271366394,73974.67421942866,True,scanned
20260610_175521_48753422,2506,car,Node1,46354890,71296.48590378485,71814.8382353533,True,scanned
20260610_175521_48753422,2507,car,Node1,46354890,71296.74091861465,71819.66709165696,True,scanned
20260610_175521_48753422,2508,car,Node4,46493064,71299.23304392671,71907.59582719776,True,scanned
20260610_175521_48753422,2509,car,Node1,46354890,71300.28461455207,71819.66709165696,True,scanned
20260610_175521_48753422,2510,shuttle,Bus_start,46477307,71301.16864904432,73976.67421942866,True,scanned
20260610_175521_48753422,2511,car,Node5,3611512307,71306.0006008028,71873.98023675854,True,scanned
20260610_175521_48753422,2512,car,Node5,3611512307,71306.99384752504,71881.8177480617,True,scanned
20260610_175521_48753422,2513,car,Node1,46354890,71307.7094725614,71829.2040075104,True,scanned
20260610_175521_48753422,2514,car,Node1,46354890,71309.67870749757,71829.2040075104,True,scanned
20260610_175521_48753422,2515,car,Node1,46354890,71310.16681951431,71833.25478066139,True,scanned
20260610_175521_48753422,2516,car,Node5,3611512307,71311.37876941181,71881.8177480617,True,scanned
20260610_175521_48753422,2517,car,Node1,46354890,71311.45803870558,71833.25478066139,True,scanned
20260610_175521_48753422,2518,shuttle,Bus_start,46477307,71312.6018439494,73978.67421942866,True,scanned
20260610_175521_48753422,2519,car,Node1,46354890,71314.49128806146,71838.42753360355,True,scanned
20260610_175521_48753422,2520,car,Node1,46354890,71316.06528491782,71843.25478066139,True,scanned
20260610_175521_48753422,2521,car,Node1,46354890,71318.99385976589,71852.08560258395,True,scanned
20260610_175521_48753422,2522,car,Node1,46354890,71324.28351199345,71852.08560258395,True,scanned
20260610_175521_48753422,2523,car,Node1,46354890,71326.13469712317,71852.08560258395,True,scanned
20260610_175521_48753422,2524,car,Node4,46493064,71328.2844685976,71937.57333082995,True,scanned
20260610_175521_48753422,2525,car,Node1,46354890,71329.09931759944,71859.55003462464,True,scanned
20260610_175521_48753422,2526,shuttle,Bus_start,46477307,71330.25837016542,73980.67421942866,True,scanned
20260610_175521_48753422,2527,shuttle,Bus_start,46477307,71333.83097251819,73982.67421942866,True,scanned
20260610_175521_48753422,2528,shuttle,Bus_start,46477307,71335.57604796509,74381.35898133929,True,scanned
20260610_175521_48753422,2529,car,Node5,3611512307,71339.23729465409,71912.47406540894,True,scanned
20260610_175521_48753422,2530,shuttle,Bus_start,46477307,71339.51092554383,74383.35898133929,True,scanned
20260610_175521_48753422,2531,car,Node1,46354890,71339.6503326226,71859.55003462464,True,scanned
20260610_175521_48753422,2532,car,Node1,46354890,71342.21048639473,71874.06723811563,True,scanned
20260610_175521_48753422,2533,shuttle,Bus_start,46477307,71347.00263126598,74385.35898133929,True,scanned
20260610_175521_48753422,2534,shuttle,Bus_start,46477307,71351.63321522904,74387.35898133929,True,scanned
20260610_175521_48753422,2535,shuttle,Bus_start,46477307,71353.16440931239,74389.35898133929,True,scanned
20260610_175521_48753422,2536,shuttle,Bus_start,46477307,71353.55991770368,74394.35898133929,True,scanned
20260610_175521_48753422,2537,car,Node1,46354890,71356.99865519408,71874.06723811563,True,scanned
20260610_175521_48753422,2538,car,Node4,46493064,71357.41475095195,71995.72269034976,True,scanned
20260610_175521_48753422,2539,shuttle,Bus_start,46477307,71360.17760009637,74396.35898133929,True,scanned
20260610_175521_48753422,2540,shuttle,Bus_start,46477307,71360.45018233151,74397.98298116135,True,scanned
20260610_175521_48753422,2541,shuttle,Bus_start,46477307,71370.0140040003,74397.98298116135,True,scanned
20260610_175521_48753422,2542,shuttle,Bus_start,46477307,71376.1653436897,74399.35898133929,True,scanned
20260610_175521_48753422,2543,car,Node5,3611512307,71381.51581557783,71962.44318638765,True,scanned
20260610_175521_48753422,2544,shuttle,Bus_start,46477307,71383.31077164512,74401.35898133929,True,scanned
20260610_175521_48753422,2545,car,Node4,46493064,71387.56038674845,71995.72269034976,True,scanned
20260610_175521_48753422,2546,car,Node1,46354890,71389.93395826365,71905.62187275423,True,scanned
20260610_175521_48753422,2547,shuttle,Bus_start,46477307,71392.80644324813,74403.35898133929,True,scanned
20260610_175521_48753422,2548,car,Node1,46354890,71393.15970882299,71905.62187275423,True,scanned
20260610_175521_48753422,2549,car,Node5,3611512307,71394.23880174116,71962.44318638765,True,scanned
20260610_175521_48753422,2550,car,Node5,3611512307,71394.32644821696,71963.83139345082,True,scanned
20260610_175521_48753422,2551,car,Node1,46354890,71394.56974958481,71905.62187275423,True,scanned
20260610_175521_48753422,2552,car,Node5,3611512307,71395.1913009177,71984.70796640049,True,scanned
20260610_175521_48753422,2553,car,Node1,46354890,71401.10267725885,71931.09024332384,True,scanned
20260610_175521_48753422,2554,shuttle,Bus_start,46477307,71403.07830306198,74405.35898133929,True,scanned
20260610_175521_48753422,2555,shuttle,Bus_start,46477307,71406.84662332121,74407.35898133929,True,scanned
20260610_175521_48753422,2556,car,Node5,3611512307,71409.41233665834,71984.70796640049,True,scanned
20260610_175521_48753422,2557,car,Node1,46354890,71416.31456624533,71931.09024332384,True,scanned
20260610_175521_48753422,2558,shuttle,Bus_start,46477307,71417.44865180751,74409.35898133929,True,scanned
20260610_175521_48753422,2559,car,Node5,3611512307,71417.46030200733,71984.70796640049,True,scanned
20260610_175521_48753422,2560,car,Node5,3611512307,71418.45329545993,72000.66514458306,True,scanned
20260610_175521_48753422,2561,car,Node1,46354890,71421.163711439,71931.09024332384,True,scanned
20260610_175521_48753422,2562,shuttle,Bus_start,46477307,71422.61141554156,74411.35898133929,True,scanned
20260610_175521_48753422,2563,car,Node1,46354890,71425.03655759591,71938.42903828793,True,scanned
20260610_175521_48753422,2564,car,Node1,46354890,71426.25794779217,71938.42903828793,True,scanned
20260610_175521_48753422,2565,car,Node1,46354890,71426.4883082232,71938.42903828793,True,scanned
20260610_175521_48753422,2566,shuttle,Bus_start,46477307,71427.89173276012,74413.35898133929,True,scanned
20260610_175521_48753422,2567,shuttle,Bus_start,46477307,71427.97487912148,74415.35898133929,True,scanned
20260610_175521_48753422,2568,car,Node5,3611512307,71428.12665279553,72000.66514458306,True,scanned
20260610_175521_48753422,2569,car,Node1,46354890,71428.45104418715,71950.83139345082,True,scanned
20260610_175521_48753422,2570,shuttle,Bus_start,46477307,71430.40435073178,74417.35898133929,True,scanned
20260610_175521_48753422,2571,shuttle,Bus_start,46477307,71431.70163844035,74422.35898133929,True,scanned
20260610_175521_48753422,2572,car,Node1,46354890,71434.68949295265,71950.83139345082,True,scanned
20260610_175521_48753422,2573,shuttle,Bus_start,46477307,71437.39213805691,74424.35898133929,True,scanned
20260610_175521_48753422,2574,car,Node5,3611512307,71438.13060521713,72074.7128340027,True,scanned
20260610_175521_48753422,2575,shuttle,Bus_start,46477307,71438.19959236798,74426.35898133929,True,scanned
20260610_175521_48753422,2576,car,Node1,46354890,71441.55171456104,71950.83139345082,True,scanned
20260610_175521_48753422,2577,car,Node1,46354890,71447.34703261103,71959.6678852402,True,scanned
20260610_175521_48753422,2578,car,Node1,46354890,71447.84312636369,71959.6678852402,True,scanned
20260610_175521_48753422,2579,car,Node1,46354890,71449.80530471083,71959.6678852402,True,scanned
20260610_175521_48753422,2580,car,Node4,46493064,71450.73392586969,72157.5592454898,True,scanned
20260610_175521_48753422,2581,shuttle,Bus_start,46477307,71451.16014576326,74430.35898133929,True,scanned
20260610_175521_48753422,2582,shuttle,Bus_start,46477307,71451.31790833267,74431.69670640105,True,scanned
20260610_175521_48753422,2583,car,Node1,46354890,71454.0787759437,71964.97353505073,True,scanned
20260610_175521_48753422,2584,shuttle,Bus_start,46477307,71456.59286982536,74431.69670640105,True,scanned
20260610_175521_48753422,2585,shuttle,Bus_start,46477307,71464.40103012076,74433.35898133929,True,scanned
20260610_175521_48753422,2586,shuttle,Bus_start,46477307,71473.76663520151,74435.35898133929,True,scanned
20260610_175521_48753422,2587,car,Node4,46493064,71474.46379794595,72159.5592454898,True,scanned
20260610_175521_48753422,2588,shuttle,Bus_start,46477307,71485.75246283524,74437.35898133929,True,scanned
20260610_175521_48753422,2589,shuttle,Bus_start,46477307,71490.5361637272,74439.35898133929,True,scanned
20260610_175521_48753422,2590,shuttle,Bus_start,46477307,71491.26467441753,74441.35898133929,True,scanned
20260610_175521_48753422,2591,shuttle,Bus_start,46477307,71494.69385507025,74443.35898133929,True,scanned
20260610_175521_48753422,2592,car,Node1,46354890,71498.56166370626,72006.6392648789,True,scanned
20260610_175521_48753422,2593,car,Node1,46354890,71499.36434077266,72006.6392648789,True,scanned
20260610_175521_48753422,2594,shuttle,Bus_start,46477307,71500.55789294888,74444.69670640105,True,scanned
20260610_175521_48753422,2595,shuttle,Bus_start,46477307,71500.63501837208,74445.35898133929,True,scanned
20260610_175521_48753422,2596,shuttle,Bus_start,46477307,71500.76174741262,74447.35898133929,True,scanned
20260610_175521_48753422,2597,car,Node1,46354890,71501.2788060173,72006.6392648789,True,scanned
20260610_175521_48753422,2598,car,Node5,3611512307,71506.96117663929,72074.7128340027,True,scanned
20260610_175521_48753422,2599,shuttle,Bus_start,46477307,71508.57761169078,74449.35898133929,True,scanned
20260610_175521_48753422,2600,shuttle,Bus_start,46477307,71510.96518684913,74451.35898133929,True,scanned
20260610_175521_48753422,2601,shuttle,Bus_start,46477307,71513.59337126504,74453.35898133929,True,scanned
20260610_175521_48753422,2602,car,Node1,46354890,71521.05018831238,72029.20018629497,True,scanned
20260610_175521_48753422,2603,car,Node1,46354890,71523.56625811795,72029.20018629497,True,scanned
20260610_175521_48753422,2604,car,Node5,3611512307,71536.78219220237,72107.5592454898,True,scanned
20260610_175521_48753422,2605,car,Node1,46354890,71538.34111450813,72048.71945256383,True,scanned
20260610_175521_48753422,2606,car,Node4,46493064,71538.46208994686,72165.7128340027,True,scanned
20260610_175521_48753422,2607,shuttle,Bus_start,46477307,71539.49702016858,74456.35898133929,True,scanned
20260610_175521_48753422,2608,shuttle,Bus_start,46477307,71541.16997997028,74457.69670640105,True,scanned
20260610_175521_48753422,2609,car,Node1,46354890,71541.59256368416,72048.71945256383,True,scanned
20260610_175521_48753422,2610,car,Node1,46354890,71543.58699538473,72061.7128340027,True,scanned
20260610_175521_48753422,2611,car,Node1,46354890,71549.5222521848,72061.7128340027,True,scanned
20260610_175521_48753422,2612,car,Node5,3611512307,71552.63041024523,72144.20800933466,True,scanned
20260610_175521_48753422,2613,car,Node1,46354890,71555.6289196787,72061.7128340027,True,scanned
20260610_175521_48753422,2614,car,Node1,46354890,71556.6713368522,72066.20800933466,True,scanned
20260610_175521_48753422,2615,shuttle,Bus_start,46477307,71556.86662255278,74462.35898133929,True,scanned
20260610_175521_48753422,2616,shuttle,Bus_start,46477307,71556.97545143196,74469.71022923685,True,scanned
20260610_175521_48753422,2617,car,Node1,46354890,71563.39909103054,72079.5592454898,True,scanned
20260610_175521_48753422,2618,shuttle,Bus_start,46477307,71565.33082991869,74471.71022923685,True,scanned
20260610_175521_48753422,2619,car,Node4,46493064,71565.60008854323,72231.5592454898,True,scanned
20260610_175521_48753422,2620,car,Node4,46493064,71566.8973502844,72233.5592454898,True,scanned
20260610_175521_48753422,2621,car,Node5,3611512307,71568.44582775503,72144.5592454898,True,scanned
20260610_175521_48753422,2622,car,Node1,46354890,71569.4554939322,72081.5592454898,True,scanned
20260610_175521_48753422,2623,shuttle,Bus_start,46477307,71571.13242490469,74473.71022923685,True,scanned
20260610_175521_48753422,2624,shuttle,Bus_start,46477307,71571.77754353343,74475.71022923685,True,scanned
20260610_175521_48753422,2625,car,Node5,3611512307,71571.89648166139,72146.5592454898,True,scanned
20260610_175521_48753422,2626,car,Node1,46354890,71572.31103415272,72087.7128340027,True,scanned
20260610_175521_48753422,2627,car,Node2,46336597,71575.48903141779,72283.5592454898,True,scanned
20260610_175521_48753422,2628,car,Node5,3611512307,71576.14711364152,72157.20800933466,True,scanned
20260610_175521_48753422,2629,car,Node1,46354890,71577.8706649832,72100.7128340027,True,scanned
20260610_175521_48753422,2630,shuttle,Bus_start,46477307,71578.0731240457,74477.71022923685,True,scanned
20260610_175521_48753422,2631,car,Node5,3611512307,71578.8868496474,72166.5592454898,True,scanned
20260610_175521_48753422,2632,shuttle,Bus_start,46477307,71580.35598859742,74479.71022923685,True,scanned
20260610_175521_48753422,2633,car,Node5,3611512307,71580.91950216585,72178.7128340027,True,scanned
20260610_175521_48753422,2634,car,Node5,3611512307,71582.97335229626,72179.5592454898,True,scanned
20260610_175521_48753422,2635,shuttle,Bus_start,46477307,71584.02583518862,74481.71022923685,True,scanned
20260610_175521_48753422,2636,car,Node1,46354890,71584.8850910901,72100.7128340027,True,scanned
20260610_175521_48753422,2637,car,Node1,46354890,71586.7742581254,72105.20800933466,True,scanned
20260610_175521_48753422,2638,car,Node4,46493064,71586.82342568754,72235.20800933466,True,scanned
20260610_175521_48753422,2639,car,Node5,3611512307,71591.0559614585,72194.5592454898,True,scanned
20260610_175521_48753422,2640,shuttle,Bus_start,46477307,71595.36600616512,74484.71022923685,True,scanned
20260610_175521_48753422,2641,car,Node1,46354890,71598.31234680442,72118.5592454898,True,scanned
20260610_175521_48753422,2642,car,Node1,46354890,71611.17987603346,72131.20800933466,True,scanned
20260610_175521_48753422,2643,car,Node1,46354890,71614.57761908852,72139.7128340027,True,scanned
20260610_175521_48753422,2644,shuttle,Bus_start,46477307,71617.4031156169,74486.71022923685,True,scanned
20260610_175521_48753422,2645,car,Node5,3611512307,71618.58452230551,72222.5592454898,True,scanned
20260610_175521_48753422,2646,car,Node1,46354890,71624.32689483646,72152.7128340027,True,scanned
20260610_175521_48753422,2647,car,Node5,3611512307,71624.67375858383,72224.5592454898,True,scanned
20260610_175521_48753422,2648,car,Node1,46354890,71625.30279718674,72153.5592454898,True,scanned
20260610_175521_48753422,2649,shuttle,Bus_start,46477307,71627.40831855356,74488.71022923685,True,scanned
20260610_175521_48753422,2650,shuttle,Bus_start,46477307,71631.50144105882,74492.71022923685,True,scanned
20260610_175521_48753422,2651,car,Node1,46354890,71632.02669174389,72170.20800933466,True,scanned
20260610_175521_48753422,2652,shuttle,Bus_start,46477307,71632.352370126,74494.71022923685,True,scanned
20260610_175521_48753422,2653,shuttle,Bus_start,46477307,71633.28102463066,74495.1849955333,True,scanned
20260610_175521_48753422,2654,car,Node1,46354890,71633.3831789944,72170.5592454898,True,scanned
20260610_175521_48753422,2655,car,Node5,3611512307,71634.74236650718,72248.20800933466,True,scanned
20260610_175521_48753422,2656,shuttle,Bus_start,46477307,71637.31872886559,74495.71022923685,True,scanned
20260610_175521_48753422,2657,car,Node5,3611512307,71641.5171076806,72248.5592454898,True,scanned
20260610_175521_48753422,2658,car,Node1,46354890,71642.96584987007,72172.5592454898,True,scanned
20260610_175521_48753422,2659,car,Node1,46354890,71647.41411640165,72191.7128340027,True,scanned
20260610_175521_48753422,2660,shuttle,Bus_start,46477307,71647.6131903182,74497.71022923685,True,scanned
20260610_175521_48753422,2661,car,Node1,46354890,71647.72414374555,72191.7128340027,True,scanned
20260610_175521_48753422,2662,car,Node4,46493064,71650.05152741937,72365.03638103908,True,scanned
20260610_175521_48753422,2663,car,Node1,46354890,71655.69079035884,72191.7128340027,True,scanned
20260610_175521_48753422,2664,car,Node5,3611512307,71658.7822164894,72270.5592454898,True,scanned
20260610_175521_48753422,2665,car,Node5,3611512307,71660.19433276274,72272.5592454898,True,scanned
20260610_175521_48753422,2666,shuttle,Bus_start,46477307,71661.50515030096,74499.71022923685,True,scanned
20260610_175521_48753422,2667,car,Node1,46354890,71662.99537438441,72207.5592454898,True,scanned
20260610_175521_48753422,2668,shuttle,Bus_start,46477307,71667.4980259281,74501.71022923685,True,scanned
20260610_175521_48753422,2669,car,Node1,46354890,71667.60001873912,72209.20800933466,True,scanned
20260610_175521_48753422,2670,shuttle,Bus_start,46477307,71667.96525473296,74503.71022923685,True,scanned
20260610_175521_48753422,2671,shuttle,Bus_start,46477307,71670.2881849464,74507.71022923685,True,scanned
20260610_175521_48753422,2672,car,Node1,46354890,71671.92696976963,72209.5592454898,True,scanned
20260610_175521_48753422,2673,car,Node1,46354890,71672.18396729945,72217.7128340027,True,scanned
20260610_175521_48753422,2674,car,Node5,3611512307,71674.89561318081,72287.20800933466,True,scanned
20260610_175521_48753422,2675,shuttle,Bus_start,46477307,71676.90289538217,74508.1849955333,True,scanned
20260610_175521_48753422,2676,shuttle,Bus_start,46477307,71683.13449276482,74509.71022923685,True,scanned
20260610_175521_48753422,2677,shuttle,Bus_start,46477307,71684.23460674408,74511.71022923685,True,scanned
20260610_175521_48753422,2678,shuttle,Bus_start,46477307,71686.31707789467,74514.71022923685,True,scanned
20260610_175521_48753422,2679,shuttle,Bus_start,46477307,71686.39909964289,74516.71022923685,True,scanned
20260610_175521_48753422,2680,shuttle,Bus_start,46477307,71687.36264455602,74518.71022923685,True,scanned
20260610_175521_48753422,2681,car,Node1,46354890,71692.09665752144,72237.5592454898,True,scanned
20260610_175521_48753422,2682,shuttle,Bus_start,46477307,71693.2172265029,74524.71022923685,True,scanned
20260610_175521_48753422,2683,car,Node5,3611512307,71694.68034145601,72287.5592454898,True,scanned
20260610_175521_48753422,2684,car,Node1,46354890,71698.47630244693,72256.7128340027,True,scanned
20260610_175521_48753422,2685,shuttle,Bus_start,46477307,71698.51211690433,74525.71022923685,True,scanned
20260610_175521_48753422,2686,car,Node1,46354890,71706.04299314592,72256.7128340027,True,scanned
20260610_175521_48753422,2687,car,Node5,3611512307,71710.90032644363,72289.5592454898,True,scanned
20260610_175521_48753422,2688,shuttle,Bus_start,46477307,71716.97808287636,74527.71022923685,True,scanned
20260610_175521_48753422,2689,car,Node5,3611512307,71720.0812562491,72300.20800933466,True,scanned
20260610_175521_48753422,2690,car,Node1,46354890,71720.35836494713,72269.7128340027,True,scanned
20260610_175521_48753422,2691,car,Node1,46354890,71720.5786375323,72269.7128340027,True,scanned
20260610_175521_48753422,2692,car,Node1,46354890,71725.674720943,72274.20800933466,True,scanned
20260610_175521_48753422,2693,car,Node2,46336597,71726.20014904943,72285.5592454898,True,scanned
20260610_175521_48753422,2694,car,Node5,3611512307,71726.3858279561,72300.5592454898,True,scanned
20260610_175521_48753422,2695,car,Node1,46354890,71729.08954628112,72274.5592454898,True,scanned
20260610_175521_48753422,2696,shuttle,Bus_start,46477307,71729.70633252487,74533.71022923685,True,scanned
20260610_175521_48753422,2697,shuttle,Bus_start,46477307,71733.41546094645,74534.1849955333,True,scanned
20260610_175521_48753422,2698,car,Node5,3611512307,71733.76069603508,72308.7128340027,True,scanned
20260610_175521_48753422,2699,car,Node1,46354890,71733.92695657244,72276.5592454898,True,scanned
20260610_175521_48753422,2700,shuttle,Bus_start,46477307,71734.88203866253,74535.71022923685,True,scanned
20260610_175521_48753422,2701,car,Node1,46354890,71735.09595773858,72282.7128340027,True,scanned
20260610_175521_48753422,2702,shuttle,Bus_start,46477307,71735.76061969422,74538.71022923685,True,scanned
20260610_175521_48753422,2703,shuttle,Bus_start,46477307,71735.803203638,74540.71022923685,True,scanned
20260610_175521_48753422,2704,car,Node1,46354890,71743.40320092055,72282.7128340027,True,scanned
20260610_175521_48753422,2705,car,Node1,46354890,71743.85504721427,72282.7128340027,True,scanned
20260610_175521_48753422,2706,shuttle,Bus_start,46477307,71747.51570380363,74544.71022923685,True,scanned
20260610_175521_48753422,2707,car,Node5,3611512307,71748.30061320201,72342.44382366173,True,scanned
20260610_175521_48753422,2708,shuttle,Bus_start,46477307,71749.42077212223,74546.71022923685,True,scanned
20260610_175521_48753422,2709,car,Node4,46493064,71750.32734392893,72365.03638103908,True,scanned
20260610_175521_48753422,2710,car,Node1,46354890,71759.11166336195,72295.7128340027,True,scanned
20260610_175521_48753422,2711,car,Node1,46354890,71760.04609752908,72295.7128340027,True,scanned
20260610_175521_48753422,2712,shuttle,Bus_start,46477307,71762.1809425091,74547.1849955333,True,scanned
20260610_175521_48753422,2713,shuttle,Bus_start,46477307,71766.13045422015,74548.71022923685,True,scanned
20260610_175521_48753422,2714,car,Node1,46354890,71766.74336317071,72295.7128340027,True,scanned
20260610_175521_48753422,2715,car,Node4,46493064,71767.91430885403,72387.0747077684,True,scanned
20260610_175521_48753422,2716,car,Node1,46354890,71772.28548196547,72296.5592454898,True,scanned
20260610_175521_48753422,2717,car,Node1,46354890,71776.40764312174,72298.5592454898,True,scanned
20260610_175521_48753422,2718,car,Node1,46354890,71776.48574949792,72302.5592454898,True,scanned
20260610_175521_48753422,2719,car,Node4,46493064,71778.30040538145,72387.0747077684,True,scanned
20260610_175521_48753422,2720,car,Node5,3611512307,71778.45273100206,72342.44382366173,True,scanned
20260610_175521_48753422,2721,shuttle,Bus_start,46477307,71779.79088781646,74550.71022923685,True,scanned
20260610_175521_48753422,2722,shuttle,Bus_start,46477307,71780.48620977957,74551.71022923685,True,scanned
20260610_175521_48753422,2723,shuttle,Bus_start,46477307,71780.48728427701,74553.71022923685,True,scanned
20260610_175521_48753422,2724,shuttle,Bus_start,46477307,71780.58156223189,74961.04374324992,True,scanned
20260610_175521_48753422,2725,car,Node4,46493064,71781.03757051981,72393.83880653525,True,scanned
20260610_175521_48753422,2726,car,Node4,46493064,71781.52703043065,72417.97272945319,True,scanned
20260610_175521_48753422,2727,car,Node1,46354890,71781.97057087526,72308.7128340027,True,scanned
20260610_175521_48753422,2728,shuttle,Bus_start,46477307,71782.23057065309,74963.04374324992,True,scanned
20260610_175521_48753422,2729,car,Node5,3611512307,71784.52151358932,72356.47314226188,True,scanned
20260610_175521_48753422,2730,car,Node4,46493064,71785.06802907889,72417.97272945319,True,scanned
20260610_175521_48753422,2731,car,Node1,46354890,71786.10112954702,72313.13337911088,True,scanned
20260610_175521_48753422,2732,car,Node5,3611512307,71789.70697053481,72356.47314226188,True,scanned
20260610_175521_48753422,2733,car,Node5,3611512307,71794.46591576346,72398.19735025118,True,scanned
20260610_175521_48753422,2734,car,Node5,3611512307,71798.66409326327,72398.19735025118,True,scanned
20260610_175521_48753422,2735,car,Node1,46354890,71799.96117211021,72313.13337911088,True,scanned
20260610_175521_48753422,2736,shuttle,Bus_start,46477307,71801.96803116058,74965.04374324992,True,scanned
20260610_175521_48753422,2737,car,Node1,46354890,71803.46947887272,72324.1264374182,True,scanned
20260610_175521_48753422,2738,shuttle,Bus_start,46477307,71805.5445080268,74967.04374324992,True,scanned
20260610_175521_48753422,2739,shuttle,Bus_start,46477307,71806.62837108865,74969.04374324992,True,scanned
20260610_175521_48753422,2740,car,Node1,46354890,71806.89799397088,72324.1264374182,True,scanned
20260610_175521_48753422,2741,car,Node4,46493064,71806.90709369763,72417.97272945319,True,scanned
20260610_175521_48753422,2742,car,Node1,46354890,71807.94320361942,72324.1264374182,True,scanned
20260610_175521_48753422,2743,car,Node1,46354890,71808.97123438264,72330.69147457804,True,scanned
20260610_175521_48753422,2744,car,Node1,46354890,71814.32942447289,72330.69147457804,True,scanned
20260610_175521_48753422,2745,shuttle,Bus_start,46477307,71819.42735454073,74974.04374324992,True,scanned
20260610_175521_48753422,2746,shuttle,Bus_start,46477307,71821.53330415874,74976.04374324992,True,scanned
20260610_175521_48753422,2747,shuttle,Bus_start,46477307,71822.02203099002,74976.47359578584,True,scanned
20260610_175521_48753422,2748,shuttle,Bus_start,46477307,71822.71531637706,74980.04374324992,True,scanned
20260610_175521_48753422,2749,car,Node5,3611512307,71824.65138821593,72398.19735025118,True,scanned
20260610_175521_48753422,2750,car,Node1,46354890,71827.35303803408,72342.69315819934,True,scanned
20260610_175521_48753422,2751,shuttle,Bus_start,46477307,71829.78633559687,74982.04374324992,True,scanned
20260610_175521_48753422,2752,car,Node1,46354890,71831.64897756513,72349.29452494581,True,scanned
20260610_175521_48753422,2753,car,Node4,46493064,71834.06130832272,72548.13042519256,True,scanned
20260610_175521_48753422,2754,car,Node1,46354890,71834.12193398578,72355.03638103908,True,scanned
20260610_175521_48753422,2755,car,Node1,46354890,71837.93550074783,72360.67135082501,True,scanned
20260610_175521_48753422,2756,shuttle,Bus_start,46477307,71837.96240875169,74987.04374324992,True,scanned
20260610_175521_48753422,2757,car,Node1,46354890,71838.16977075045,72360.67135082501,True,scanned
20260610_175521_48753422,2758,car,Node1,46354890,71840.42887439729,72370.02228332809,True,scanned
20260610_175521_48753422,2759,car,Node5,3611512307,71844.94823927814,72425.07981147715,True,scanned
20260610_175521_48753422,2760,car,Node1,46354890,71846.23596347409,72370.02228332809,True,scanned
20260610_175521_48753422,2761,car,Node1,46354890,71850.16751472898,72370.02228332809,True,scanned
20260610_175521_48753422,2762,car,Node5,3611512307,71850.6105300466,72425.07981147715,True,scanned
20260610_175521_48753422,2763,car,Node1,46354890,71856.29489215,72383.03431918717,True,scanned
20260610_175521_48753422,2764,shuttle,Bus_start,46477307,71862.234133307,74989.04374324992,True,scanned
20260610_175521_48753422,2765,car,Node1,46354890,71862.46962883229,72383.03431918717,True,scanned
20260610_175521_48753422,2766,car,Node1,46354890,71867.23220466504,72383.03431918717,True,scanned
20260610_175521_48753422,2767,car,Node5,3611512307,71869.31382357191,72442.51563421525,True,scanned
20260610_175521_48753422,2768,shuttle,Bus_start,46477307,71870.35797719158,74989.47359578584,True,scanned
20260610_175521_48753422,2769,shuttle,Bus_start,46477307,71871.34513212979,74989.66481846261,True,scanned
20260610_175521_48753422,2770,car,Node1,46354890,71880.66678978245,72394.99424957331,True,scanned
20260610_175521_48753422,2771,shuttle,Bus_start,46477307,71883.24353390613,74989.66481846261,True,scanned
20260610_175521_48753422,2772,car,Node1,46354890,71885.10312693717,72418.3387978908,True,scanned
20260610_175521_48753422,2773,shuttle,Bus_start,46477307,71887.92271225521,74991.04374324992,True,scanned
20260610_175521_48753422,2774,shuttle,Bus_start,46477307,71888.86001024423,74993.04374324992,True,scanned
20260610_175521_48753422,2775,car,Node5,3611512307,71890.9046601111,72462.43386861554,True,scanned
20260610_175521_48753422,2776,car,Node5,3611512307,71894.6701457623,72467.31258479835,True,scanned
20260610_175521_48753422,2777,shuttle,Bus_start,46477307,71894.8439884627,74995.04374324992,True,scanned
20260610_175521_48753422,2778,car,Node1,46354890,71899.61857411124,72418.3387978908,True,scanned
20260610_175521_48753422,2779,shuttle,Bus_start,46477307,71905.8645639765,75000.04374324992,True,scanned
20260610_175521_48753422,2780,car,Node1,46354890,71907.06271269197,72418.3387978908,True,scanned
20260610_175521_48753422,2781,shuttle,Bus_start,46477307,71908.65270277696,75002.66481846261,True,scanned
20260610_175521_48753422,2782,car,Node1,46354890,71910.52094303031,72430.97272945319,True,scanned
20260610_175521_48753422,2783,shuttle,Bus_start,46477307,71913.18142218051,75004.04374324992,True,scanned
20260610_175521_48753422,2784,shuttle,Bus_start,46477307,71914.7347488925,75006.04374324992,True,scanned
20260610_175521_48753422,2785,car,Node1,46354890,71915.62370842247,72430.97272945319,True,scanned
20260610_175521_48753422,2786,car,Node1,46354890,71917.66577710651,72433.84976849881,True,scanned
20260610_175521_48753422,2787,car,Node1,46354890,71920.03410554765,72455.2274952609,True,scanned
20260610_175521_48753422,2788,shuttle,Bus_start,46477307,71924.42699681374,75008.04374324992,True,scanned
20260610_175521_48753422,2789,car,Node1,46354890,71926.49719330724,72455.2274952609,True,scanned
20260610_175521_48753422,2790,shuttle,Bus_start,46477307,71929.79744690076,75013.04374324992,True,scanned
20260610_175521_48753422,2791,car,Node5,3611512307,71932.32125469974,72499.92093714293,True,scanned
20260610_175521_48753422,2792,shuttle,Bus_start,46477307,71932.55241777054,75015.04374324992,True,scanned
20260610_175521_48753422,2793,car,Node1,46354890,71944.79158933912,72455.2274952609,True,scanned
20260610_175521_48753422,2794,car,Node4,46493064,71944.79192612848,72548.13042519256,True,scanned
20260610_175521_48753422,2795,car,Node1,46354890,71949.97451055548,72477.7362157894,True,scanned
20260610_175521_48753422,2796,shuttle,Bus_start,46477307,71951.9118573486,75015.47359578584,True,scanned
20260610_175521_48753422,2797,car,Node5,3611512307,71954.83480402672,72553.43084319898,True,scanned
20260610_175521_48753422,2798,shuttle,Bus_start,46477307,71956.4584114721,75015.66481846261,True,scanned
20260610_175521_48753422,2799,shuttle,Bus_start,46477307,71956.67214354177,75015.66481846261,True,scanned
20260610_175521_48753422,2800,shuttle,Bus_start,46477307,71959.47205115776,75017.04374324992,True,scanned
20260610_175521_48753422,2801,car,Node1,46354890,71962.25081754097,72477.7362157894,True,scanned
20260610_175521_48753422,2802,car,Node5,3611512307,71962.95276735727,72553.43084319898,True,scanned
20260610_175521_48753422,2803,car,Node1,46354890,71970.04409727475,72477.7362157894,True,scanned
20260610_175521_48753422,2804,shuttle,Bus_start,46477307,71971.28234381923,75019.04374324992,True,scanned
20260610_175521_48753422,2805,shuttle,Bus_start,46477307,71973.84703166407,75021.04374324992,True,scanned
20260610_175521_48753422,2806,shuttle,Bus_start,46477307,71976.48753226051,75026.04374324992,True,scanned
20260610_175521_48753422,2807,car,Node1,46354890,71977.9724414983,72487.6771591525,True,scanned
20260610_175521_48753422,2808,car,Node1,46354890,71983.71854939911,72501.43832929764,True,scanned
20260610_175521_48753422,2809,shuttle,Bus_start,46477307,71984.53713436043,75028.04374324992,True,scanned
20260610_175521_48753422,2810,car,Node5,3611512307,71985.58475083389,72553.43084319898,True,scanned
20260610_175521_48753422,2811,shuttle,Bus_start,46477307,71985.62597860885,75028.47359578584,True,scanned
20260610_175521_48753422,2812,car,Node1,46354890,71988.65120747763,72501.43832929764,True,scanned
20260610_175521_48753422,2813,shuttle,Bus_start,46477307,71989.40932306193,75029.04374324992,True,scanned
20260610_175521_48753422,2814,car,Node5,3611512307,71990.53024437175,72563.43084319898,True,scanned
20260610_175521_48753422,2815,car,Node5,3611512307,71990.9910191304,72563.43084319898,True,scanned
20260610_175521_48753422,2816,car,Node1,46354890,71993.2934923079,72501.43832929764,True,scanned
20260610_175521_48753422,2817,car,Node1,46354890,71993.29420195348,72513.38190561863,True,scanned
20260610_175521_48753422,2818,car,Node5,3611512307,71993.4990336035,72580.82219990816,True,scanned
20260610_175521_48753422,2819,car,Node5,3611512307,71994.00366848335,72580.82219990816,True,scanned
20260610_175521_48753422,2820,shuttle,Bus_start,46477307,71994.12824258683,75031.04374324992,True,scanned
20260610_175521_48753422,2821,shuttle,Bus_start,46477307,71997.11183904688,75033.04374324992,True,scanned
20260610_175521_48753422,2822,car,Node1,46354890,71998.70024099307,72513.38190561863,True,scanned
20260610_175521_48753422,2823,car,Node4,46493064,72000.58682965535,72606.50008644864,True,scanned
20260610_175521_48753422,2824,shuttle,Bus_start,46477307,72002.83774400024,75035.04374324992,True,scanned
20260610_175521_48753422,2825,car,Node1,46354890,72006.01650257161,72513.38190561863,True,scanned
20260610_175521_48753422,2826,car,Node5,3611512307,72011.75937559067,72580.82219990816,True,scanned
20260610_175521_48753422,2827,car,Node5,3611512307,72012.09775032382,72635.04311926209,True,scanned
20260610_175521_48753422,2828,shuttle,Bus_start,46477307,72012.71496601129,75039.04374324992,True,scanned
20260610_175521_48753422,2829,car,Node1,46354890,72013.69127741759,72544.91524873445,True,scanned
20260610_175521_48753422,2830,car,Node4,46493064,72021.42048399313,72628.52434228819,True,scanned
20260610_175521_48753422,2831,shuttle,Bus_start,46477307,72025.39918911333,75041.04374324992,True,scanned
20260610_175521_48753422,2832,shuttle,Bus_start,46477307,72028.19522154,75049.39499114748,True,scanned
20260610_175521_48753422,2833,shuttle,Bus_start,46477307,72031.44244001385,75051.39499114748,True,scanned
20260610_175521_48753422,2834,shuttle,Bus_start,46477307,72034.07157162997,75053.39499114748,True,scanned
20260610_175521_48753422,2835,shuttle,Bus_start,46477307,72037.39979219141,75055.39499114748,True,scanned
20260610_175521_48753422,2836,car,Node1,46354890,72038.29025131313,72544.91524873445,True,scanned
20260610_175521_48753422,2837,shuttle,Bus_start,46477307,72039.94673098005,75057.39499114748,True,scanned
20260610_175521_48753422,2838,car,Node1,46354890,72044.84058852163,72556.42837631564,True,scanned
20260610_175521_48753422,2839,car,Node1,46354890,72049.6633757915,72557.91524873445,True,scanned
20260610_175521_48753422,2840,car,Node1,46354890,72050.69873361172,72559.90447036961,True,scanned
20260610_175521_48753422,2841,shuttle,Bus_start,46477307,72050.97980673103,75062.39499114748,True,scanned
20260610_175521_48753422,2842,car,Node1,46354890,72052.74073029529,72585.03143149217,True,scanned
20260610_175521_48753422,2843,shuttle,Bus_start,46477307,72056.23087285229,75064.39499114748,True,scanned
20260610_175521_48753422,2844,car,Node5,3611512307,72060.25843586487,72635.04311926209,True,scanned
20260610_175521_48753422,2845,car,Node5,3611512307,72063.51550903403,72635.04311926209,True,scanned
20260610_175521_48753422,2846,shuttle,Bus_start,46477307,72072.52975567704,75068.39499114748,True,scanned
20260610_175521_48753422,2847,car,Node5,3611512307,72075.6912611764,72661.30469560741,True,scanned
20260610_175521_48753422,2848,shuttle,Bus_start,46477307,72076.14381415863,75069.52812225062,True,scanned
20260610_175521_48753422,2849,car,Node1,46354890,72077.84825557229,72585.03143149217,True,scanned
20260610_175521_48753422,2850,shuttle,Bus_start,46477307,72080.75251244023,75069.52812225062,True,scanned
20260610_175521_48753422,2851,car,Node5,3611512307,72087.25747989432,72663.30469560741,True,scanned
20260610_175521_48753422,2852,car,Node5,3611512307,72088.67627458628,72665.30469560741,True,scanned
20260610_175521_48753422,2853,shuttle,Bus_start,46477307,72091.96179368462,75069.52812225062,True,scanned
20260610_175521_48753422,2854,car,Node4,46493064,72094.09273807795,72817.30469560741,True,scanned
20260610_175521_48753422,2855,car,Node5,3611512307,72095.25371568715,72724.30469560741,True,scanned
20260610_175521_48753422,2856,car,Node1,46354890,72095.39785359678,72602.47111452042,True,scanned
20260610_175521_48753422,2857,shuttle,Bus_start,46477307,72097.46239128345,75071.39499114748,True,scanned
20260610_175521_48753422,2858,car,Node1,46354890,72102.4055374795,72611.03703350732,True,scanned
20260610_175521_48753422,2859,shuttle,Bus_start,46477307,72102.7877037074,75075.39499114748,True,scanned
20260610_175521_48753422,2860,car,Node1,46354890,72104.15653636854,72627.41409121234,True,scanned
20260610_175521_48753422,2861,shuttle,Bus_start,46477307,72105.90771097326,75077.39499114748,True,scanned
20260610_175521_48753422,2862,shuttle,Bus_start,46477307,72109.97821365246,75079.39499114748,True,scanned
20260610_175521_48753422,2863,car,Node5,3611512307,72110.40983466421,72726.30469560741,True,scanned
20260610_175521_48753422,2864,shuttle,Bus_start,46477307,72110.53370777893,75082.52812225062,True,scanned
20260610_175521_48753422,2865,car,Node1,46354890,72120.06013957734,72627.41409121234,True,scanned
20260610_175521_48753422,2866,shuttle,Bus_start,46477307,72122.5697651071,75082.52812225062,True,scanned
20260610_175521_48753422,2867,shuttle,Bus_start,46477307,72127.01703845405,75084.39499114748,True,scanned
20260610_175521_48753422,2868,car,Node1,46354890,72127.5770510804,72655.06797646238,True,scanned
20260610_175521_48753422,2869,shuttle,Bus_start,46477307,72129.06004943929,75088.39499114748,True,scanned
20260610_175521_48753422,2870,shuttle,Bus_start,46477307,72137.74730891884,75090.39499114748,True,scanned
20260610_175521_48753422,2871,shuttle,Bus_start,46477307,72141.1642883458,75092.39499114748,True,scanned
20260610_175521_48753422,2872,car,Node1,46354890,72143.65510380891,72655.30469560741,True,scanned
20260610_175521_48753422,2873,shuttle,Bus_start,46477307,72145.36241532813,75094.39499114748,True,scanned
20260610_175521_48753422,2874,car,Node5,3611512307,72146.39035419123,72728.30469560741,True,scanned
20260610_175521_48753422,2875,car,Node1,46354890,72148.45426922772,72657.30469560741,True,scanned
20260610_175521_48753422,2876,car,Node5,3611512307,72150.0036412742,72735.30469560741,True,scanned
20260610_175521_48753422,2877,car,Node1,46354890,72151.43839182345,72674.30469560741,True,scanned
20260610_175521_48753422,2878,shuttle,Bus_start,46477307,72151.5439296473,75095.52812225062,True,scanned
20260610_175521_48753422,2879,car,Node1,46354890,72151.73408114754,72676.30469560741,True,scanned
20260610_175521_48753422,2880,car,Node5,3611512307,72157.58215157768,72759.30469560741,True,scanned
20260610_175521_48753422,2881,car,Node1,46354890,72158.63317885228,72678.30469560741,True,scanned
20260610_175521_48753422,2882,car,Node1,46354890,72162.81346122437,72683.30469560741,True,scanned
20260610_175521_48753422,2883,car,Node5,3611512307,72164.41853736893,72761.30469560741,True,scanned
20260610_175521_48753422,2884,shuttle,Bus_start,46477307,72165.44448333209,75095.52812225062,True,scanned
20260610_175521_48753422,2885,shuttle,Bus_start,46477307,72165.71421373964,75097.39499114748,True,scanned
20260610_175521_48753422,2886,shuttle,Bus_start,46477307,72167.48137909969,75099.39499114748,True,scanned
20260610_175521_48753422,2887,shuttle,Bus_start,46477307,72170.84138834647,75107.39499114748,True,scanned
20260610_175521_48753422,2888,car,Node1,46354890,72173.58326294505,72696.30469560741,True,scanned
20260610_175521_48753422,2889,shuttle,Bus_start,46477307,72176.89667164198,75108.52812225062,True,scanned
20260610_175521_48753422,2890,car,Node1,46354890,72177.64346478236,72698.30469560741,True,scanned
20260610_175521_48753422,2891,shuttle,Bus_start,46477307,72178.43163443424,75110.39499114748,True,scanned
20260610_175521_48753422,2892,car,Node1,46354890,72179.41066298193,72700.30469560741,True,scanned
20260610_175521_48753422,2893,car,Node4,46493064,72181.84160010806,72819.30469560741,True,scanned
20260610_175521_48753422,2894,shuttle,Bus_start,46477307,72182.74190681308,75112.39499114748,True,scanned
20260610_175521_48753422,2895,car,Node5,3611512307,72183.2927704582,72763.30469560741,True,scanned
20260610_175521_48753422,2896,shuttle,Bus_start,46477307,72184.49885298977,75114.39499114748,True,scanned
20260610_175521_48753422,2897,shuttle,Bus_start,46477307,72185.31008494919,75118.39499114748,True,scanned
20260610_175521_48753422,2898,car,Node1,46354890,72185.83492099686,72715.30469560741,True,scanned
20260610_175521_48753422,2899,car,Node5,3611512307,72186.22084199007,72776.30469560741,True,scanned
20260610_175521_48753422,2900,car,Node4,46493064,72188.5569263393,72876.93929939852,True,scanned
20260610_175521_48753422,2901,car,Node5,3611512307,72189.38944000073,72778.30469560741,True,scanned
20260610_175521_48753422,2902,car,Node1,46354890,72189.759585508,72717.30469560741,True,scanned
20260610_175521_48753422,2903,shuttle,Bus_start,46477307,72191.03786090466,75121.52812225062,True,scanned
20260610_175521_48753422,2904,car,Node1,46354890,72194.93809641377,72719.30469560741,True,scanned
20260610_175521_48753422,2905,car,Node1,46354890,72202.69960974576,72741.30469560741,True,scanned
20260610_175521_48753422,2906,car,Node5,3611512307,72207.96646398376,72802.30469560741,True,scanned
20260610_175521_48753422,2907,car,Node5,3611512307,72208.27445010122,72804.30469560741,True,scanned
20260610_175521_48753422,2908,shuttle,Bus_start,46477307,72208.80290285757,75123.39499114748,True,scanned
20260610_175521_48753422,2909,shuttle,Bus_start,46477307,72211.15603881382,75125.39499114748,True,scanned
20260610_175521_48753422,2910,car,Node1,46354890,72216.66673621943,72743.30469560741,True,scanned
20260610_175521_48753422,2911,car,Node5,3611512307,72219.61818932043,72830.30469560741,True,scanned
20260610_175521_48753422,2912,car,Node1,46354890,72222.00383385156,72745.30469560741,True,scanned
20260610_175521_48753422,2913,car,Node5,3611512307,72228.05553893484,72832.30469560741,True,scanned
20260610_175521_48753422,2914,shuttle,Bus_start,46477307,72229.05403049264,75127.39499114748,True,scanned
20260610_175521_48753422,2915,car,Node5,3611512307,72231.92100801328,72839.30469560741,True,scanned
20260610_175521_48753422,2916,car,Node1,46354890,72232.35360273973,72769.30469560741,True,scanned
20260610_175521_48753422,2917,car,Node5,3611512307,72233.29676121828,72841.30469560741,True,scanned
20260610_175521_48753422,2918,shuttle,Bus_start,46477307,72234.57780548172,75131.39499114748,True,scanned
20260610_175521_48753422,2919,shuttle,Bus_start,46477307,72237.92912200784,75134.52812225062,True,scanned
20260610_175521_48753422,2920,shuttle,Bus_start,46477307,72238.20473830099,75134.52812225062,True,scanned
20260610_175521_48753422,2921,car,Node5,3611512307,72239.774921538,72850.06797646238,True,scanned
20260610_175521_48753422,2922,shuttle,Bus_start,46477307,72240.48316691561,75136.39499114748,True,scanned
20260610_175521_48753422,2923,car,Node5,3611512307,72242.17792077448,72854.30469560741,True,scanned
20260610_175521_48753422,2924,shuttle,Bus_start,46477307,72244.34536521813,75540.51706897162,True,scanned
20260610_175521_48753422,2925,car,Node5,3611512307,72244.71801999277,72856.30469560741,True,scanned
20260610_175521_48753422,2926,shuttle,Bus_start,46477307,72246.19097386341,75542.51706897162,True,scanned
20260610_175521_48753422,2927,car,Node1,46354890,72246.55872143513,72771.30469560741,True,scanned
20260610_175521_48753422,2928,shuttle,Bus_start,46477307,72248.15246048785,75544.51706897162,True,scanned
20260610_175521_48753422,2929,shuttle,Bus_start,46477307,72248.94496782159,75550.6464145548,True,scanned
20260610_175521_48753422,2930,shuttle,Bus_start,46477307,72248.98375973648,75550.6464145548,True,scanned
20260610_175521_48753422,2931,car,Node1,46354890,72250.50238345908,72785.06797646238,True,scanned
20260610_175521_48753422,2932,car,Node1,46354890,72254.88361319681,72785.30469560741,True,scanned
20260610_175521_48753422,2933,shuttle,Bus_start,46477307,72259.66916412066,75553.51706897162,True,scanned
20260610_175521_48753422,2934,shuttle,Bus_start,46477307,72262.98410100347,75555.51706897162,True,scanned
20260610_175521_48753422,2935,car,Node1,46354890,72263.29185634898,72798.06797646238,True,scanned
20260610_175521_48753422,2936,shuttle,Bus_start,46477307,72265.85704314627,75557.51706897162,True,scanned
20260610_175521_48753422,2937,car,Node4,46493064,72266.2995098979,72876.93929939852,True,scanned
20260610_175521_48753422,2938,car,Node1,46354890,72266.32565705615,72798.30469560741,True,scanned
20260610_175521_48753422,2939,car,Node1,46354890,72267.31419743809,72800.30469560741,True,scanned
20260610_175521_48753422,2940,car,Node5,3611512307,72267.7355375705,72863.06797646238,True,scanned
20260610_175521_48753422,2941,car,Node5,3611512307,72279.02738457425,72869.30469560741,True,scanned
20260610_175521_48753422,2942,car,Node1,46354890,72285.08722232643,72823.30469560741,True,scanned
20260610_175521_48753422,2943,car,Node5,3611512307,72286.32749708655,72922.0751334369,True,scanned
20260610_175521_48753422,2944,car,Node4,46493064,72287.96907974506,73054.65097882888,True,scanned
20260610_175521_48753422,2945,car,Node5,3611512307,72288.84599823132,72922.0751334369,True,scanned
20260610_175521_48753422,2946,shuttle,Bus_start,46477307,72293.59684487835,75557.57916576118,True,scanned
20260610_175521_48753422,2947,shuttle,Bus_start,46477307,72295.98306574252,75558.51706897162,True,scanned
20260610_175521_48753422,2948,car,Node1,46354890,72298.76544385384,72845.30469560741,True,scanned
20260610_175521_48753422,2949,car,Node1,46354890,72301.2656519121,72847.30469560741,True,scanned
20260610_175521_48753422,2950,car,Node1,46354890,72303.4594693741,72849.30469560741,True,scanned
20260610_175521_48753422,2951,shuttle,Bus_start,46477307,72304.33857906143,75563.6464145548,True,scanned
20260610_175521_48753422,2952,car,Node1,46354890,72304.98255720527,72850.30469560741,True,scanned
20260610_175521_48753422,2953,shuttle,Bus_start,46477307,72307.16033092004,75563.6464145548,True,scanned
20260610_175521_48753422,2954,car,Node1,46354890,72308.98689926913,72852.30469560741,True,scanned
20260610_175521_48753422,2955,shuttle,Bus_start,46477307,72309.61228477795,75564.51706897162,True,scanned
20260610_175521_48753422,2956,shuttle,Bus_start,46477307,72319.11979586582,75566.51706897162,True,scanned
20260610_175521_48753422,2957,car,Node1,46354890,72322.72005831903,72858.30469560741,True,scanned
20260610_175521_48753422,2958,car,Node2,46336597,72323.71672121945,72871.30469560741,True,scanned
20260610_175521_48753422,2959,shuttle,Bus_start,46477307,72325.1355778036,75568.51706897162,True,scanned
20260610_175521_48753422,2960,car,Node1,46354890,72326.26894089035,72860.30469560741,True,scanned
20260610_175521_48753422,2961,car,Node1,46354890,72327.3729846644,72862.30469560741,True,scanned
20260610_175521_48753422,2962,shuttle,Bus_start,46477307,72329.4646792444,75576.6464145548,True,scanned
20260610_175521_48753422,2963,car,Node1,46354890,72331.64908553325,72863.30469560741,True,scanned
20260610_175521_48753422,2964,car,Node1,46354890,72332.83893639794,72865.30469560741,True,scanned
20260610_175521_48753422,2965,car,Node1,46354890,72334.08452677712,72867.30469560741,True,scanned
20260610_175521_48753422,2966,shuttle,Bus_start,46477307,72337.73530067524,75576.6464145548,True,scanned
20260610_175521_48753422,2967,shuttle,Bus_start,46477307,72340.46371961478,75577.51706897162,True,scanned
20260610_175521_48753422,2968,shuttle,Bus_start,46477307,72349.79770431315,75579.51706897162,True,scanned
20260610_175521_48753422,2969,shuttle,Bus_start,46477307,72351.8363176413,75581.51706897162,True,scanned
20260610_175521_48753422,2970,shuttle,Bus_start,46477307,72357.06932962038,75583.51706897162,True,scanned
20260610_175521_48753422,2971,car,Node5,3611512307,72357.70461448599,72922.0751334369,True,scanned
20260610_175521_48753422,2972,shuttle,Bus_start,46477307,72359.3911986952,75583.57916576118,True,scanned
20260610_175521_48753422,2973,shuttle,Bus_start,46477307,72361.74102524213,75584.51706897162,True,scanned
20260610_175521_48753422,2974,car,Node1,46354890,72362.62382915213,72878.3979253815,True,scanned
20260610_175521_48753422,2975,car,Node5,3611512307,72362.82191668362,72968.37844935898,True,scanned
20260610_175521_48753422,2976,shuttle,Bus_start,46477307,72366.86023351553,75589.6464145548,True,scanned
20260610_175521_48753422,2977,car,Node1,46354890,72367.71905743593,72878.3979253815,True,scanned
20260610_175521_48753422,2978,shuttle,Bus_start,46477307,72367.78607570623,75589.6464145548,True,scanned
20260610_175521_48753422,2979,car,Node1,46354890,72369.6673641621,72883.58858686843,True,scanned
20260610_175521_48753422,2980,car,Node1,46354890,72373.9081804957,72897.86387326903,True,scanned
20260610_175521_48753422,2981,car,Node4,46493064,72376.21133871129,73054.65097882888,True,scanned
20260610_175521_48753422,2982,shuttle,Bus_start,46477307,72377.86293780619,75590.51706897162,True,scanned
20260610_175521_48753422,2983,shuttle,Bus_start,46477307,72379.20124260645,75592.51706897162,True,scanned
20260610_175521_48753422,2984,car,Node5,3611512307,72379.75417638499,72968.37844935898,True,scanned
20260610_175521_48753422,2985,shuttle,Bus_start,46477307,72379.97467743,75594.51706897162,True,scanned
20260610_175521_48753422,2986,car,Node1,46354890,72384.96221196569,72897.86387326903,True,scanned
20260610_175521_48753422,2987,shuttle,Bus_start,46477307,72387.2264675008,75596.51706897162,True,scanned
20260610_175521_48753422,2988,car,Node1,46354890,72387.29874937731,72897.86387326903,True,scanned
20260610_175521_48753422,2989,car,Node1,46354890,72387.51269941784,72907.08115247822,True,scanned
20260610_175521_48753422,2990,shuttle,Bus_start,46477307,72388.68776096923,75598.51706897162,True,scanned
20260610_175521_48753422,2991,shuttle,Bus_start,46477307,72391.90145667594,75602.6464145548,True,scanned
20260610_175521_48753422,2992,car,Node1,46354890,72393.83889251431,72907.08115247822,True,scanned
20260610_175521_48753422,2993,shuttle,Bus_start,46477307,72395.14659394398,75603.51706897162,True,scanned
20260610_175521_48753422,2994,car,Node1,46354890,72395.83920079931,72912.66054248442,True,scanned
20260610_175521_48753422,2995,car,Node1,46354890,72397.7164865008,72923.18577719467,True,scanned
20260610_175521_48753422,2996,car,Node1,46354890,72397.89228661891,72923.18577719467,True,scanned
20260610_175521_48753422,2997,shuttle,Bus_start,46477307,72398.47687665571,75605.51706897162,True,scanned
20260610_175521_48753422,2998,car,Node5,3611512307,72405.98799805985,72968.37844935898,True,scanned
20260610_175521_48753422,2999,car,Node1,46354890,72407.41970016768,72923.18577719467,True,scanned
20260610_175521_48753422,3000,shuttle,Bus_start,46477307,72408.60791117752,75607.51706897162,True,scanned
20260610_175521_48753422,3001,shuttle,Bus_start,46477307,72412.27106681895,75609.51706897162,True,scanned
20260610_175521_48753422,3002,shuttle,Bus_start,46477307,72422.8995713708,75616.51706897162,True,scanned
20260610_175521_48753422,3003,shuttle,Bus_start,46477307,72423.15172596724,75618.51706897162,True,scanned
20260610_175521_48753422,3004,car,Node1,46354890,72423.40037572011,72936.50886551075,True,scanned
20260610_175521_48753422,3005,shuttle,Bus_start,46477307,72426.83659356816,75622.51706897162,True,scanned
20260610_175521_48753422,3006,shuttle,Bus_start,46477307,72427.31413158194,75624.51706897162,True,scanned
20260610_175521_48753422,3007,car,Node1,46354890,72428.70184985935,72946.80675003264,True,scanned
20260610_175521_48753422,3008,car,Node1,46354890,72432.31830388943,72946.80675003264,True,scanned
20260610_175521_48753422,3009,car,Node5,3611512307,72432.46537531953,73034.29648391061,True,scanned
20260610_175521_48753422,3010,car,Node1,46354890,72433.24579403838,72952.00907631371,True,scanned
20260610_175521_48753422,3011,car,Node1,46354890,72434.22300651229,72952.00907631371,True,scanned
20260610_175521_48753422,3012,car,Node1,46354890,72435.32381350313,72952.00907631371,True,scanned
20260610_175521_48753422,3013,shuttle,Bus_start,46477307,72435.75153944903,75625.7298000311,True,scanned
20260610_175521_48753422,3014,car,Node1,46354890,72435.8324607009,72966.25796387496,True,scanned
20260610_175521_48753422,3015,car,Node5,3611512307,72445.04369556584,73034.29648391061,True,scanned
20260610_175521_48753422,3016,shuttle,Bus_start,46477307,72450.18692886375,75628.77921587936,True,scanned
20260610_175521_48753422,3017,car,Node1,46354890,72454.58001747102,72966.25796387496,True,scanned
20260610_175521_48753422,3018,car,Node1,46354890,72460.28841556549,72973.80966331721,True,scanned
20260610_175521_48753422,3019,car,Node1,46354890,72466.04627548331,72980.92825167537,True,scanned
20260610_175521_48753422,3020,car,Node1,46354890,72468.46968743726,72985.94243548105,True,scanned
20260610_175521_48753422,3021,car,Node1,46354890,72468.50715528223,73000.72797650748,True,scanned
20260610_175521_48753422,3022,car,Node5,3611512307,72472.86765321664,73034.29648391061,True,scanned
20260610_175521_48753422,3023,shuttle,Bus_start,46477307,72472.94413307749,75630.77921587936,True,scanned
20260610_175521_48753422,3024,shuttle,Bus_start,46477307,72474.76905771771,75632.77921587936,True,scanned
20260610_175521_48753422,3025,car,Node1,46354890,72479.16787514172,73000.72797650748,True,scanned
20260610_175521_48753422,3026,shuttle,Bus_start,46477307,72484.33540534359,75637.51706897162,True,scanned
20260610_175521_48753422,3027,car,Node5,3611512307,72484.68851147189,73048.83538387134,True,scanned
20260610_175521_48753422,3028,car,Node1,46354890,72486.46406590214,73000.72797650748,True,scanned
20260610_175521_48753422,3029,shuttle,Bus_start,46477307,72487.10798360918,75638.7298000311,True,scanned
20260610_175521_48753422,3030,car,Node1,46354890,72493.84342526374,73031.4373460179,True,scanned
20260610_175521_48753422,3031,car,Node2,46336597,72495.93175227166,73035.69064701184,True,scanned
20260610_175521_48753422,3032,shuttle,Bus_start,46477307,72499.9708190268,75641.77921587936,True,scanned
20260610_175521_48753422,3033,shuttle,Bus_start,46477307,72501.48617163347,75643.77921587936,True,scanned
20260610_175521_48753422,3034,shuttle,Bus_start,46477307,72509.0389292211,75645.77921587936,True,scanned
20260610_175521_48753422,3035,shuttle,Bus_start,46477307,72510.92723134642,75647.0246504325,True,scanned
20260610_175521_48753422,3036,car,Node1,46354890,72513.87489428847,73031.4373460179,True,scanned
20260610_175521_48753422,3037,shuttle,Bus_start,46477307,72518.43813260514,75647.0246504325,True,scanned
20260610_175521_48753422,3038,car,Node5,3611512307,72519.21983321388,73106.37770400436,True,scanned
20260610_175521_48753422,3039,shuttle,Bus_start,46477307,72519.41080684017,75648.77921587936,True,scanned
20260610_175521_48753422,3040,shuttle,Bus_start,46477307,72520.11589085025,75650.77921587936,True,scanned
20260610_175521_48753422,3041,car,Node1,46354890,72521.61748717626,73031.4373460179,True,scanned
20260610_175521_48753422,3042,shuttle,Bus_start,46477307,72521.62475591524,75652.77921587936,True,scanned
20260610_175521_48753422,3043,shuttle,Bus_start,46477307,72524.93433877571,75654.77921587936,True,scanned
20260610_175521_48753422,3044,car,Node4,46493064,72525.36171061697,73247.98945751804,True,scanned
20260610_175521_48753422,3045,shuttle,Bus_start,46477307,72527.29462182833,75656.77921587936,True,scanned
20260610_175521_48753422,3046,shuttle,Bus_start,46477307,72529.86020148102,75658.77921587936,True,scanned
20260610_175521_48753422,3047,shuttle,Bus_start,46477307,72531.1455951241,75661.77921587936,True,scanned
20260610_175521_48753422,3048,car,Node1,46354890,72531.31307842697,73053.39541738611,True,scanned
20260610_175521_48753422,3049,car,Node5,3611512307,72534.6693769559,73106.37770400436,True,scanned
20260610_175521_48753422,3050,shuttle,Bus_start,46477307,72536.15680014616,75663.77921587936,True,scanned
20260610_175521_48753422,3051,car,Node1,46354890,72537.02775804485,73053.39541738611,True,scanned
20260610_175521_48753422,3052,shuttle,Bus_start,46477307,72540.14398461745,75671.77921587936,True,scanned
20260610_175521_48753422,3053,car,Node5,3611512307,72543.01604199252,73106.37770400436,True,scanned
20260610_175521_48753422,3054,car,Node1,46354890,72543.29820139358,73053.39541738611,True,scanned
20260610_175521_48753422,3055,car,Node4,46493064,72545.58795666606,73248.22219240772,True,scanned
20260610_175521_48753422,3056,car,Node1,46354890,72546.41733543416,73062.97423508306,True,scanned
20260610_175521_48753422,3057,shuttle,Bus_start,46477307,72548.60176052379,75673.0246504325,True,scanned
20260610_175521_48753422,3058,car,Node5,3611512307,72550.75043286018,73142.44002567785,True,scanned
20260610_175521_48753422,3059,car,Node1,46354890,72550.86140398291,73062.97423508306,True,scanned
20260610_175521_48753422,3060,car,Node1,46354890,72555.7590368657,73078.0256798766,True,scanned
20260610_175521_48753422,3061,car,Node5,3611512307,72557.36083028975,73142.44002567785,True,scanned
20260610_175521_48753422,3062,shuttle,Bus_start,46477307,72563.5711988294,75676.77921587936,True,scanned
20260610_175521_48753422,3063,shuttle,Bus_start,46477307,72564.80879036481,75678.77921587936,True,scanned
20260610_175521_48753422,3064,car,Node1,46354890,72568.85172158763,73078.0256798766,True,scanned
20260610_175521_48753422,3065,car,Node1,46354890,72574.77082117907,73087.23392091588,True,scanned
20260610_175521_48753422,3066,car,Node1,46354890,72575.74653681657,73087.23392091588,True,scanned
20260610_175521_48753422,3067,car,Node1,46354890,72576.22024247846,73087.23392091588,True,scanned
20260610_175521_48753422,3068,car,Node1,46354890,72578.38826576443,73094.94455177279,True,scanned
20260610_175521_48753422,3069,car,Node5,3611512307,72578.52048864223,73142.44002567785,True,scanned
20260610_175521_48753422,3070,car,Node1,46354890,72581.72516476909,73094.94455177279,True,scanned
20260610_175521_48753422,3071,car,Node1,46354890,72582.36685732014,73094.94455177279,True,scanned
20260610_175521_48753422,3072,car,Node5,3611512307,72582.41310670957,73151.15191819968,True,scanned
20260610_175521_48753422,3073,car,Node5,3611512307,72607.91494619122,73173.78565688635,True,scanned
20260610_175521_48753422,3074,car,Node5,3611512307,72608.13043955005,73213.7445978328,True,scanned
20260610_175521_48753422,3075,shuttle,Bus_start,46477307,72610.54062235789,75680.77921587936,True,scanned
20260610_175521_48753422,3076,shuttle,Bus_start,46477307,72612.3224555277,75684.77921587936,True,scanned
20260610_175521_48753422,3077,car,Node1,46354890,72612.33794332654,73119.22635690066,True,scanned
20260610_175521_48753422,3078,car,Node1,46354890,72612.36796707845,73119.22635690066,True,scanned
20260610_175521_48753422,3079,shuttle,Bus_start,46477307,72614.20706305036,75686.0246504325,True,scanned
20260610_175521_48753422,3080,shuttle,Bus_start,46477307,72617.85877142409,75686.0246504325,True,scanned
20260610_175521_48753422,3081,car,Node1,46354890,72619.87046823364,73141.15191819968,True,scanned
20260610_175521_48753422,3082,shuttle,Bus_start,46477307,72622.56658983891,75687.77921587936,True,scanned
20260610_175521_48753422,3083,shuttle,Bus_start,46477307,72625.32853257748,75689.77921587936,True,scanned
20260610_175521_48753422,3084,shuttle,Bus_start,46477307,72631.75595642366,75691.77921587936,True,scanned
20260610_175521_48753422,3085,car,Node1,46354890,72633.51144757018,73141.15191819968,True,scanned
20260610_175521_48753422,3086,car,Node1,46354890,72633.71452287836,73145.49156632725,True,scanned
20260610_175521_48753422,3087,car,Node1,46354890,72637.06320564021,73152.54865916353,True,scanned
20260610_175521_48753422,3088,car,Node1,46354890,72639.58457440839,73154.15191819968,True,scanned
20260610_175521_48753422,3089,car,Node4,46493064,72644.6128940377,73265.7445978328,True,scanned
20260610_175521_48753422,3090,shuttle,Bus_start,46477307,72645.02636679204,75700.77921587936,True,scanned
20260610_175521_48753422,3091,car,Node1,46354890,72645.06585021624,73158.29716266642,True,scanned
20260610_175521_48753422,3092,shuttle,Bus_start,46477307,72645.4588732072,75702.77921587936,True,scanned
20260610_175521_48753422,3093,shuttle,Bus_start,46477307,72646.1629176836,75704.77921587936,True,scanned
20260610_175521_48753422,3094,car,Node5,3611512307,72649.82506079719,73213.7445978328,True,scanned
20260610_175521_48753422,3095,car,Node1,46354890,72651.54873422245,73165.78008541965,True,scanned
20260610_175521_48753422,3096,car,Node5,3611512307,72655.15397038852,73222.22219240772,True,scanned
20260610_175521_48753422,3097,car,Node1,46354890,72655.84612024181,73175.37431515189,True,scanned
20260610_175521_48753422,3098,shuttle,Bus_start,46477307,72655.9481355939,75706.77921587936,True,scanned
20260610_175521_48753422,3099,car,Node5,3611512307,72656.02949628813,73237.40684521143,True,scanned
20260610_175521_48753422,3100,shuttle,Bus_start,46477307,72658.24664988446,75708.77921587936,True,scanned
20260610_175521_48753422,3101,car,Node2,46336597,72658.8629938261,73215.23985871706,True,scanned
20260610_175521_48753422,3102,car,Node1,46354890,72660.38439887133,73175.37431515189,True,scanned
20260610_175521_48753422,3103,car,Node5,3611512307,72662.35129534731,73237.40684521143,True,scanned
20260610_175521_48753422,3104,car,Node5,3611512307,72662.6543397597,73276.40684521143,True,scanned
20260610_175521_48753422,3105,shuttle,Bus_start,46477307,72665.79036607945,75713.77921587936,True,scanned
20260610_175521_48753422,3106,car,Node1,46354890,72668.78694642913,73211.16087549446,True,scanned
20260610_175521_48753422,3107,shuttle,Bus_start,46477307,72669.8882930628,75715.77921587936,True,scanned
20260610_175521_48753422,3108,shuttle,Bus_start,46477307,72673.70081637603,75717.77921587936,True,scanned
20260610_175521_48753422,3109,shuttle,Bus_start,46477307,72679.17157703459,75719.77921587936,True,scanned
20260610_175521_48753422,3110,shuttle,Bus_start,46477307,72679.85925587815,75721.77921587936,True,scanned
20260610_175521_48753422,3111,car,Node4,46493064,72680.3761113825,73315.16087549446,True,scanned
20260610_175521_48753422,3112,car,Node4,46493064,72683.55776338473,73315.40684521143,True,scanned
20260610_175521_48753422,3113,car,Node1,46354890,72684.07726016805,73211.16087549446,True,scanned
20260610_175521_48753422,3114,car,Node5,3611512307,72691.60077923619,73278.7445978328,True,scanned
20260610_175521_48753422,3115,car,Node5,3611512307,72693.48846089467,73278.7445978328,True,scanned
20260610_175521_48753422,3116,car,Node5,3611512307,72699.1798791538,73319.23985871706,True,scanned
20260610_175521_48753422,3117,shuttle,Bus_start,46477307,72699.306897254,75723.77921587936,True,scanned
20260610_175521_48753422,3118,car,Node1,46354890,72703.52040486496,73211.16087549446,True,scanned
20260610_175521_48753422,3119,car,Node1,46354890,72703.88895311819,73224.40684521143,True,scanned
20260610_175521_48753422,3120,car,Node1,46354890,72712.4037921196,73224.40684521143,True,scanned
20260610_175521_48753422,3121,car,Node1,46354890,72712.49237032098,73226.7445978328,True,scanned
20260610_175521_48753422,3122,car,Node1,46354890,72717.46660693464,73235.22219240772,True,scanned
20260610_175521_48753422,3123,shuttle,Bus_start,46477307,72717.7810488828,76119.27670074608,True,scanned
20260610_175521_48753422,3124,car,Node5,3611512307,72725.66276695828,73325.98945751804,True,scanned
20260610_175521_48753422,3125,car,Node1,46354890,72725.96346734265,73250.40684521143,True,scanned
20260610_175521_48753422,3126,shuttle,Bus_start,46477307,72726.49408753269,76121.27670074608,True,scanned
20260610_175521_48753422,3127,shuttle,Bus_start,46477307,72727.60055691672,76123.27670074608,True,scanned
20260610_175521_48753422,3128,shuttle,Bus_start,46477307,72730.41512018716,76125.27670074608,True,scanned
20260610_175521_48753422,3129,shuttle,Bus_start,46477307,72732.78890429142,76127.27670074608,True,scanned
20260610_175521_48753422,3130,car,Node1,46354890,72734.20264737218,73263.40684521143,True,scanned
20260610_175521_48753422,3131,shuttle,Bus_start,46477307,72737.57948588363,76129.27670074608,True,scanned
20260610_175521_48753422,3132,car,Node1,46354890,72742.45723083435,73263.40684521143,True,scanned
20260610_175521_48753422,3133,car,Node1,46354890,72744.84516482458,73274.22219240772,True,scanned
20260610_175521_48753422,3134,shuttle,Bus_start,46477307,72746.05529486154,76132.27670074608,True,scanned
20260610_175521_48753422,3135,shuttle,Bus_start,46477307,72746.07911210525,76133.27670074608,True,scanned
20260610_175521_48753422,3136,car,Node1,46354890,72747.18455641756,73286.98945751804,True,scanned
20260610_175521_48753422,3137,car,Node1,46354890,72750.63975603424,73287.22219240772,True,scanned
20260610_175521_48753422,3138,car,Node5,3611512307,72756.08480805076,73345.23985871706,True,scanned
20260610_175521_48753422,3139,shuttle,Bus_start,46477307,72757.20406861007,76135.27670074608,True,scanned
20260610_175521_48753422,3140,car,Node1,46354890,72757.56824051804,73302.16087549446,True,scanned
20260610_175521_48753422,3141,car,Node5,3611512307,72758.43844186414,73351.98945751804,True,scanned
20260610_175521_48753422,3142,shuttle,Bus_start,46477307,72759.89523957318,76137.27670074608,True,scanned
20260610_175521_48753422,3143,car,Node5,3611512307,72760.68977438942,73352.22219240772,True,scanned
20260610_175521_48753422,3144,shuttle,Bus_start,46477307,72762.61669862995,76139.27670074608,True,scanned
20260610_175521_48753422,3145,shuttle,Bus_start,46477307,72766.3106415368,76141.27670074608,True,scanned
20260610_175521_48753422,3146,car,Node1,46354890,72771.57061823376,73302.40684521143,True,scanned
20260610_175521_48753422,3147,car,Node1,46354890,72772.00912039277,73302.40684521143,True,scanned
20260610_175521_48753422,3148,car,Node5,3611512307,72773.29950585304,73369.7445978328,True,scanned
20260610_175521_48753422,3149,car,Node1,46354890,72773.70294274305,73306.23985871706,True,scanned
20260610_175521_48753422,3150,shuttle,Bus_start,46477307,72778.61081153773,76143.27670074608,True,scanned
20260610_175521_48753422,3151,car,Node5,3611512307,72779.3529143041,73371.23985871706,True,scanned
20260610_175521_48753422,3152,car,Node5,3611512307,72779.36530860593,73397.23985871706,True,scanned
20260610_175521_48753422,3153,car,Node1,46354890,72782.87387655335,73330.7445978328,True,scanned
20260610_175521_48753422,3154,shuttle,Bus_start,46477307,72783.914859202,76145.27670074608,True,scanned
20260610_175521_48753422,3155,car,Node5,3611512307,72787.89051266626,73403.98945751804,True,scanned
20260610_175521_48753422,3156,car,Node4,46493064,72799.41390035104,73432.40684521143,True,scanned
20260610_175521_48753422,3157,shuttle,Bus_start,46477307,72799.73223811203,76147.27670074608,True,scanned
20260610_175521_48753422,3158,car,Node4,46493064,72800.05950486915,73455.98945751804,True,scanned
20260610_175521_48753422,3159,car,Node1,46354890,72803.62057971576,73330.7445978328,True,scanned
20260610_175521_48753422,3160,car,Node5,3611512307,72806.4252983718,73404.22219240772,True,scanned
20260610_175521_48753422,3161,car,Node5,3611512307,72809.5870829731,73408.7445978328,True,scanned
20260610_175521_48753422,3162,car,Node5,3611512307,72810.0695274253,73416.98945751804,True,scanned
20260610_175521_48753422,3163,car,Node1,46354890,72814.92332388673,73356.7445978328,True,scanned
20260610_175521_48753422,3164,shuttle,Bus_start,46477307,72817.69212372549,76152.27670074608,True,scanned
20260610_175521_48753422,3165,car,Node2,46336597,72819.83818188417,73423.23985871706,True,scanned
20260610_175521_48753422,3166,shuttle,Bus_start,46477307,72820.84783612892,76154.27670074608,True,scanned
20260610_175521_48753422,3167,car,Node1,46354890,72821.85940945931,73356.7445978328,True,scanned
20260610_175521_48753422,3168,car,Node5,3611512307,72821.98332417344,73442.98945751804,True,scanned
20260610_175521_48753422,3169,car,Node1,46354890,72826.09428201665,73358.23985871706,True,scanned
20260610_175521_48753422,3170,shuttle,Bus_start,46477307,72829.12391719538,76156.27670074608,True,scanned
20260610_175521_48753422,3171,car,Node4,46493064,72834.58719434444,73456.22219240772,True,scanned
20260610_175521_48753422,3172,car,Node5,3611512307,72835.45878209539,73443.22219240772,True,scanned
20260610_175521_48753422,3173,shuttle,Bus_start,46477307,72838.29939648343,76158.27670074608,True,scanned
20260610_175521_48753422,3174,car,Node1,46354890,72841.92260501422,73380.40684521143,True,scanned
20260610_175521_48753422,3175,shuttle,Bus_start,46477307,72843.99195385187,76160.27670074608,True,scanned
20260610_175521_48753422,3176,car,Node1,46354890,72848.29837879834,73382.7445978328,True,scanned
20260610_175521_48753422,3177,car,Node1,46354890,72849.77828238576,73419.16087549446,True,scanned
20260610_175521_48753422,3178,car,Node5,3611512307,72852.93554426423,73445.16087549446,True,scanned
20260610_175521_48753422,3179,car,Node5,3611512307,72862.97799643903,73460.7445978328,True,scanned
20260610_175521_48753422,3180,shuttle,Bus_start,46477307,72867.93521689488,76161.51215124103,True,scanned
20260610_175521_48753422,3181,car,Node4,46493064,72868.29340848164,73484.40684521143,True,scanned
20260610_175521_48753422,3182,shuttle,Bus_start,46477307,72869.61145005326,76161.51215124103,True,scanned
20260610_175521_48753422,3183,car,Node2,46336597,72871.78658434068,73572.91852977616,True,scanned
20260610_175521_48753422,3184,car,Node1,46354890,72879.08485297552,73419.40684521143,True,scanned
20260610_175521_48753422,3185,shuttle,Bus_start,46477307,72879.71946130719,76163.27670074608,True,scanned
20260610_175521_48753422,3186,car,Node1,46354890,72881.0969894215,73419.40684521143,True,scanned
20260610_175521_48753422,3187,car,Node5,3611512307,72881.4111617373,73462.23985871706,True,scanned
20260610_175521_48753422,3188,car,Node1,46354890,72886.67553451133,73429.98945751804,True,scanned
20260610_175521_48753422,3189,car,Node5,3611512307,72889.0131848889,73468.98945751804,True,scanned
20260610_175521_48753422,3190,car,Node5,3611512307,72889.02354528563,73471.40684521143,True,scanned
20260610_175521_48753422,3191,car,Node1,46354890,72892.29421610435,73430.22219240772,True,scanned
20260610_175521_48753422,3192,car,Node1,46354890,72895.36646931045,73432.16087549446,True,scanned
20260610_175521_48753422,3193,car,Node5,3611512307,72895.79536850905,73479.32508993898,True,scanned
20260610_175521_48753422,3194,shuttle,Bus_start,46477307,72898.18186233328,76165.27670074608,True,scanned
20260610_175521_48753422,3195,car,Node1,46354890,72898.31035716383,73432.40684521143,True,scanned
20260610_175521_48753422,3196,car,Node1,46354890,72898.91993192505,73434.7445978328,True,scanned
20260610_175521_48753422,3197,shuttle,Bus_start,46477307,72902.22922715322,76171.27670074608,True,scanned
20260610_175521_48753422,3198,car,Node5,3611512307,72903.30402909052,73481.98945751804,True,scanned
20260610_175521_48753422,3199,car,Node1,46354890,72904.20817989935,73434.7445978328,True,scanned
20260610_175521_48753422,3200,car,Node1,46354890,72905.33960667028,73436.23985871706,True,scanned
20260610_175521_48753422,3201,car,Node5,3611512307,72907.69473689675,73482.22219240772,True,scanned
20260610_175521_48753422,3202,shuttle,Bus_start,46477307,72907.88176494977,76173.27670074608,True,scanned
20260610_175521_48753422,3203,car,Node5,3611512307,72909.58143322472,73515.40572913467,True,scanned
20260610_175521_48753422,3204,car,Node1,46354890,72910.09049126838,73445.40684521143,True,scanned
20260610_175521_48753422,3205,car,Node1,46354890,72911.32965929831,73445.40684521143,True,scanned
20260610_175521_48753422,3206,car,Node5,3611512307,72911.73039485725,73515.40572913467,True,scanned
20260610_175521_48753422,3207,shuttle,Bus_start,46477307,72912.80880469875,76174.51215124103,True,scanned
20260610_175521_48753422,3208,car,Node1,46354890,72920.22241985527,73447.7445978328,True,scanned
20260610_175521_48753422,3209,shuttle,Bus_start,46477307,72921.35515846289,76174.51215124103,True,scanned
20260610_175521_48753422,3210,car,Node1,46354890,72921.84378459022,73447.7445978328,True,scanned
20260610_175521_48753422,3211,car,Node1,46354890,72927.9258977385,73449.23985871706,True,scanned
20260610_175521_48753422,3212,car,Node1,46354890,72928.87383241074,73458.16087549446,True,scanned
20260610_175521_48753422,3213,car,Node1,46354890,72930.30132888834,73458.40684521143,True,scanned
20260610_175521_48753422,3214,car,Node1,46354890,72931.25825090082,73458.40684521143,True,scanned
20260610_175521_48753422,3215,shuttle,Bus_start,46477307,72931.6980130684,76184.27670074608,True,scanned
20260610_175521_48753422,3216,car,Node1,46354890,72933.588215747,73460.7445978328,True,scanned
20260610_175521_48753422,3217,car,Node1,46354890,72933.98148605356,73469.22219240772,True,scanned
20260610_175521_48753422,3218,car,Node1,46354890,72940.90010876607,73471.16087549446,True,scanned
20260610_175521_48753422,3219,car,Node1,46354890,72944.69141359397,73471.40684521143,True,scanned
20260610_175521_48753422,3220,car,Node5,3611512307,72947.86497990922,73515.40572913467,True,scanned
20260610_175521_48753422,3221,car,Node5,3611512307,72948.87422285238,73528.40572913467,True,scanned
20260610_175521_48753422,3222,car,Node1,46354890,72948.97924907037,73473.7445978328,True,scanned
20260610_175521_48753422,3223,car,Node1,46354890,72949.12634363542,73473.7445978328,True,scanned
20260610_175521_48753422,3224,shuttle,Bus_start,46477307,72954.45967819855,76186.27670074608,True,scanned
20260610_175521_48753422,3225,car,Node1,46354890,72963.65498714226,73484.16087549446,True,scanned
20260610_175521_48753422,3226,car,Node5,3611512307,72969.49763246815,73544.19122757185,True,scanned
20260610_175521_48753422,3227,car,Node1,46354890,72970.47824554838,73494.04528753545,True,scanned
20260610_175521_48753422,3228,shuttle,Bus_start,46477307,72972.00650402792,76187.51215124103,True,scanned
20260610_175521_48753422,3229,car,Node1,46354890,72977.30428069025,73494.04528753545,True,scanned
20260610_175521_48753422,3230,car,Node5,3611512307,72979.10727855834,73628.68809513445,True,scanned
20260610_175521_48753422,3231,car,Node1,46354890,72985.38359290553,73516.30102560167,True,scanned
20260610_175521_48753422,3232,shuttle,Bus_start,46477307,72988.5173753442,76187.51215124103,True,scanned
20260610_175521_48753422,3233,shuttle,Bus_start,46477307,72990.05401704944,76189.27670074608,True,scanned
20260610_175521_48753422,3234,shuttle,Bus_start,46477307,72993.78152375178,76191.27670074608,True,scanned
20260610_175521_48753422,3235,shuttle,Bus_start,46477307,72995.96571237053,76193.27670074608,True,scanned
20260610_175521_48753422,3236,shuttle,Bus_start,46477307,72998.06024773799,76195.27670074608,True,scanned
20260610_175521_48753422,3237,car,Node1,46354890,73001.59878958287,73516.30102560167,True,scanned
20260610_175521_48753422,3238,car,Node1,46354890,73002.55907892234,73520.65043276908,True,scanned
20260610_175521_48753422,3239,car,Node1,46354890,73002.61448949965,73520.65043276908,True,scanned
20260610_175521_48753422,3240,car,Node1,46354890,73003.54403701484,73520.65043276908,True,scanned
20260610_175521_48753422,3241,shuttle,Bus_start,46477307,73011.52239309717,76197.27670074608,True,scanned
20260610_175521_48753422,3242,shuttle,Bus_start,46477307,73012.94552502107,76199.27670074608,True,scanned
20260610_175521_48753422,3243,car,Node1,46354890,73012.97386795588,73531.48348427408,True,scanned
20260610_175521_48753422,3244,shuttle,Bus_start,46477307,73014.99162416888,76200.51215124103,True,scanned
20260610_175521_48753422,3245,car,Node1,46354890,73015.1382420381,73531.48348427408,True,scanned
20260610_175521_48753422,3246,shuttle,Bus_start,46477307,73027.26498195053,76200.51215124103,True,scanned
20260610_175521_48753422,3247,shuttle,Bus_start,46477307,73033.56493299665,76207.42146897635,True,scanned
20260610_175521_48753422,3248,car,Node1,46354890,73039.38061798143,73558.6418771494,True,scanned
20260610_175521_48753422,3249,shuttle,Bus_start,46477307,73039.51284296303,76209.42146897635,True,scanned
20260610_175521_48753422,3250,shuttle,Bus_start,46477307,73040.91822956702,76212.27670074608,True,scanned
20260610_175521_48753422,3251,car,Node5,3611512307,73044.47838319698,73628.68809513445,True,scanned
20260610_175521_48753422,3252,car,Node1,46354890,73047.42524390915,73558.6418771494,True,scanned
20260610_175521_48753422,3253,car,Node4,46493064,73051.45233027257,73654.37528784605,True,scanned
20260610_175521_48753422,3254,shuttle,Bus_start,46477307,73051.92898453075,76213.51215124103,True,scanned
20260610_175521_48753422,3255,car,Node1,46354890,73053.61844522414,73617.16738195956,True,scanned
20260610_175521_48753422,3256,shuttle,Bus_start,46477307,73064.88556075709,76215.42146897635,True,scanned
20260610_175521_48753422,3257,shuttle,Bus_start,46477307,73067.05835879694,76217.42146897635,True,scanned
20260610_175521_48753422,3258,car,Node5,3611512307,73067.26201550837,73628.68809513445,True,scanned
20260610_175521_48753422,3259,shuttle,Bus_start,46477307,73071.48568621241,76223.27670074608,True,scanned
20260610_175521_48753422,3260,shuttle,Bus_start,46477307,73076.09036172001,76225.27670074608,True,scanned
20260610_175521_48753422,3261,shuttle,Bus_start,46477307,73077.88957197333,76226.51215124103,True,scanned
20260610_175521_48753422,3262,car,Node4,46493064,73081.18075674087,73754.40252276768,True,scanned
20260610_175521_48753422,3263,shuttle,Bus_start,46477307,73085.07590295115,76228.42146897635,True,scanned
20260610_175521_48753422,3264,car,Node5,3611512307,73093.6129624855,73662.04548095756,True,scanned
20260610_175521_48753422,3265,car,Node5,3611512307,73096.27333705408,73662.04548095756,True,scanned
20260610_175521_48753422,3266,shuttle,Bus_start,46477307,73096.58663001779,76229.80233455155,True,scanned
20260610_175521_48753422,3267,car,Node2,46336597,73102.19091403314,73754.09416520785,True,scanned
20260610_175521_48753422,3268,shuttle,Bus_start,46477307,73103.47543811225,76230.42146897635,True,scanned
20260610_175521_48753422,3269,car,Node5,3611512307,73110.52162345168,73726.60377237442,True,scanned
20260610_175521_48753422,3270,car,Node1,46354890,73112.92661171296,73617.16738195956,True,scanned
20260610_175521_48753422,3271,shuttle,Bus_start,46477307,73117.015643081,76233.42146897635,True,scanned
20260610_175521_48753422,3272,shuttle,Bus_start,46477307,73121.55519708234,76235.42146897635,True,scanned
20260610_175521_48753422,3273,car,Node1,46354890,73124.90489145534,73637.61227508057,True,scanned
20260610_175521_48753422,3274,car,Node1,46354890,73134.05902662508,73637.61227508057,True,scanned
20260610_175521_48753422,3275,car,Node1,46354890,73134.10259109535,73637.61227508057,True,scanned
20260610_175521_48753422,3276,shuttle,Bus_start,46477307,73141.51505756401,76236.27670074608,True,scanned
20260610_175521_48753422,3277,car,Node4,46493064,73145.89478200738,73754.40252276768,True,scanned
20260610_175521_48753422,3278,shuttle,Bus_start,46477307,73148.14902682541,76241.42146897635,True,scanned
20260610_175521_48753422,3279,car,Node1,46354890,73148.92755464363,73653.64482271532,True,scanned
20260610_175521_48753422,3280,car,Node1,46354890,73149.6810844809,73653.64482271532,True,scanned
20260610_175521_48753422,3281,shuttle,Bus_start,46477307,73154.59218287891,76242.80233455155,True,scanned
20260610_175521_48753422,3282,car,Node1,46354890,73160.8735792268,73667.33990671931,True,scanned
20260610_175521_48753422,3283,car,Node1,46354890,73161.756289416,73667.33990671931,True,scanned
20260610_175521_48753422,3284,car,Node1,46354890,73162.3705340686,73667.33990671931,True,scanned
20260610_175521_48753422,3285,car,Node5,3611512307,73163.24211036258,73726.60377237442,True,scanned
20260610_175521_48753422,3286,car,Node1,46354890,73172.55392430714,73678.81114348817,True,scanned
20260610_175521_48753422,3287,car,Node5,3611512307,73174.33575382775,73790.50304642938,True,scanned
20260610_175521_48753422,3288,shuttle,Bus_start,46477307,73174.9190987272,76243.42146897635,True,scanned
20260610_175521_48753422,3289,car,Node4,46493064,73176.78612714427,73939.67421942866,True,scanned
20260610_175521_48753422,3290,shuttle,Bus_start,46477307,73187.5549148675,76246.42146897635,True,scanned
20260610_175521_48753422,3291,shuttle,Bus_start,46477307,73187.9873622334,76248.42146897635,True,scanned
20260610_175521_48753422,3292,car,Node1,46354890,73199.24720632596,73709.76806897877,True,scanned
20260610_175521_48753422,3293,car,Node1,46354890,73201.74913867339,73709.76806897877,True,scanned
20260610_175521_48753422,3294,car,Node1,46354890,73205.25275057726,73709.76806897877,True,scanned
20260610_175521_48753422,3295,shuttle,Bus_start,46477307,73218.66111386777,76249.27670074608,True,scanned
20260610_175521_48753422,3296,car,Node5,3611512307,73220.36079156277,73790.50304642938,True,scanned
20260610_175521_48753422,3297,shuttle,Bus_start,46477307,73223.80568424257,76254.42146897635,True,scanned
20260610_175521_48753422,3298,car,Node5,3611512307,73227.5606686096,73790.50304642938,True,scanned
20260610_175521_48753422,3299,shuttle,Bus_start,46477307,73230.19131611298,76255.80233455155,True,scanned
20260610_175521_48753422,3300,car,Node1,46354890,73230.64486578152,73743.08955070516,True,scanned
20260610_175521_48753422,3301,car,Node1,46354890,73238.57423230365,73743.08955070516,True,scanned
20260610_175521_48753422,3302,car,Node5,3611512307,73241.82175807391,73810.59313290802,True,scanned
20260610_175521_48753422,3303,car,Node1,46354890,73242.49486075071,73750.43401398032,True,scanned
20260610_175521_48753422,3304,car,Node5,3611512307,73245.84825395202,73844.67421942866,True,scanned
20260610_175521_48753422,3305,shuttle,Bus_start,46477307,73246.7960977357,76256.42146897635,True,scanned
20260610_175521_48753422,3306,shuttle,Bus_start,46477307,73246.8364431141,76259.42146897635,True,scanned
20260610_175521_48753422,3307,shuttle,Bus_start,46477307,73247.21396784682,76261.42146897635,True,scanned
20260610_175521_48753422,3308,shuttle,Bus_start,46477307,73250.56848723744,76262.27670074608,True,scanned
20260610_175521_48753422,3309,car,Node5,3611512307,73262.38129454265,73846.67421942866,True,scanned
20260610_175521_48753422,3310,car,Node4,46493064,73265.42183903775,73941.67421942866,True,scanned
20260610_175521_48753422,3311,car,Node1,46354890,73265.57434271796,73771.6730204976,True,scanned
20260610_175521_48753422,3312,car,Node1,46354890,73267.04634371937,73790.25158997733,True,scanned
20260610_175521_48753422,3313,shuttle,Bus_start,46477307,73267.56389571501,76264.27670074608,True,scanned
20260610_175521_48753422,3314,shuttle,Bus_start,46477307,73270.05049865005,76265.51215124103,True,scanned
20260610_175521_48753422,3315,shuttle,Bus_start,46477307,73274.57116413009,76267.42146897635,True,scanned
20260610_175521_48753422,3316,car,Node1,46354890,73277.1233408686,73790.25158997733,True,scanned
20260610_175521_48753422,3317,car,Node5,3611512307,73278.37734737685,73848.67421942866,True,scanned
20260610_175521_48753422,3318,shuttle,Bus_start,46477307,73282.82180773113,76268.80233455155,True,scanned
20260610_175521_48753422,3319,car,Node1,46354890,73283.9770172385,73790.25158997733,True,scanned
20260610_175521_48753422,3320,car,Node5,3611512307,73285.5365446577,73883.67421942866,True,scanned
20260610_175521_48753422,3321,shuttle,Bus_start,46477307,73293.40795567098,76269.42146897635,True,scanned
20260610_175521_48753422,3322,shuttle,Bus_start,46477307,73297.15481093881,76272.42146897635,True,scanned
20260610_175521_48753422,3323,car,Node5,3611512307,73299.7083325789,73885.67421942866,True,scanned
20260610_175521_48753422,3324,shuttle,Bus_start,46477307,73301.85396906994,76274.42146897635,True,scanned
20260610_175521_48753422,3325,shuttle,Bus_start,46477307,73302.7754186654,76275.42146897635,True,scanned
20260610_175521_48753422,3326,shuttle,Bus_start,46477307,73302.83981090374,76277.42146897635,True,scanned
20260610_175521_48753422,3327,shuttle,Bus_start,46477307,73303.76401806067,76281.80233455155,True,scanned
20260610_175521_48753422,3328,shuttle,Bus_start,46477307,73306.47674857778,76282.42146897635,True,scanned
20260610_175521_48753422,3329,car,Node1,46354890,73308.8825276583,73840.39437521779,True,scanned
20260610_175521_48753422,3330,car,Node2,46336597,73309.49982592485,73933.67421942866,True,scanned
20260610_175521_48753422,3331,shuttle,Bus_start,46477307,73310.57204296107,76285.42146897635,True,scanned
20260610_175521_48753422,3332,car,Node5,3611512307,73315.60977361567,73887.67421942866,True,scanned
20260610_175521_48753422,3333,shuttle,Bus_start,46477307,73321.35703813857,76287.42146897635,True,scanned
20260610_175521_48753422,3334,shuttle,Bus_start,46477307,73332.86886980881,76697.50792300502,True,scanned
20260610_175521_48753422,3335,shuttle,Bus_start,46477307,73333.64048914745,76699.50792300502,True,scanned
20260610_175521_48753422,3336,car,Node1,46354890,73336.15360497119,73840.67421942866,True,scanned
20260610_175521_48753422,3337,car,Node1,46354890,73336.97779036923,73863.67421942866,True,scanned
20260610_175521_48753422,3338,car,Node5,3611512307,73339.6239947918,73920.67421942866,True,scanned
20260610_175521_48753422,3339,car,Node1,46354890,73340.48336503946,73865.67421942866,True,scanned
20260610_175521_48753422,3340,car,Node5,3611512307,73342.00792221971,73922.67421942866,True,scanned
20260610_175521_48753422,3341,car,Node1,46354890,73352.71405251973,73866.39437521779,True,scanned
20260610_175521_48753422,3342,car,Node5,3611512307,73354.61179850169,73924.67421942866,True,scanned
20260610_175521_48753422,3343,car,Node1,46354890,73359.08506598647,73891.67421942866,True,scanned
20260610_175521_48753422,3344,car,Node5,3611512307,73367.03732596486,73957.39437521779,True,scanned
20260610_175521_48753422,3345,shuttle,Bus_start,46477307,73367.65199248718,76701.50792300502,True,scanned
20260610_175521_48753422,3346,shuttle,Bus_start,46477307,73368.0461528933,76703.50792300502,True,scanned
20260610_175521_48753422,3347,car,Node4,46493064,73369.01783354157,74033.11230910048,True,scanned
20260610_175521_48753422,3348,car,Node5,3611512307,73371.15927444411,73957.67421942866,True,scanned
20260610_175521_48753422,3349,shuttle,Bus_start,46477307,73378.54910768219,76705.50792300502,True,scanned
20260610_175521_48753422,3350,car,Node1,46354890,73379.53065794476,73892.39437521779,True,scanned
20260610_175521_48753422,3351,car,Node5,3611512307,73381.88701141505,73959.67421942866,True,scanned
20260610_175521_48753422,3352,car,Node1,46354890,73386.34990153837,73898.67421942866,True,scanned
20260610_175521_48753422,3353,car,Node1,46354890,73389.30111903069,73900.67421942866,True,scanned
20260610_175521_48753422,3354,car,Node1,46354890,73389.73107356712,73902.67421942866,True,scanned
20260610_175521_48753422,3355,car,Node5,3611512307,73395.1318552644,73987.26680178686,True,scanned
20260610_175521_48753422,3356,shuttle,Bus_start,46477307,73401.91784528192,76707.50792300502,True,scanned
20260610_175521_48753422,3357,car,Node1,46354890,73403.20662966925,73969.67421942866,True,scanned
20260610_175521_48753422,3358,shuttle,Bus_start,46477307,73409.13899185118,76709.50792300502,True,scanned
20260610_175521_48753422,3359,car,Node4,46493064,73411.77633429755,74033.11230910048,True,scanned
20260610_175521_48753422,3360,shuttle,Bus_start,46477307,73413.77382202086,76711.50792300502,True,scanned
20260610_175521_48753422,3361,shuttle,Bus_start,46477307,73415.99122871451,76716.50792300502,True,scanned
20260610_175521_48753422,3362,car,Node5,3611512307,73419.90248899796,73987.26680178686,True,scanned
20260610_175521_48753422,3363,car,Node5,3611512307,73423.34726475124,73987.26680178686,True,scanned
20260610_175521_48753422,3364,car,Node4,46493064,73423.44163786885,74033.11230910048,True,scanned
20260610_175521_48753422,3365,shuttle,Bus_start,46477307,73427.08475738294,76718.50792300502,True,scanned
20260610_175521_48753422,3366,shuttle,Bus_start,46477307,73432.76785299799,76720.50792300502,True,scanned
20260610_175521_48753422,3367,car,Node5,3611512307,73438.10134353006,74012.47554052013,True,scanned
20260610_175521_48753422,3368,shuttle,Bus_start,46477307,73443.63841376452,76722.50792300502,True,scanned
20260610_175521_48753422,3369,shuttle,Bus_start,46477307,73446.0697684421,76724.50792300502,True,scanned
20260610_175521_48753422,3370,car,Node5,3611512307,73446.35691640075,74012.47554052013,True,scanned
20260610_175521_48753422,3371,car,Node4,46493064,73446.6975499291,74061.71113920039,True,scanned
20260610_175521_48753422,3372,car,Node1,46354890,73449.20267302556,73970.39437521779,True,scanned
20260610_175521_48753422,3373,car,Node5,3611512307,73452.91157790576,74020.72833658704,True,scanned
20260610_175521_48753422,3374,car,Node1,46354890,73452.96844233896,73970.67421942866,True,scanned
20260610_175521_48753422,3375,car,Node1,46354890,73453.57269860503,73989.20072930118,True,scanned
20260610_175521_48753422,3376,car,Node4,46493064,73456.1370942784,74061.71113920039,True,scanned
20260610_175521_48753422,3377,shuttle,Bus_start,46477307,73465.43230687399,76724.66873559412,True,scanned
20260610_175521_48753422,3378,shuttle,Bus_start,46477307,73467.93811029266,76725.50792300502,True,scanned
20260610_175521_48753422,3379,shuttle,Bus_start,46477307,73469.7330682969,76733.50792300502,True,scanned
20260610_175521_48753422,3380,car,Node1,46354890,73476.75792480812,73989.67421942866,True,scanned
20260610_175521_48753422,3381,shuttle,Bus_start,46477307,73480.007139396,76735.50792300502,True,scanned
20260610_175521_48753422,3382,car,Node1,46354890,73485.69104531597,73991.67421942866,True,scanned
20260610_175521_48753422,3383,car,Node1,46354890,73486.50448056463,73997.22601361568,True,scanned
20260610_175521_48753422,3384,car,Node1,46354890,73490.69876295926,73997.22601361568,True,scanned
20260610_175521_48753422,3385,shuttle,Bus_start,46477307,73495.28014850884,76737.50792300502,True,scanned
20260610_175521_48753422,3386,shuttle,Bus_start,46477307,73496.01863677365,76737.66873559412,True,scanned
20260610_175521_48753422,3387,car,Node5,3611512307,73496.58764310912,74085.76869378735,True,scanned
20260610_175521_48753422,3388,shuttle,Bus_start,46477307,73498.15327202824,76738.50792300502,True,scanned
20260610_175521_48753422,3389,car,Node1,46354890,73502.72805464378,74009.19595866938,True,scanned
20260610_175521_48753422,3390,car,Node1,46354890,73503.0413169034,74009.19595866938,True,scanned
20260610_175521_48753422,3391,car,Node1,46354890,73505.78697748526,74016.57211648977,True,scanned
20260610_175521_48753422,3392,car,Node5,3611512307,73508.63894354577,74085.76869378735,True,scanned
20260610_175521_48753422,3393,shuttle,Bus_start,46477307,73509.18398462862,76740.50792300502,True,scanned
20260610_175521_48753422,3394,shuttle,Bus_start,46477307,73509.21913709142,76742.50792300502,True,scanned
20260610_175521_48753422,3395,car,Node1,46354890,73509.76302369061,74016.57211648977,True,scanned
20260610_175521_48753422,3396,car,Node5,3611512307,73518.80886652453,74085.76869378735,True,scanned
20260610_175521_48753422,3397,car,Node1,46354890,73520.63636611303,74028.38180659193,True,scanned
20260610_175521_48753422,3398,shuttle,Bus_start,46477307,73530.92674210452,76750.50792300502,True,scanned
20260610_175521_48753422,3399,car,Node1,46354890,73531.15948657162,74040.81752903358,True,scanned
20260610_175521_48753422,3400,car,Node5,3611512307,73531.61145312642,74099.3180534349,True,scanned
20260610_175521_48753422,3401,car,Node1,46354890,73532.20979909707,74040.81752903358,True,scanned
20260610_175521_48753422,3402,shuttle,Bus_start,46477307,73537.41225131747,76750.66873559412,True,scanned
20260610_175521_48753422,3403,shuttle,Bus_start,46477307,73542.6902085013,76751.50792300502,True,scanned
20260610_175521_48753422,3404,car,Node1,46354890,73545.76682677655,74054.39659274601,True,scanned
20260610_175521_48753422,3405,car,Node1,46354890,73546.05463421805,74054.39659274601,True,scanned
20260610_175521_48753422,3406,car,Node1,46354890,73547.08046582188,74054.39659274601,True,scanned
20260610_175521_48753422,3407,car,Node5,3611512307,73548.61832374932,74123.5266808256,True,scanned
20260610_175521_48753422,3408,car,Node1,46354890,73549.97782459373,74060.76547760119,True,scanned
20260610_175521_48753422,3409,shuttle,Bus_start,46477307,73551.85001849917,76753.50792300502,True,scanned
20260610_175521_48753422,3410,car,Node5,3611512307,73556.83639842337,74123.5266808256,True,scanned
20260610_175521_48753422,3411,car,Node4,46493064,73557.45023018454,74162.27769799548,True,scanned
20260610_175521_48753422,3412,car,Node1,46354890,73560.13457046081,74083.54076013157,True,scanned
20260610_175521_48753422,3413,car,Node1,46354890,73560.79687007346,74083.54076013157,True,scanned
20260610_175521_48753422,3414,shuttle,Bus_start,46477307,73570.02321252135,76755.50792300502,True,scanned
20260610_175521_48753422,3415,shuttle,Bus_start,46477307,73575.07433585967,76757.50792300502,True,scanned
20260610_175521_48753422,3416,car,Node1,46354890,73575.3402880693,74083.54076013157,True,scanned
20260610_175521_48753422,3417,shuttle,Bus_start,46477307,73576.20159790159,76759.50792300502,True,scanned
20260610_175521_48753422,3418,car,Node1,46354890,73577.79572215106,74099.55962935195,True,scanned
20260610_175521_48753422,3419,shuttle,Bus_start,46477307,73581.23230962806,76761.50792300502,True,scanned
20260610_175521_48753422,3420,shuttle,Bus_start,46477307,73586.59986761147,76763.50792300502,True,scanned
20260610_175521_48753422,3421,shuttle,Bus_start,46477307,73587.68842694497,76763.66873559412,True,scanned
20260610_175521_48753422,3422,car,Node5,3611512307,73588.27324494309,74197.37012313875,True,scanned
20260610_175521_48753422,3423,car,Node1,46354890,73588.50207961896,74099.55962935195,True,scanned
20260610_175521_48753422,3424,car,Node1,46354890,73590.38567106298,74099.55962935195,True,scanned
20260610_175521_48753422,3425,car,Node1,46354890,73592.36797918561,74105.04861964127,True,scanned
20260610_175521_48753422,3426,car,Node1,46354890,73598.03093074124,74112.0941681591,True,scanned
20260610_175521_48753422,3427,car,Node1,46354890,73598.86494895558,74116.74853013702,True,scanned
20260610_175521_48753422,3428,shuttle,Bus_start,46477307,73599.00675905804,76764.50792300502,True,scanned
20260610_175521_48753422,3429,car,Node1,46354890,73599.8479819337,74129.12603897817,True,scanned
20260610_175521_48753422,3430,car,Node1,46354890,73608.11426037144,74129.12603897817,True,scanned
20260610_175521_48753422,3431,car,Node1,46354890,73615.69137018382,74129.12603897817,True,scanned
20260610_175521_48753422,3432,car,Node4,46493064,73619.52318210545,74233.35765909225,True,scanned
20260610_175521_48753422,3433,shuttle,Bus_start,46477307,73621.95770703623,76766.50792300502,True,scanned
20260610_175521_48753422,3434,car,Node1,46354890,73624.97968733638,74145.86883807728,True,scanned
20260610_175521_48753422,3435,car,Node1,46354890,73626.85243134898,74145.86883807728,True,scanned
20260610_175521_48753422,3436,shuttle,Bus_start,46477307,73627.2720534778,76770.50792300502,True,scanned
20260610_175521_48753422,3437,car,Node5,3611512307,73633.45058610314,74197.37012313875,True,scanned
20260610_175521_48753422,3438,shuttle,Bus_start,46477307,73635.1003445347,76772.50792300502,True,scanned
20260610_175521_48753422,3439,car,Node1,46354890,73635.20418131721,74145.86883807728,True,scanned
20260610_175521_48753422,3440,car,Node1,46354890,73636.84320139978,74176.5701246243,True,scanned
20260610_175521_48753422,3441,car,Node5,3611512307,73638.46684883944,74209.06876714347,True,scanned
20260610_175521_48753422,3442,shuttle,Bus_start,46477307,73639.71345759742,76774.50792300502,True,scanned
20260610_175521_48753422,3443,shuttle,Bus_start,46477307,73642.79090152515,76779.50792300502,True,scanned
20260610_175521_48753422,3444,car,Node5,3611512307,73643.37109802202,74209.06876714347,True,scanned
20260610_175521_48753422,3445,car,Node5,3611512307,73644.89972750399,74216.0998369742,True,scanned
20260610_175521_48753422,3446,car,Node5,3611512307,73647.21682712394,74216.0998369742,True,scanned
20260610_175521_48753422,3447,car,Node5,3611512307,73658.27954883409,74228.6603352403,True,scanned
20260610_175521_48753422,3448,car,Node5,3611512307,73659.39485968536,74238.9340312838,True,scanned
20260610_175521_48753422,3449,car,Node1,46354890,73668.9296539948,74176.5701246243,True,scanned
20260610_175521_48753422,3450,car,Node1,46354890,73669.83962944591,74187.62590893391,True,scanned
20260610_175521_48753422,3451,shuttle,Bus_start,46477307,73672.92288643174,76781.50792300502,True,scanned
20260610_175521_48753422,3452,shuttle,Bus_start,46477307,73676.57111490937,76783.50792300502,True,scanned
20260610_175521_48753422,3453,car,Node1,46354890,73678.58261328955,74187.62590893391,True,scanned
20260610_175521_48753422,3454,shuttle,Bus_start,46477307,73678.67077898076,76785.62950434348,True,scanned
20260610_175521_48753422,3455,car,Node1,46354890,73678.80353895765,74187.62590893391,True,scanned
20260610_175521_48753422,3456,car,Node1,46354890,73681.33122857101,74196.03019791067,True,scanned
20260610_175521_48753422,3457,shuttle,Bus_start,46477307,73683.17841450342,76787.62950434348,True,scanned
20260610_175521_48753422,3458,car,Node1,46354890,73685.1190968883,74196.03019791067,True,scanned
20260610_175521_48753422,3459,car,Node5,3611512307,73686.79345915875,74260.74808439636,True,scanned
20260610_175521_48753422,3460,car,Node1,46354890,73687.09664037212,74219.82101986103,True,scanned
20260610_175521_48753422,3461,car,Node1,46354890,73687.3173999882,74219.82101986103,True,scanned
20260610_175521_48753422,3462,shuttle,Bus_start,46477307,73689.96135806211,76789.62950434348,True,scanned
20260610_175521_48753422,3463,shuttle,Bus_start,46477307,73697.41366541806,76791.62950434348,True,scanned
20260610_175521_48753422,3464,shuttle,Bus_start,46477307,73702.48790289622,76793.62950434348,True,scanned
20260610_175521_48753422,3465,shuttle,Bus_start,46477307,73702.53375347094,76795.62950434348,True,scanned
20260610_175521_48753422,3466,shuttle,Bus_start,46477307,73708.85875823836,76797.62950434348,True,scanned
20260610_175521_48753422,3467,car,Node5,3611512307,73710.22809451983,74280.61531801384,True,scanned
20260610_175521_48753422,3468,car,Node1,46354890,73711.9023899415,74219.82101986103,True,scanned
20260610_175521_48753422,3469,car,Node1,46354890,73712.11922549293,74224.21300958005,True,scanned
20260610_175521_48753422,3470,car,Node1,46354890,73712.17217455292,74224.21300958005,True,scanned
20260610_175521_48753422,3471,car,Node1,46354890,73719.6032370632,74255.16670682331,True,scanned
20260610_175521_48753422,3472,shuttle,Bus_start,46477307,73725.4218733873,76799.62950434348,True,scanned
20260610_175521_48753422,3473,shuttle,Bus_start,46477307,73727.08931651173,76801.62950434348,True,scanned
20260610_175521_48753422,3474,shuttle,Bus_start,46477307,73731.73617715981,76803.62950434348,True,scanned
20260610_175521_48753422,3475,car,Node5,3611512307,73740.29889036906,74325.42722980476,True,scanned
20260610_175521_48753422,3476,car,Node5,3611512307,73742.16719138922,74325.42722980476,True,scanned
20260610_175521_48753422,3477,car,Node1,46354890,73743.78940601481,74255.16670682331,True,scanned
20260610_175521_48753422,3478,car,Node1,46354890,73749.3498711864,74255.16670682331,True,scanned
20260610_175521_48753422,3479,shuttle,Bus_start,46477307,73757.1184662013,76806.62950434348,True,scanned
20260610_175521_48753422,3480,shuttle,Bus_start,46477307,73757.40609838226,76808.62950434348,True,scanned
20260610_175521_48753422,3481,shuttle,Bus_start,46477307,73757.46268373718,76810.62950434348,True,scanned
20260610_175521_48753422,3482,car,Node5,3611512307,73760.05279980034,74325.42722980476,True,scanned
20260610_175521_48753422,3483,car,Node1,46354890,73760.39525203347,74267.11582772712,True,scanned
20260610_175521_48753422,3484,shuttle,Bus_start,46477307,73768.44126375265,76816.62950434348,True,scanned
20260610_175521_48753422,3485,car,Node1,46354890,73768.51668724549,74276.93073013725,True,scanned
20260610_175521_48753422,3486,car,Node1,46354890,73768.56640973489,74281.31003891386,True,scanned
20260610_175521_48753422,3487,car,Node1,46354890,73768.90808625432,74302.98274280035,True,scanned
20260610_175521_48753422,3488,shuttle,Bus_start,46477307,73769.6190496202,76817.62950434348,True,scanned
20260610_175521_48753422,3489,car,Node5,3611512307,73771.33624684553,74351.51327566036,True,scanned
20260610_175521_48753422,3490,shuttle,Bus_start,46477307,73773.84925732268,76819.62950434348,True,scanned
20260610_175521_48753422,3491,shuttle,Bus_start,46477307,73776.11431947649,76821.62950434348,True,scanned
20260610_175521_48753422,3492,shuttle,Bus_start,46477307,73780.00038198062,76823.62950434348,True,scanned
20260610_175521_48753422,3493,car,Node1,46354890,73784.95846086626,74302.98274280035,True,scanned
20260610_175521_48753422,3494,car,Node5,3611512307,73786.95363944754,74351.51327566036,True,scanned
20260610_175521_48753422,3495,shuttle,Bus_start,46477307,73788.0940156002,76825.62950434348,True,scanned
20260610_175521_48753422,3496,car,Node1,46354890,73794.78227073808,74302.98274280035,True,scanned
20260610_175521_48753422,3497,car,Node1,46354890,73795.47673278529,74307.16455447533,True,scanned
20260610_175521_48753422,3498,shuttle,Bus_start,46477307,73797.6140101506,76829.62950434348,True,scanned
20260610_175521_48753422,3499,car,Node5,3611512307,73799.60442024335,74373.21514715573,True,scanned
20260610_175521_48753422,3500,car,Node5,3611512307,73808.09297312268,74373.21514715573,True,scanned
20260610_175521_48753422,3501,shuttle,Bus_start,46477307,73811.55174418457,76830.44500121368,True,scanned
20260610_175521_48753422,3502,shuttle,Bus_start,46477307,73811.65189158177,76830.62950434348,True,scanned
20260610_175521_48753422,3503,car,Node1,46354890,73816.52387587143,74324.44250579095,True,scanned
20260610_175521_48753422,3504,shuttle,Bus_start,46477307,73818.90889709839,76832.62950434348,True,scanned
20260610_175521_48753422,3505,car,Node4,46493064,73820.67166461919,74428.35898133929,True,scanned
20260610_175521_48753422,3506,car,Node1,46354890,73822.68779891264,74342.03365934774,True,scanned
20260610_175521_48753422,3507,shuttle,Bus_start,46477307,73830.65496401666,76834.62950434348,True,scanned
20260610_175521_48753422,3508,shuttle,Bus_start,46477307,73833.23693498719,76836.62950434348,True,scanned
20260610_175521_48753422,3509,car,Node1,46354890,73833.6572923263,74342.03365934774,True,scanned
20260610_175521_48753422,3510,shuttle,Bus_start,46477307,73849.07034187269,76838.62950434348,True,scanned
20260610_175521_48753422,3511,shuttle,Bus_start,46477307,73856.1498224959,76840.62950434348,True,scanned
20260610_175521_48753422,3512,car,Node1,46354890,73856.73886254201,74384.98298116135,True,scanned
20260610_175521_48753422,3513,shuttle,Bus_start,46477307,73862.61569068747,76842.62950434348,True,scanned
20260610_175521_48753422,3514,shuttle,Bus_start,46477307,73871.32500601097,76843.44500121368,True,scanned
20260610_175521_48753422,3515,shuttle,Bus_start,46477307,73876.37949242067,76843.62950434348,True,scanned
20260610_175521_48753422,3516,car,Node1,46354890,73877.69959483559,74384.98298116135,True,scanned
20260610_175521_48753422,3517,car,Node1,46354890,73878.67729878407,74384.98298116135,True,scanned
20260610_175521_48753422,3518,shuttle,Bus_start,46477307,73883.1280420214,76849.62950434348,True,scanned
20260610_175521_48753422,3519,car,Node4,46493064,73885.65200458393,74604.50268234381,True,scanned
20260610_175521_48753422,3520,car,Node5,3611512307,73886.04282723535,74458.35898133929,True,scanned
20260610_175521_48753422,3521,car,Node5,3611512307,73887.24947728471,74460.35898133929,True,scanned
20260610_175521_48753422,3522,shuttle,Bus_start,46477307,73887.73899076461,76851.62950434348,True,scanned
20260610_175521_48753422,3523,car,Node5,3611512307,73889.41986078332,74454.35898133929,True,scanned
20260610_175521_48753422,3524,shuttle,Bus_start,46477307,73892.68291851127,76853.62950434348,True,scanned
20260610_175521_48753422,3525,shuttle,Bus_start,46477307,73899.15797018734,76855.62950434348,True,scanned
20260610_175521_48753422,3526,shuttle,Bus_start,46477307,73900.63047694217,76856.44500121368,True,scanned
20260610_175521_48753422,3527,shuttle,Bus_start,46477307,73903.2669063238,76856.62950434348,True,scanned
20260610_175521_48753422,3528,car,Node1,46354890,73904.97923775789,74418.69670640105,True,scanned
20260610_175521_48753422,3529,car,Node1,46354890,73909.52935073647,74418.69670640105,True,scanned
20260610_175521_48753422,3530,shuttle,Bus_start,46477307,73911.66819313802,76862.62950434348,True,scanned
20260610_175521_48753422,3531,car,Node1,46354890,73914.18138799955,74420.35898133929,True,scanned
20260610_175521_48753422,3532,shuttle,Bus_start,46477307,73922.4701737885,76864.62950434348,True,scanned
20260610_175521_48753422,3533,car,Node5,3611512307,73923.53956755737,74490.71022923685,True,scanned
20260610_175521_48753422,3534,shuttle,Bus_start,46477307,73927.18367256763,76866.62950434348,True,scanned
20260610_175521_48753422,3535,shuttle,Bus_start,46477307,73939.43356666602,76869.62950434348,True,scanned
20260610_175521_48753422,3536,shuttle,Bus_start,46477307,73945.56865303224,77275.71595837215,True,scanned
20260610_175521_48753422,3537,car,Node5,3611512307,73945.9122076877,74512.71022923685,True,scanned
20260610_175521_48753422,3538,car,Node5,3611512307,73948.77642928503,74529.71022923685,True,scanned
20260610_175521_48753422,3539,shuttle,Bus_start,46477307,73948.99048890996,77277.71595837215,True,scanned
20260610_175521_48753422,3540,car,Node5,3611512307,73956.36330647513,74531.71022923685,True,scanned
20260610_175521_48753422,3541,shuttle,Bus_start,46477307,73957.81803422571,77279.71595837215,True,scanned
20260610_175521_48753422,3542,shuttle,Bus_start,46477307,73959.81469107252,77281.71595837215,True,scanned
20260610_175521_48753422,3543,shuttle,Bus_start,46477307,73960.47556265038,77283.71595837215,True,scanned
20260610_175521_48753422,3544,car,Node1,46354890,73962.08184133121,74464.35898133929,True,scanned
20260610_175521_48753422,3545,shuttle,Bus_start,46477307,73966.24659740737,77285.71595837215,True,scanned
20260610_175521_48753422,3546,car,Node1,46354890,73970.48722876623,74482.1849955333,True,scanned
20260610_175521_48753422,3547,shuttle,Bus_start,46477307,73974.56504970277,77287.71595837215,True,scanned
20260610_175521_48753422,3548,shuttle,Bus_start,46477307,73977.76925547724,77289.71595837215,True,scanned
20260610_175521_48753422,3549,car,Node1,46354890,73979.48778395375,74482.71022923685,True,scanned
20260610_175521_48753422,3550,car,Node1,46354890,73980.52522851937,74520.71022923685,True,scanned
20260610_175521_48753422,3551,car,Node2,46336597,73981.48426808664,74505.71022923685,True,scanned
20260610_175521_48753422,3552,car,Node1,46354890,73985.37140425021,74521.1849955333,True,scanned
20260610_175521_48753422,3553,car,Node5,3611512307,73993.19990828875,74562.90445434612,True,scanned
20260610_175521_48753422,3554,car,Node5,3611512307,73998.73575051603,74562.90445434612,True,scanned
20260610_175521_48753422,3555,car,Node5,3611512307,73998.9849173105,74562.90445434612,True,scanned
20260610_175521_48753422,3556,car,Node4,46493064,74002.72246225057,74783.52552312797,True,scanned
20260610_175521_48753422,3557,shuttle,Bus_start,46477307,74003.41038554013,77292.71595837215,True,scanned
20260610_175521_48753422,3558,shuttle,Bus_start,46477307,74004.50655862778,77294.71595837215,True,scanned
20260610_175521_48753422,3559,shuttle,Bus_start,46477307,74006.30344845574,77296.71595837215,True,scanned
20260610_175521_48753422,3560,shuttle,Bus_start,46477307,74007.22673013115,77297.71595837215,True,scanned
20260610_175521_48753422,3561,shuttle,Bus_start,46477307,74012.96725036688,77299.71595837215,True,scanned
20260610_175521_48753422,3562,car,Node1,46354890,74013.553236161,74522.71022923685,True,scanned
20260610_175521_48753422,3563,shuttle,Bus_start,46477307,74023.83836463538,77301.71595837215,True,scanned
20260610_175521_48753422,3564,car,Node1,46354890,74025.57326215658,74537.71022923685,True,scanned
20260610_175521_48753422,3565,shuttle,Bus_start,46477307,74026.41994253625,77303.71595837215,True,scanned
20260610_175521_48753422,3566,car,Node1,46354890,74027.15763296669,74542.71022923685,True,scanned
20260610_175521_48753422,3567,car,Node1,46354890,74029.93258199077,74567.81367896785,True,scanned
20260610_175521_48753422,3568,shuttle,Bus_start,46477307,74030.21238178566,77305.71595837215,True,scanned
20260610_175521_48753422,3569,shuttle,Bus_start,46477307,74031.4382456876,77307.71595837215,True,scanned
20260610_175521_48753422,3570,shuttle,Bus_start,46477307,74037.39834682785,77309.71595837215,True,scanned
20260610_175521_48753422,3571,shuttle,Bus_start,46477307,74038.45718385624,77311.71595837215,True,scanned
20260610_175521_48753422,3572,car,Node5,3611512307,74045.0442809939,74611.56328543887,True,scanned
20260610_175521_48753422,3573,shuttle,Bus_start,46477307,74046.26805945611,77313.71595837215,True,scanned
20260610_175521_48753422,3574,shuttle,Bus_start,46477307,74050.31008115254,77315.71595837215,True,scanned
20260610_175521_48753422,3575,shuttle,Bus_start,46477307,74051.27113861748,77317.71595837215,True,scanned
20260610_175521_48753422,3576,shuttle,Bus_start,46477307,74059.7832534141,77319.71595837215,True,scanned
20260610_175521_48753422,3577,car,Node1,46354890,74061.99684333094,74567.81367896785,True,scanned
20260610_175521_48753422,3578,shuttle,Bus_start,46477307,74079.3338744719,77321.71595837215,True,scanned
20260610_175521_48753422,3579,car,Node1,46354890,74084.42246540602,74589.96114175291,True,scanned
20260610_175521_48753422,3580,shuttle,Bus_start,46477307,74086.6317679425,77323.71595837215,True,scanned
20260610_175521_48753422,3581,car,Node1,46354890,74087.05639333959,74622.56809393363,True,scanned
20260610_175521_48753422,3582,shuttle,Bus_start,46477307,74087.10848575662,77325.71595837215,True,scanned
20260610_175521_48753422,3583,shuttle,Bus_start,46477307,74095.12833516988,77327.71595837215,True,scanned
20260610_175521_48753422,3584,shuttle,Bus_start,46477307,74097.68376542127,77329.71595837215,True,scanned
20260610_175521_48753422,3585,car,Node4,46493064,74097.72067856159,74783.52552312797,True,scanned
20260610_175521_48753422,3586,shuttle,Bus_start,46477307,74102.83517946348,77331.71595837215,True,scanned
20260610_175521_48753422,3587,shuttle,Bus_start,46477307,74103.79741386032,77333.71595837215,True,scanned
20260610_175521_48753422,3588,car,Node1,46354890,74104.72435322026,74622.56809393363,True,scanned
20260610_175521_48753422,3589,car,Node5,3611512307,74107.717574463,74670.102077259,True,scanned
20260610_175521_48753422,3590,shuttle,Bus_start,46477307,74110.49904103784,77335.71595837215,True,scanned
20260610_175521_48753422,3591,shuttle,Bus_start,46477307,74112.32877438085,77337.71595837215,True,scanned
20260610_175521_48753422,3592,shuttle,Bus_start,46477307,74114.31551670509,77342.71595837215,True,scanned
20260610_175521_48753422,3593,shuttle,Bus_start,46477307,74117.18199307489,77344.71595837215,True,scanned
20260610_175521_48753422,3594,car,Node1,46354890,74118.05277553212,74622.56809393363,True,scanned
20260610_175521_48753422,3595,shuttle,Bus_start,46477307,74118.15017137051,77350.71595837215,True,scanned
20260610_175521_48753422,3596,shuttle,Bus_start,46477307,74120.25760632096,77351.8036944061,True,scanned
20260610_175521_48753422,3597,car,Node1,46354890,74120.50036649185,74628.43951972146,True,scanned
20260610_175521_48753422,3598,car,Node1,46354890,74123.819772369,74643.3502640376,True,scanned
20260610_175521_48753422,3599,car,Node1,46354890,74132.16412338235,74643.3502640376,True,scanned
20260610_175521_48753422,3600,shuttle,Bus_start,46477307,74136.92407434841,77351.8036944061,True,scanned
20260610_175521_48753422,3601,car,Node1,46354890,74137.3575334415,74643.3502640376,True,scanned
20260610_175521_48753422,3602,shuttle,Bus_start,46477307,74138.26205662939,77355.71595837215,True,scanned
20260610_175521_48753422,3603,car,Node1,46354890,74145.20527896668,74665.48428006769,True,scanned
20260610_175521_48753422,3604,car,Node1,46354890,74155.81566439086,74665.48428006769,True,scanned
20260610_175521_48753422,3605,car,Node1,46354890,74160.69080237615,74665.48428006769,True,scanned
20260610_175521_48753422,3606,shuttle,Bus_start,46477307,74163.44972007548,77357.71595837215,True,scanned
20260610_175521_48753422,3607,car,Node1,46354890,74166.83183585203,74726.21585262126,True,scanned
20260610_175521_48753422,3608,car,Node5,3611512307,74171.05443120374,74732.48051082982,True,scanned
20260610_175521_48753422,3609,shuttle,Bus_start,46477307,74173.21773882354,77359.71595837215,True,scanned
20260610_175521_48753422,3610,car,Node5,3611512307,74177.75797342657,74742.8525861436,True,scanned
20260610_175521_48753422,3611,shuttle,Bus_start,46477307,74179.73196526476,77363.83753971061,True,scanned
20260610_175521_48753422,3612,car,Node1,46354890,74182.26316888677,74726.21585262126,True,scanned
20260610_175521_48753422,3613,shuttle,Bus_start,46477307,74186.58975849932,77365.83753971061,True,scanned
20260610_175521_48753422,3614,car,Node5,3611512307,74190.40502648719,74790.41389733356,True,scanned
20260610_175521_48753422,3615,shuttle,Bus_start,46477307,74194.55313501091,77367.83753971061,True,scanned
20260610_175521_48753422,3616,car,Node5,3611512307,74201.94984687647,74790.41389733356,True,scanned
20260610_175521_48753422,3617,shuttle,Bus_start,46477307,74204.16451273163,77372.71595837215,True,scanned
20260610_175521_48753422,3618,car,Node1,46354890,74222.98071679095,74726.21585262126,True,scanned
20260610_175521_48753422,3619,car,Node5,3611512307,74224.89134297492,74790.41389733356,True,scanned
20260610_175521_48753422,3620,car,Node1,46354890,74228.33509761529,74738.25037093565,True,scanned
20260610_175521_48753422,3621,car,Node1,46354890,74232.1793994646,74738.25037093565,True,scanned
20260610_175521_48753422,3622,shuttle,Bus_start,46477307,74232.52662967463,77374.71595837215,True,scanned
20260610_175521_48753422,3623,car,Node5,3611512307,74241.41063391058,74825.27611085215,True,scanned
20260610_175521_48753422,3624,car,Node1,46354890,74242.37405044363,74755.53131448226,True,scanned
20260610_175521_48753422,3625,car,Node1,46354890,74246.48843515081,74755.53131448226,True,scanned
20260610_175521_48753422,3626,shuttle,Bus_start,46477307,74248.07403949146,77376.83753971061,True,scanned
20260610_175521_48753422,3627,car,Node2,46336597,74249.75521737787,74866.75965029512,True,scanned
20260610_175521_48753422,3628,car,Node2,46336597,74250.04823088566,74866.75965029512,True,scanned
20260610_175521_48753422,3629,shuttle,Bus_start,46477307,74251.0274344272,77377.8036944061,True,scanned
20260610_175521_48753422,3630,shuttle,Bus_start,46477307,74251.52522787989,77378.83753971061,True,scanned
20260610_175521_48753422,3631,car,Node1,46354890,74251.74347120701,74755.53131448226,True,scanned
20260610_175521_48753422,3632,car,Node5,3611512307,74259.61335068455,74825.27611085215,True,scanned
20260610_175521_48753422,3633,car,Node1,46354890,74259.64989197806,74771.71019385703,True,scanned
20260610_175521_48753422,3634,car,Node1,46354890,74260.15185457116,74771.71019385703,True,scanned
20260610_175521_48753422,3635,shuttle,Bus_start,46477307,74260.55786439644,77380.83753971061,True,scanned
20260610_175521_48753422,3636,car,Node1,46354890,74267.7464556226,74771.71019385703,True,scanned
20260610_175521_48753422,3637,shuttle,Bus_start,46477307,74268.86636217812,77382.61968720004,True,scanned
20260610_175521_48753422,3638,car,Node5,3611512307,74269.27830894802,74836.54408643865,True,scanned
20260610_175521_48753422,3639,shuttle,Bus_start,46477307,74274.88331152458,77383.83753971061,True,scanned
20260610_175521_48753422,3640,shuttle,Bus_start,46477307,74279.91587550365,77387.71595837215,True,scanned
20260610_175521_48753422,3641,shuttle,Bus_start,46477307,74286.82149871616,77389.83753971061,True,scanned
20260610_175521_48753422,3642,shuttle,Bus_start,46477307,74289.04774182591,77390.8036944061,True,scanned
20260610_175521_48753422,3643,car,Node4,46493064,74289.21081601814,74931.11594478597,True,scanned
20260610_175521_48753422,3644,car,Node5,3611512307,74290.60788461848,74857.52906081185,True,scanned
20260610_175521_48753422,3645,car,Node5,3611512307,74290.66190003039,74857.52906081185,True,scanned
20260610_175521_48753422,3646,car,Node1,46354890,74303.43545478999,74811.34305304002,True,scanned
20260610_175521_48753422,3647,shuttle,Bus_start,46477307,74307.51818921158,77391.83753971061,True,scanned
20260610_175521_48753422,3648,car,Node1,46354890,74307.8333690548,74811.34305304002,True,scanned
20260610_175521_48753422,3649,shuttle,Bus_start,46477307,74308.36736138286,77393.83753971061,True,scanned
20260610_175521_48753422,3650,shuttle,Bus_start,46477307,74310.27604737206,77395.83753971061,True,scanned
20260610_175521_48753422,3651,shuttle,Bus_start,46477307,74313.98593463015,77397.83753971061,True,scanned
20260610_175521_48753422,3652,car,Node5,3611512307,74314.18538021845,74886.7142148026,True,scanned
20260610_175521_48753422,3653,car,Node5,3611512307,74321.62311291785,74886.7142148026,True,scanned
20260610_175521_48753422,3654,shuttle,Bus_start,46477307,74321.84669826886,77399.83753971061,True,scanned
20260610_175521_48753422,3655,car,Node4,46493064,74327.28492706135,74931.11594478597,True,scanned
20260610_175521_48753422,3656,shuttle,Bus_start,46477307,74327.39735435354,77401.83753971061,True,scanned
20260610_175521_48753422,3657,car,Node1,46354890,74331.33954801944,74840.69863896992,True,scanned
20260610_175521_48753422,3658,shuttle,Bus_start,46477307,74333.5543188527,77403.83753971061,True,scanned
20260610_175521_48753422,3659,shuttle,Bus_start,46477307,74335.88616692643,77405.83753971061,True,scanned
20260610_175521_48753422,3660,car,Node1,46354890,74336.18332056841,74840.69863896992,True,scanned
20260610_175521_48753422,3661,shuttle,Bus_start,46477307,74340.54997097855,77407.83753971061,True,scanned
20260610_175521_48753422,3662,car,Node1,46354890,74341.61976110478,74852.43528651154,True,scanned
20260610_175521_48753422,3663,car,Node1,46354890,74346.45990947324,74852.43528651154,True,scanned
20260610_175521_48753422,3664,car,Node5,3611512307,74347.83125611718,74976.66481846261,True,scanned
20260610_175521_48753422,3665,car,Node1,46354890,74355.21498191725,74891.1258999629,True,scanned
20260610_175521_48753422,3666,shuttle,Bus_start,46477307,74355.44711430473,77409.83753971061,True,scanned
20260610_175521_48753422,3667,shuttle,Bus_start,46477307,74357.27989667263,77411.83753971061,True,scanned
20260610_175521_48753422,3668,shuttle,Bus_start,46477307,74369.95431364037,77413.83753971061,True,scanned
20260610_175521_48753422,3669,car,Node1,46354890,74370.43026730756,74891.1258999629,True,scanned
20260610_175521_48753422,3670,shuttle,Bus_start,46477307,74371.6840477444,77415.83753971061,True,scanned
20260610_175521_48753422,3671,shuttle,Bus_start,46477307,74386.7003468502,77417.83753971061,True,scanned
20260610_175521_48753422,3672,car,Node1,46354890,74387.33805668766,74891.1258999629,True,scanned
20260610_175521_48753422,3673,car,Node1,46354890,74388.25150414475,74895.16729942898,True,scanned
20260610_175521_48753422,3674,car,Node1,46354890,74391.95792953849,74936.05712494701,True,scanned
20260610_175521_48753422,3675,shuttle,Bus_start,46477307,74392.49064552356,77419.83753971061,True,scanned
20260610_175521_48753422,3676,shuttle,Bus_start,46477307,74393.25699819688,77421.83753971061,True,scanned
20260610_175521_48753422,3677,shuttle,Bus_start,46477307,74394.12323799724,77423.83753971061,True,scanned
20260610_175521_48753422,3678,car,Node5,3611512307,74398.06060311724,74976.66481846261,True,scanned
20260610_175521_48753422,3679,shuttle,Bus_start,46477307,74407.05129612054,77425.83753971061,True,scanned
20260610_175521_48753422,3680,shuttle,Bus_start,46477307,74410.59720555293,77427.83753971061,True,scanned
20260610_175521_48753422,3681,shuttle,Bus_start,46477307,74413.16029638247,77429.83753971061,True,scanned
20260610_175521_48753422,3682,car,Node5,3611512307,74414.2803156666,74978.04374324992,True,scanned
20260610_175521_48753422,3683,car,Node1,46354890,74415.48850335859,74936.05712494701,True,scanned
20260610_175521_48753422,3684,car,Node2,46336597,74423.36112507568,74952.27523315792,True,scanned
20260610_175521_48753422,3685,shuttle,Bus_start,46477307,74427.81104092603,77431.83753971061,True,scanned
20260610_175521_48753422,3686,car,Node1,46354890,74431.5418065455,74936.05712494701,True,scanned
20260610_175521_48753422,3687,car,Node1,46354890,74439.90761956536,74947.0019489818,True,scanned
20260610_175521_48753422,3688,car,Node1,46354890,74440.33061492513,74963.47359578584,True,scanned
20260610_175521_48753422,3689,car,Node1,46354890,74447.00270721423,74963.47359578584,True,scanned
20260610_175521_48753422,3690,car,Node1,46354890,74454.97219974644,74963.47359578584,True,scanned
20260610_175521_48753422,3691,car,Node2,46336597,74455.71762819326,75138.39499114748,True,scanned
20260610_175521_48753422,3692,shuttle,Bus_start,46477307,74456.20097536872,77433.83753971061,True,scanned
20260610_175521_48753422,3693,car,Node5,3611512307,74460.87332801329,75056.52812225062,True,scanned
20260610_175521_48753422,3694,shuttle,Bus_start,46477307,74464.0378732082,77435.83753971061,True,scanned
20260610_175521_48753422,3695,shuttle,Bus_start,46477307,74468.73288094511,77437.83753971061,True,scanned
20260610_175521_48753422,3696,car,Node1,46354890,74469.82391236852,75002.04374324992,True,scanned
20260610_175521_48753422,3697,car,Node5,3611512307,74482.83110981507,75056.52812225062,True,scanned
20260610_175521_48753422,3698,shuttle,Bus_start,46477307,74485.25953205331,77439.83753971061,True,scanned
20260610_175521_48753422,3699,car,Node1,46354890,74486.18320566957,75002.47359578584,True,scanned
20260610_175521_48753422,3700,shuttle,Bus_start,46477307,74487.48144818407,77444.83753971061,True,scanned
20260610_175521_48753422,3701,shuttle,Bus_start,46477307,74488.63131761483,77853.92399373928,True,scanned
20260610_175521_48753422,3702,car,Node1,46354890,74493.36651422217,75002.66481846261,True,scanned
20260610_175521_48753422,3703,car,Node5,3611512307,74495.10204262454,75056.52812225062,True,scanned
20260610_175521_48753422,3704,car,Node5,3611512307,74495.85751934766,75066.39499114748,True,scanned
20260610_175521_48753422,3705,shuttle,Bus_start,46477307,74499.44853904232,77855.92399373928,True,scanned
20260610_175521_48753422,3706,shuttle,Bus_start,46477307,74503.66622842487,77857.92399373928,True,scanned
20260610_175521_48753422,3707,shuttle,Bus_start,46477307,74509.48842049681,77859.92399373928,True,scanned
20260610_175521_48753422,3708,car,Node4,46493064,74513.23347331358,75140.39499114748,True,scanned
20260610_175521_48753422,3709,shuttle,Bus_start,46477307,74513.25552760775,77861.92399373928,True,scanned
20260610_175521_48753422,3710,shuttle,Bus_start,46477307,74519.15977406182,77863.92399373928,True,scanned
20260610_175521_48753422,3711,shuttle,Bus_start,46477307,74524.5260590734,77865.92399373928,True,scanned
20260610_175521_48753422,3712,car,Node5,3611512307,74527.37634352567,75120.39499114748,True,scanned
20260610_175521_48753422,3713,car,Node1,46354890,74527.50561922265,75032.02093762415,True,scanned
20260610_175521_48753422,3714,car,Node4,46493064,74534.48287987025,75142.39499114748,True,scanned
20260610_175521_48753422,3715,shuttle,Bus_start,46477307,74546.24929883635,77867.92399373928,True,scanned
20260610_175521_48753422,3716,shuttle,Bus_start,46477307,74548.64740124636,77869.92399373928,True,scanned
20260610_175521_48753422,3717,car,Node5,3611512307,74549.59282820488,75121.52812225062,True,scanned
20260610_175521_48753422,3718,car,Node1,46354890,74553.91374438517,75081.39499114748,True,scanned
20260610_175521_48753422,3719,shuttle,Bus_start,46477307,74557.32073627807,77871.92399373928,True,scanned
20260610_175521_48753422,3720,shuttle,Bus_start,46477307,74557.72232993985,77873.92399373928,True,scanned
20260610_175521_48753422,3721,shuttle,Bus_start,46477307,74558.33847090333,77875.92399373928,True,scanned
20260610_175521_48753422,3722,shuttle,Bus_start,46477307,74564.71524987245,77877.92399373928,True,scanned
20260610_175521_48753422,3723,car,Node5,3611512307,74565.10036176386,75169.77888012047,True,scanned
20260610_175521_48753422,3724,car,Node5,3611512307,74571.17573565977,75169.77888012047,True,scanned
20260610_175521_48753422,3725,car,Node1,46354890,74576.43685214012,75082.52812225062,True,scanned
20260610_175521_48753422,3726,car,Node1,46354890,74588.083404836,75101.39499114748,True,scanned
20260610_175521_48753422,3727,car,Node1,46354890,74590.13359014776,75103.39499114748,True,scanned
20260610_175521_48753422,3728,car,Node1,46354890,74598.43946864505,75105.39499114748,True,scanned
20260610_175521_48753422,3729,car,Node1,46354890,74598.48990859518,75108.52812225062,True,scanned
20260610_175521_48753422,3730,car,Node1,46354890,74598.52976096973,75116.39499114748,True,scanned
20260610_175521_48753422,3731,shuttle,Bus_start,46477307,74605.93368328808,77879.92399373928,True,scanned
20260610_175521_48753422,3732,car,Node5,3611512307,74606.83650230069,75169.77888012047,True,scanned
20260610_175521_48753422,3733,car,Node5,3611512307,74608.24245366985,75176.1608852411,True,scanned
20260610_175521_48753422,3734,car,Node1,46354890,74610.05332456864,75129.39499114748,True,scanned
20260610_175521_48753422,3735,car,Node1,46354890,74612.5356033378,75133.39499114748,True,scanned
20260610_175521_48753422,3736,shuttle,Bus_start,46477307,74613.29224987872,77881.92399373928,True,scanned
20260610_175521_48753422,3737,car,Node1,46354890,74627.19790030764,75149.5624661286,True,scanned
20260610_175521_48753422,3738,shuttle,Bus_start,46477307,74629.49136310877,77883.92399373928,True,scanned
20260610_175521_48753422,3739,car,Node1,46354890,74635.1435730242,75149.5624661286,True,scanned
20260610_175521_48753422,3740,car,Node1,46354890,74640.31772932301,75149.5624661286,True,scanned
20260610_175521_48753422,3741,car,Node4,46493064,74645.35867077408,75320.48857320074,True,scanned
20260610_175521_48753422,3742,shuttle,Bus_start,46477307,74645.96807676356,77885.92399373928,True,scanned
20260610_175521_48753422,3743,shuttle,Bus_start,46477307,74646.60061790698,77887.92399373928,True,scanned
20260610_175521_48753422,3744,shuttle,Bus_start,46477307,74647.91304477773,77889.92399373928,True,scanned
20260610_175521_48753422,3745,car,Node5,3611512307,74652.26258442765,75232.28961168873,True,scanned
20260610_175521_48753422,3746,car,Node4,46493064,74652.81233909981,75320.48857320074,True,scanned
20260610_175521_48753422,3747,car,Node1,46354890,74654.11140385395,75198.22542525285,True,scanned
20260610_175521_48753422,3748,car,Node5,3611512307,74664.05902417238,75232.28961168873,True,scanned
20260610_175521_48753422,3749,car,Node5,3611512307,74668.92794967689,75232.28961168873,True,scanned
20260610_175521_48753422,3750,shuttle,Bus_start,46477307,74683.04695620063,77891.92399373928,True,scanned
20260610_175521_48753422,3751,car,Node1,46354890,74686.092483272,75198.22542525285,True,scanned
20260610_175521_48753422,3752,car,Node5,3611512307,74687.006429638,75278.5251957462,True,scanned
20260610_175521_48753422,3753,shuttle,Bus_start,46477307,74691.07718838697,77896.92399373928,True,scanned
20260610_175521_48753422,3754,car,Node1,46354890,74691.91974287557,75198.22542525285,True,scanned
20260610_175521_48753422,3755,car,Node5,3611512307,74694.57839876723,75278.5251957462,True,scanned
20260610_175521_48753422,3756,car,Node1,46354890,74700.67360699168,75209.86973069073,True,scanned
20260610_175521_48753422,3757,car,Node1,46354890,74702.83693795238,75221.62506574515,True,scanned
20260610_175521_48753422,3758,car,Node1,46354890,74712.52453647886,75221.62506574515,True,scanned
20260610_175521_48753422,3759,car,Node5,3611512307,74717.09911612012,75278.5251957462,True,scanned
20260610_175521_48753422,3760,car,Node1,46354890,74731.47942001821,75264.12324132,True,scanned
20260610_175521_48753422,3761,shuttle,Bus_start,46477307,74740.38408260954,77898.92399373928,True,scanned
20260610_175521_48753422,3762,shuttle,Bus_start,46477307,74743.66900143203,77900.92399373928,True,scanned
20260610_175521_48753422,3763,car,Node5,3611512307,74743.96361519185,75307.54609218883,True,scanned
20260610_175521_48753422,3764,car,Node1,46354890,74749.24246619115,75264.12324132,True,scanned
20260610_175521_48753422,3765,car,Node4,46493064,74753.53328866357,75441.58919250056,True,scanned
20260610_175521_48753422,3766,shuttle,Bus_start,46477307,74754.48529110168,77902.92399373928,True,scanned
20260610_175521_48753422,3767,shuttle,Bus_start,46477307,74755.11283060213,77904.92399373928,True,scanned
20260610_175521_48753422,3768,car,Node5,3611512307,74758.76406661037,75327.81333635787,True,scanned
20260610_175521_48753422,3769,car,Node5,3611512307,74758.89534895867,75327.81333635787,True,scanned
20260610_175521_48753422,3770,car,Node4,46493064,74760.54583313655,75441.58919250056,True,scanned
20260610_175521_48753422,3771,car,Node1,46354890,74761.87647285454,75264.12324132,True,scanned
20260610_175521_48753422,3772,car,Node1,46354890,74768.12877973632,75273.37223668642,True,scanned
20260610_175521_48753422,3773,car,Node5,3611512307,74768.36576183455,75338.56787946764,True,scanned
20260610_175521_48753422,3774,car,Node5,3611512307,74768.74158234318,75342.90081143637,True,scanned
20260610_175521_48753422,3775,shuttle,Bus_start,46477307,74769.30589463316,77905.92399373928,True,scanned
20260610_175521_48753422,3776,car,Node1,46354890,74772.59190360224,75298.43831215295,True,scanned
20260610_175521_48753422,3777,shuttle,Bus_start,46477307,74773.43846311343,77907.15706806882,True,scanned
20260610_175521_48753422,3778,shuttle,Bus_start,46477307,74776.34292902834,77911.92399373928,True,scanned
20260610_175521_48753422,3779,shuttle,Bus_start,46477307,74776.38390930426,77913.92399373928,True,scanned
20260610_175521_48753422,3780,car,Node1,46354890,74782.82551894871,75298.43831215295,True,scanned
20260610_175521_48753422,3781,shuttle,Bus_start,46477307,74785.02660024552,77915.92399373928,True,scanned
20260610_175521_48753422,3782,car,Node1,46354890,74793.64483446142,75298.43831215295,True,scanned
20260610_175521_48753422,3783,shuttle,Bus_start,46477307,74796.07761497164,77917.92399373928,True,scanned
20260610_175521_48753422,3784,car,Node5,3611512307,74797.55310340381,75407.46151579509,True,scanned
20260610_175521_48753422,3785,shuttle,Bus_start,46477307,74798.32273798248,77918.92399373928,True,scanned
20260610_175521_48753422,3786,shuttle,Bus_start,46477307,74814.90971096083,77920.15706806882,True,scanned
20260610_175521_48753422,3787,shuttle,Bus_start,46477307,74815.62268709151,77920.92399373928,True,scanned
20260610_175521_48753422,3788,car,Node1,46354890,74825.90203509778,75357.46778324805,True,scanned
20260610_175521_48753422,3789,car,Node2,46336597,74825.92609523423,75494.05854938504,True,scanned
20260610_175521_48753422,3790,shuttle,Bus_start,46477307,74833.40470481527,77922.92399373928,True,scanned
20260610_175521_48753422,3791,shuttle,Bus_start,46477307,74835.31151789242,77924.92399373928,True,scanned
20260610_175521_48753422,3792,car,Node4,46493064,74838.7384809016,75441.58919250056,True,scanned
20260610_175521_48753422,3793,car,Node5,3611512307,74842.09035343752,75407.46151579509,True,scanned
20260610_175521_48753422,3794,car,Node1,46354890,74855.22101478258,75357.46778324805,True,scanned
20260610_175521_48753422,3795,car,Node1,46354890,74863.38591176356,75390.20879485492,True,scanned
20260610_175521_48753422,3796,shuttle,Bus_start,46477307,74867.433013841,77926.92399373928,True,scanned
20260610_175521_48753422,3797,shuttle,Bus_start,46477307,74876.9279866319,77928.92399373928,True,scanned
20260610_175521_48753422,3798,shuttle,Bus_start,46477307,74888.48500665803,77930.92399373928,True,scanned
20260610_175521_48753422,3799,car,Node1,46354890,74888.65901948328,75390.20879485492,True,scanned
20260610_175521_48753422,3800,car,Node5,3611512307,74890.86846938936,75488.5345361351,True,scanned
20260610_175521_48753422,3801,shuttle,Bus_start,46477307,74897.39822387301,77931.92399373928,True,scanned
20260610_175521_48753422,3802,shuttle,Bus_start,46477307,74897.90766525449,77942.04557507775,True,scanned
20260610_175521_48753422,3803,car,Node1,46354890,74904.51271449449,75412.44706084613,True,scanned
20260610_175521_48753422,3804,shuttle,Bus_start,46477307,74905.32290622988,77944.04557507775,True,scanned
20260610_175521_48753422,3805,car,Node1,46354890,74906.06589902427,75412.44706084613,True,scanned
20260610_175521_48753422,3806,car,Node1,46354890,74909.92901922828,75412.44706084613,True,scanned
20260610_175521_48753422,3807,shuttle,Bus_start,46477307,74910.2172449428,77946.04557507775,True,scanned
20260610_175521_48753422,3808,shuttle,Bus_start,46477307,74910.74961360128,77948.92399373928,True,scanned
20260610_175521_48753422,3809,car,Node5,3611512307,74917.41910325158,75488.5345361351,True,scanned
20260610_175521_48753422,3810,car,Node5,3611512307,74926.17527877566,75488.5345361351,True,scanned
20260610_175521_48753422,3811,shuttle,Bus_start,46477307,74937.16821771835,77955.04557507775,True,scanned
20260610_175521_48753422,3812,shuttle,Bus_start,46477307,74937.95229918958,77956.87022157347,True,scanned
20260610_175521_48753422,3813,car,Node5,3611512307,74941.1148287109,75537.6464145548,True,scanned
20260610_175521_48753422,3814,car,Node1,46354890,74947.02617361558,75449.54386222085,True,scanned
20260610_175521_48753422,3815,shuttle,Bus_start,46477307,74950.58779838281,77956.87022157347,True,scanned
20260610_175521_48753422,3816,shuttle,Bus_start,46477307,74955.18785844324,77957.04557507775,True,scanned
20260610_175521_48753422,3817,shuttle,Bus_start,46477307,74955.22001403675,77959.04557507775,True,scanned
20260610_175521_48753422,3818,shuttle,Bus_start,46477307,74956.21636332928,77961.24343062691,True,scanned
20260610_175521_48753422,3819,car,Node5,3611512307,74960.96700325266,75537.6464145548,True,scanned
20260610_175521_48753422,3820,car,Node1,46354890,74963.2468456507,75466.90643296395,True,scanned
20260610_175521_48753422,3821,car,Node1,46354890,74973.32788360248,75483.37244068865,True,scanned
20260610_175521_48753422,3822,car,Node5,3611512307,74975.31382821799,75537.6464145548,True,scanned
20260610_175521_48753422,3823,shuttle,Bus_start,46477307,74977.12078785537,77962.04557507775,True,scanned
20260610_175521_48753422,3824,car,Node1,46354890,74979.43548833352,75483.37244068865,True,scanned
20260610_175521_48753422,3825,car,Node5,3611512307,74980.1703458698,75550.6464145548,True,scanned
20260610_175521_48753422,3826,shuttle,Bus_start,46477307,74980.8575367465,77964.04557507775,True,scanned
20260610_175521_48753422,3827,car,Node1,46354890,74982.7941350707,75489.96427862147,True,scanned
20260610_175521_48753422,3828,car,Node1,46354890,74984.38534778588,75498.5345361351,True,scanned
20260610_175521_48753422,3829,shuttle,Bus_start,46477307,74985.71256525946,77968.04557507775,True,scanned
20260610_175521_48753422,3830,car,Node1,46354890,74985.78779722902,75511.67201042591,True,scanned
20260610_175521_48753422,3831,car,Node1,46354890,74990.04941772763,75511.67201042591,True,scanned
20260610_175521_48753422,3832,car,Node1,46354890,75003.63310829969,75511.67201042591,True,scanned
20260610_175521_48753422,3833,shuttle,Bus_start,46477307,75003.83205353694,77969.87022157347,True,scanned
20260610_175521_48753422,3834,car,Node5,3611512307,75004.53352493617,75612.7298000311,True,scanned
20260610_175521_48753422,3835,shuttle,Bus_start,46477307,75006.3218905544,77970.04557507775,True,scanned
20260610_175521_48753422,3836,car,Node1,46354890,75008.44382572253,75518.92100192698,True,scanned
20260610_175521_48753422,3837,shuttle,Bus_start,46477307,75008.74346244687,77972.04557507775,True,scanned
20260610_175521_48753422,3838,car,Node1,46354890,75014.45625021441,75527.66315491119,True,scanned
20260610_175521_48753422,3839,car,Node5,3611512307,75018.34693454055,75615.6464145548,True,scanned
20260610_175521_48753422,3840,shuttle,Bus_start,46477307,75021.2913158449,77974.04557507775,True,scanned
20260610_175521_48753422,3841,shuttle,Bus_start,46477307,75024.9447367652,77976.04557507775,True,scanned
20260610_175521_48753422,3842,shuttle,Bus_start,46477307,75030.42817501687,77978.04557507775,True,scanned
20260610_175521_48753422,3843,shuttle,Bus_start,46477307,75033.15401405697,77981.04557507775,True,scanned
20260610_175521_48753422,3844,car,Node1,46354890,75035.11811332716,75544.57916576118,True,scanned
20260610_175521_48753422,3845,car,Node1,46354890,75035.36114976855,75544.57916576118,True,scanned
20260610_175521_48753422,3846,shuttle,Bus_start,46477307,75037.34929361635,77982.87022157347,True,scanned
20260610_175521_48753422,3847,car,Node1,46354890,75042.8436174926,75570.51706897162,True,scanned
20260610_175521_48753422,3848,car,Node5,3611512307,75048.09989204016,75615.6464145548,True,scanned
20260610_175521_48753422,3849,shuttle,Bus_start,46477307,75048.65083875012,77984.04557507775,True,scanned
20260610_175521_48753422,3850,car,Node1,46354890,75051.3210464408,75570.57916576118,True,scanned
20260610_175521_48753422,3851,car,Node1,46354890,75059.15525141351,75571.51706897162,True,scanned
20260610_175521_48753422,3852,shuttle,Bus_start,46477307,75059.27972500774,77986.04557507775,True,scanned
20260610_175521_48753422,3853,shuttle,Bus_start,46477307,75066.53224980243,77988.04557507775,True,scanned
20260610_175521_48753422,3854,car,Node1,46354890,75072.36917176966,75599.7298000311,True,scanned
20260610_175521_48753422,3855,shuttle,Bus_start,46477307,75072.51163431033,77990.04557507775,True,scanned
20260610_175521_48753422,3856,car,Node2,46336597,75088.13523600368,75682.77921587936,True,scanned
20260610_175521_48753422,3857,car,Node5,3611512307,75089.05010397147,75660.0246504325,True,scanned
20260610_175521_48753422,3858,shuttle,Bus_start,46477307,75089.9323067338,77992.04557507775,True,scanned
20260610_175521_48753422,3859,car,Node1,46354890,75091.10811900643,75602.6464145548,True,scanned
20260610_175521_48753422,3860,car,Node5,3611512307,75098.59526222301,75660.0246504325,True,scanned
20260610_175521_48753422,3861,shuttle,Bus_start,46477307,75100.78536189345,77994.04557507775,True,scanned
20260610_175521_48753422,3862,car,Node1,46354890,75100.99833951711,75611.51706897162,True,scanned
20260610_175521_48753422,3863,shuttle,Bus_start,46477307,75101.85962642431,77996.04557507775,True,scanned
20260610_175521_48753422,3864,car,Node1,46354890,75103.76058470379,75620.51706897162,True,scanned
20260610_175521_48753422,3865,shuttle,Bus_start,46477307,75106.81628897556,77998.04557507775,True,scanned
20260610_175521_48753422,3866,shuttle,Bus_start,46477307,75110.96861874599,78000.04557507775,True,scanned
20260610_175521_48753422,3867,car,Node5,3611512307,75113.10434199515,75697.77921587936,True,scanned
20260610_175521_48753422,3868,shuttle,Bus_start,46477307,75114.90944674356,78002.04557507775,True,scanned
20260610_175521_48753422,3869,car,Node1,46354890,75116.25833087502,75634.0246504325,True,scanned
20260610_175521_48753422,3870,car,Node1,46354890,75120.95315638032,75634.0246504325,True,scanned
20260610_175521_48753422,3871,car,Node5,3611512307,75121.80791149146,75699.0246504325,True,scanned
20260610_175521_48753422,3872,car,Node5,3611512307,75122.67090020234,75699.0246504325,True,scanned
20260610_175521_48753422,3873,car,Node1,46354890,75126.99349346684,75635.51706897162,True,scanned
20260610_175521_48753422,3874,car,Node1,46354890,75127.78043454506,75665.77921587936,True,scanned
20260610_175521_48753422,3875,shuttle,Bus_start,46477307,75130.12567146121,78004.04557507775,True,scanned
20260610_175521_48753422,3876,car,Node1,46354890,75133.21235835517,75667.77921587936,True,scanned
20260610_175521_48753422,3877,shuttle,Bus_start,46477307,75135.07325377384,78006.04557507775,True,scanned
20260610_175521_48753422,3878,shuttle,Bus_start,46477307,75135.16812413436,78008.04557507775,True,scanned
20260610_175521_48753422,3879,car,Node5,3611512307,75152.1691341077,75725.0246504325,True,scanned
20260610_175521_48753422,3880,shuttle,Bus_start,46477307,75152.30707156585,78010.04557507775,True,scanned
20260610_175521_48753422,3881,car,Node4,46493064,75155.41893324196,75759.01533887422,True,scanned
20260610_175521_48753422,3882,car,Node1,46354890,75159.6255752569,75669.77921587936,True,scanned
20260610_175521_48753422,3883,car,Node1,46354890,75160.06805495822,75673.0246504325,True,scanned
20260610_175521_48753422,3884,car,Node1,46354890,75160.7112495538,75674.77921587936,True,scanned
20260610_175521_48753422,3885,shuttle,Bus_start,46477307,75161.77878946473,78012.04557507775,True,scanned
20260610_175521_48753422,3886,car,Node1,46354890,75173.17300404343,75693.77921587936,True,scanned
20260610_175521_48753422,3887,car,Node1,46354890,75174.70691242273,75695.77921587936,True,scanned
20260610_175521_48753422,3888,car,Node1,46354890,75180.52879327541,75710.77921587936,True,scanned
20260610_175521_48753422,3889,car,Node1,46354890,75185.88344148998,75712.0246504325,True,scanned
20260610_175521_48753422,3890,car,Node1,46354890,75187.01469433199,75712.0246504325,True,scanned
20260610_175521_48753422,3891,car,Node1,46354890,75188.22972311122,75749.62312027022,True,scanned
20260610_175521_48753422,3892,shuttle,Bus_start,46477307,75192.52126075493,78014.04557507775,True,scanned
20260610_175521_48753422,3893,car,Node5,3611512307,75192.776656598,75785.26229822231,True,scanned
20260610_175521_48753422,3894,shuttle,Bus_start,46477307,75195.04765245422,78016.04557507775,True,scanned
20260610_175521_48753422,3895,car,Node5,3611512307,75204.1913280978,75785.26229822231,True,scanned
20260610_175521_48753422,3896,car,Node5,3611512307,75220.53599958321,75785.26229822231,True,scanned
20260610_175521_48753422,3897,car,Node5,3611512307,75236.8950352392,75843.51385845426,True,scanned
20260610_175521_48753422,3898,shuttle,Bus_start,46477307,75237.83130207828,78018.04557507775,True,scanned
20260610_175521_48753422,3899,car,Node1,46354890,75244.20770486203,75749.62312027022,True,scanned
20260610_175521_48753422,3900,car,Node1,46354890,75244.54308756728,75749.62312027022,True,scanned
20260610_175521_48753422,3901,car,Node1,46354890,75263.51381628755,75837.97079819838,True,scanned
20260610_175521_48753422,3902,shuttle,Bus_start,46477307,75264.54757499087,78020.04557507775,True,scanned
20260610_175521_48753422,3903,shuttle,Bus_start,46477307,75269.94502668454,78432.13202910642,True,scanned
20260610_175521_48753422,3904,car,Node4,46493064,75276.23527855732,75878.7535962336,True,scanned
20260610_175521_48753422,3905,shuttle,Bus_start,46477307,75279.63187106814,78434.13202910642,True,scanned
20260610_175521_48753422,3906,car,Node5,3611512307,75281.38794900927,75843.51385845426,True,scanned
20260610_175521_48753422,3907,car,Node1,46354890,75309.70478758622,75837.97079819838,True,scanned
20260610_175521_48753422,3908,shuttle,Bus_start,46477307,75333.4711934507,78436.13202910642,True,scanned
20260610_175521_48753422,3909,shuttle,Bus_start,46477307,75333.8838172725,78438.13202910642,True,scanned
20260610_175521_48753422,3910,car,Node1,46354890,75337.88785344143,75837.97079819838,True,scanned
20260610_175521_48753422,3911,car,Node5,3611512307,75339.39956575775,75931.96050452533,True,scanned
20260610_175521_48753422,3912,shuttle,Bus_start,46477307,75340.17863325977,78440.13202910642,True,scanned
20260610_175521_48753422,3913,shuttle,Bus_start,46477307,75342.444029483,78442.13202910642,True,scanned
20260610_175521_48753422,3914,shuttle,Bus_start,46477307,75344.9698504639,78444.13202910642,True,scanned
20260610_175521_48753422,3915,shuttle,Bus_start,46477307,75345.75742317925,78446.13202910642,True,scanned
20260610_175521_48753422,3916,shuttle,Bus_start,46477307,75346.60100658952,78449.13202910642,True,scanned
20260610_175521_48753422,3917,shuttle,Bus_start,46477307,75352.4508444732,78451.13202910642,True,scanned
20260610_175521_48753422,3918,car,Node1,46354890,75354.59325109581,75905.36079117944,True,scanned
20260610_175521_48753422,3919,car,Node5,3611512307,75360.61430781442,75931.96050452533,True,scanned
20260610_175521_48753422,3920,shuttle,Bus_start,46477307,75360.93531375779,78453.13202910642,True,scanned
20260610_175521_48753422,3921,car,Node5,3611512307,75369.90721518233,75931.96050452533,True,scanned
20260610_175521_48753422,3922,shuttle,Bus_start,46477307,75377.6747545121,78455.13202910642,True,scanned
20260610_175521_48753422,3923,car,Node5,3611512307,75385.58304316827,75982.45434621695,True,scanned
20260610_175521_48753422,3924,car,Node5,3611512307,75387.02401948393,75982.45434621695,True,scanned
20260610_175521_48753422,3925,shuttle,Bus_start,46477307,75387.36101995656,78457.13202910642,True,scanned
20260610_175521_48753422,3926,shuttle,Bus_start,46477307,75387.98154219761,78459.13202910642,True,scanned
20260610_175521_48753422,3927,car,Node4,46493064,75398.43157516934,76064.30386307847,True,scanned
20260610_175521_48753422,3928,shuttle,Bus_start,46477307,75402.47623224487,78461.0373149914,True,scanned
20260610_175521_48753422,3929,car,Node1,46354890,75405.31718979291,75905.36079117944,True,scanned
20260610_175521_48753422,3930,car,Node1,46354890,75414.45722285488,75952.10652342146,True,scanned
20260610_175521_48753422,3931,shuttle,Bus_start,46477307,75415.64254234788,78462.13202910642,True,scanned
20260610_175521_48753422,3932,shuttle,Bus_start,46477307,75417.83016689507,78464.13202910642,True,scanned
20260610_175521_48753422,3933,car,Node5,3611512307,75421.3739903455,75982.45434621695,True,scanned
20260610_175521_48753422,3934,shuttle,Bus_start,46477307,75422.39121705247,78466.13202910642,True,scanned
20260610_175521_48753422,3935,shuttle,Bus_start,46477307,75426.57865329615,78468.13202910642,True,scanned
20260610_175521_48753422,3936,shuttle,Bus_start,46477307,75427.43226085913,78470.13202910642,True,scanned
20260610_175521_48753422,3937,shuttle,Bus_start,46477307,75429.62676805946,78472.13202910642,True,scanned
20260610_175521_48753422,3938,shuttle,Bus_start,46477307,75432.82591081788,78474.13202910642,True,scanned
20260610_175521_48753422,3939,shuttle,Bus_start,46477307,75433.74884897977,78476.13202910642,True,scanned
20260610_175521_48753422,3940,shuttle,Bus_start,46477307,75434.90634553805,78478.13202910642,True,scanned
20260610_175521_48753422,3941,car,Node5,3611512307,75444.16446334074,76030.04089071102,True,scanned
20260610_175521_48753422,3942,shuttle,Bus_start,46477307,75452.06109389798,78480.13202910642,True,scanned
20260610_175521_48753422,3943,car,Node1,46354890,75452.0931180329,75952.10652342146,True,scanned
20260610_175521_48753422,3944,shuttle,Bus_start,46477307,75453.68606462372,78482.13202910642,True,scanned
20260610_175521_48753422,3945,shuttle,Bus_start,46477307,75457.76292774914,78484.13202910642,True,scanned
20260610_175521_48753422,3946,shuttle,Bus_start,46477307,75459.15888390916,78486.13202910642,True,scanned
20260610_175521_48753422,3947,car,Node1,46354890,75464.77715021315,75994.2509419658,True,scanned
20260610_175521_48753422,3948,car,Node5,3611512307,75468.04105284585,76030.04089071102,True,scanned
20260610_175521_48753422,3949,car,Node5,3611512307,75468.16181298552,76034.1371201328,True,scanned
20260610_175521_48753422,3950,car,Node1,46354890,75471.93785135569,75994.2509419658,True,scanned
20260610_175521_48753422,3951,car,Node5,3611512307,75483.45026147968,76049.96664837003,True,scanned
20260610_175521_48753422,3952,car,Node1,46354890,75493.02463003273,75994.2509419658,True,scanned
20260610_175521_48753422,3953,car,Node5,3611512307,75495.53156335965,76071.32477450531,True,scanned
20260610_175521_48753422,3954,shuttle,Bus_start,46477307,75495.62820402833,78491.13202910642,True,scanned
20260610_175521_48753422,3955,car,Node1,46354890,75497.30307368275,76041.38888061022,True,scanned
20260610_175521_48753422,3956,shuttle,Bus_start,46477307,75497.42314143223,78493.13202910642,True,scanned
20260610_175521_48753422,3957,car,Node5,3611512307,75500.24819957756,76071.32477450531,True,scanned
20260610_175521_48753422,3958,shuttle,Bus_start,46477307,75501.72598650651,78495.13202910642,True,scanned
20260610_175521_48753422,3959,shuttle,Bus_start,46477307,75505.19509250548,78497.13202910642,True,scanned
20260610_175521_48753422,3960,car,Node1,46354890,75505.21634916899,76041.38888061022,True,scanned
20260610_175521_48753422,3961,shuttle,Bus_start,46477307,75512.33721066886,78499.13202910642,True,scanned
20260610_175521_48753422,3962,car,Node5,3611512307,75514.15405631904,76085.45158864018,True,scanned
20260610_175521_48753422,3963,shuttle,Bus_start,46477307,75516.36360958783,78499.70715278905,True,scanned
20260610_175521_48753422,3964,shuttle,Bus_start,46477307,75517.17987162482,78506.13202910642,True,scanned
20260610_175521_48753422,3965,shuttle,Bus_start,46477307,75528.35512391823,78508.13202910642,True,scanned
20260610_175521_48753422,3966,shuttle,Bus_start,46477307,75534.98898727186,78510.13202910642,True,scanned
20260610_175521_48753422,3967,car,Node1,46354890,75540.47124054962,76041.38888061022,True,scanned
20260610_175521_48753422,3968,car,Node1,46354890,75545.95238210505,76049.83649903434,True,scanned
20260610_175521_48753422,3969,car,Node4,46493064,75550.98501882353,76176.27670074608,True,scanned
20260610_175521_48753422,3970,car,Node5,3611512307,75552.95596176617,76119.71570439344,True,scanned
20260610_175521_48753422,3971,car,Node5,3611512307,75553.22293458474,76119.71570439344,True,scanned
20260610_175521_48753422,3972,shuttle,Bus_start,46477307,75553.43638542503,78512.13202910642,True,scanned
20260610_175521_48753422,3973,car,Node1,46354890,75558.4955840922,76063.87827303227,True,scanned
20260610_175521_48753422,3974,car,Node5,3611512307,75558.99855971351,76167.27670074608,True,scanned
20260610_175521_48753422,3975,car,Node1,46354890,75559.30517217057,76063.87827303227,True,scanned
20260610_175521_48753422,3976,shuttle,Bus_start,46477307,75562.68975579302,78512.70715278905,True,scanned
20260610_175521_48753422,3977,shuttle,Bus_start,46477307,75564.12214063118,78513.13202910642,True,scanned
20260610_175521_48753422,3978,car,Node1,46354890,75564.81944265787,76073.9811659992,True,scanned
20260610_175521_48753422,3979,car,Node1,46354890,75566.09005625285,76073.9811659992,True,scanned
20260610_175521_48753422,3980,car,Node4,46493064,75567.34222427526,76178.27670074608,True,scanned
20260610_175521_48753422,3981,car,Node1,46354890,75568.75522192096,76073.9811659992,True,scanned
20260610_175521_48753422,3982,car,Node1,46354890,75570.03071987737,76097.01824225148,True,scanned
20260610_175521_48753422,3983,shuttle,Bus_start,46477307,75574.44452845046,78520.25361044488,True,scanned
20260610_175521_48753422,3984,shuttle,Bus_start,46477307,75575.39414385862,78523.13202910642,True,scanned
20260610_175521_48753422,3985,car,Node1,46354890,75592.63079488373,76097.01824225148,True,scanned
20260610_175521_48753422,3986,car,Node1,46354890,75594.12877290157,76112.00957686006,True,scanned
20260610_175521_48753422,3987,car,Node2,46336597,75597.25566767532,76210.27670074608,True,scanned
20260610_175521_48753422,3988,car,Node5,3611512307,75603.95913794165,76169.27670074608,True,scanned
20260610_175521_48753422,3989,car,Node1,46354890,75605.25553215423,76112.00957686006,True,scanned
20260610_175521_48753422,3990,car,Node5,3611512307,75605.51843618674,76220.42146897635,True,scanned
20260610_175521_48753422,3991,car,Node1,46354890,75607.45058427837,76112.00957686006,True,scanned
20260610_175521_48753422,3992,car,Node1,46354890,75626.07968922953,76132.71570439344,True,scanned
20260610_175521_48753422,3993,shuttle,Bus_start,46477307,75630.75302094009,78525.13202910642,True,scanned
20260610_175521_48753422,3994,car,Node1,46354890,75631.61896111682,76148.51215124103,True,scanned
20260610_175521_48753422,3995,car,Node1,46354890,75636.87205955519,76148.51215124103,True,scanned
20260610_175521_48753422,3996,car,Node1,46354890,75641.92852943426,76150.27670074608,True,scanned
20260610_175521_48753422,3997,shuttle,Bus_start,46477307,75644.72699962581,78533.25361044488,True,scanned
20260610_175521_48753422,3998,shuttle,Bus_start,46477307,75647.52054527834,78534.01720681542,True,scanned
20260610_175521_48753422,3999,shuttle,Bus_start,46477307,75650.01843370778,78534.01720681542,True,scanned
20260610_175521_48753422,4000,shuttle,Bus_start,46477307,75653.70909956668,78534.13202910642,True,scanned
20260610_175521_48753422,4001,car,Node5,3611512307,75654.13246962134,76222.42146897635,True,scanned
20260610_175521_48753422,4002,shuttle,Bus_start,46477307,75657.92273494999,78536.13202910642,True,scanned
20260610_175521_48753422,4003,shuttle,Bus_start,46477307,75658.2571600843,78538.13202910642,True,scanned
20260610_175521_48753422,4004,car,Node5,3611512307,75664.88242820601,76238.27670074608,True,scanned
20260610_175521_48753422,4005,car,Node1,46354890,75668.12625699978,76180.27670074608,True,scanned
20260610_175521_48753422,4006,car,Node1,46354890,75668.36529300545,76182.27670074608,True,scanned
20260610_175521_48753422,4007,car,Node5,3611512307,75671.23674666198,76239.51215124103,True,scanned
20260610_175521_48753422,4008,car,Node5,3611512307,75671.25631664292,76278.51215124103,True,scanned
20260610_175521_48753422,4009,car,Node1,46354890,75680.09038687493,76202.27670074608,True,scanned
20260610_175521_48753422,4010,shuttle,Bus_start,46477307,75683.2159010644,78538.70715278905,True,scanned
20260610_175521_48753422,4011,shuttle,Bus_start,46477307,75693.19760248034,78540.25361044488,True,scanned
20260610_175521_48753422,4012,car,Node1,46354890,75696.67158828079,76204.27670074608,True,scanned
20260610_175521_48753422,4013,car,Node2,46336597,75702.4539186015,76388.93699001758,True,scanned
20260610_175521_48753422,4014,car,Node1,46354890,75710.11398316835,76216.80233455155,True,scanned
20260610_175521_48753422,4015,car,Node5,3611512307,75715.32406184166,76280.42146897635,True,scanned
20260610_175521_48753422,4016,car,Node1,46354890,75718.21824623273,76251.27670074608,True,scanned
20260610_175521_48753422,4017,car,Node5,3611512307,75727.95537555542,76308.09516242056,True,scanned
20260610_175521_48753422,4018,shuttle,Bus_start,46477307,75736.24371703021,78546.25361044488,True,scanned
20260610_175521_48753422,4019,shuttle,Bus_start,46477307,75736.9640302492,78547.01720681542,True,scanned
20260610_175521_48753422,4020,car,Node5,3611512307,75739.97492445727,76308.09516242056,True,scanned
20260610_175521_48753422,4021,car,Node1,46354890,75743.80302991148,76252.51215124103,True,scanned
20260610_175521_48753422,4022,car,Node5,3611512307,75744.13032522736,76308.09516242056,True,scanned
20260610_175521_48753422,4023,car,Node5,3611512307,75750.83905028783,76317.86617719513,True,scanned
20260610_175521_48753422,4024,car,Node5,3611512307,75754.73855756226,76403.34189110382,True,scanned
20260610_175521_48753422,4025,shuttle,Bus_start,46477307,75763.96036652251,78547.01720681542,True,scanned
20260610_175521_48753422,4026,shuttle,Bus_start,46477307,75765.23192928378,78548.25361044488,True,scanned
20260610_175521_48753422,4027,car,Node1,46354890,75779.9689707572,76290.9846764793,True,scanned
20260610_175521_48753422,4028,shuttle,Bus_start,46477307,75781.37892707663,78550.25361044488,True,scanned
20260610_175521_48753422,4029,shuttle,Bus_start,46477307,75785.73010630469,78552.25361044488,True,scanned
20260610_175521_48753422,4030,car,Node1,46354890,75786.00535215986,76290.9846764793,True,scanned
20260610_175521_48753422,4031,car,Node1,46354890,75788.26649426017,76291.51215124103,True,scanned
20260610_175521_48753422,4032,car,Node1,46354890,75789.87857310516,76297.05282061362,True,scanned
20260610_175521_48753422,4033,shuttle,Bus_start,46477307,75789.91454608394,78554.25361044488,True,scanned
20260610_175521_48753422,4034,car,Node1,46354890,75790.21245336962,76297.05282061362,True,scanned
20260610_175521_48753422,4035,car,Node1,46354890,75790.95185992113,76297.05282061362,True,scanned
20260610_175521_48753422,4036,car,Node1,46354890,75795.6884287973,76335.47241517379,True,scanned
20260610_175521_48753422,4037,shuttle,Bus_start,46477307,75808.94202221584,78556.25361044488,True,scanned
20260610_175521_48753422,4038,car,Node1,46354890,75811.84810063403,76335.47241517379,True,scanned
20260610_175521_48753422,4039,car,Node4,46493064,75816.75284864205,76435.60386881638,True,scanned
20260610_175521_48753422,4040,shuttle,Bus_start,46477307,75821.01846952765,78559.25361044488,True,scanned
20260610_175521_48753422,4041,shuttle,Bus_start,46477307,75822.68151893538,78560.25361044488,True,scanned
20260610_175521_48753422,4042,car,Node5,3611512307,75830.78888537435,76403.34189110382,True,scanned
20260610_175521_48753422,4043,car,Node1,46354890,75833.4964983795,76335.47241517379,True,scanned
20260610_175521_48753422,4044,car,Node4,46493064,75834.11109179603,76435.60386881638,True,scanned
20260610_175521_48753422,4045,car,Node4,46493064,75834.50549898054,76435.60386881638,True,scanned
20260610_175521_48753422,4046,car,Node1,46354890,75834.99275077882,76340.058836882,True,scanned
20260610_175521_48753422,4047,car,Node5,3611512307,75841.59789478352,76403.34189110382,True,scanned
20260610_175521_48753422,4048,car,Node1,46354890,75843.5345804016,76359.17591141512,True,scanned
20260610_175521_48753422,4049,shuttle,Bus_start,46477307,75846.96996237109,78562.25361044488,True,scanned
20260610_175521_48753422,4050,shuttle,Bus_start,46477307,75853.68734349398,78564.25361044488,True,scanned
20260610_175521_48753422,4051,car,Node1,46354890,75854.94347422727,76359.17591141512,True,scanned
20260610_175521_48753422,4052,car,Node1,46354890,75858.73328723235,76365.32960245003,True,scanned
20260610_175521_48753422,4053,shuttle,Bus_start,46477307,75859.53924293988,78566.25361044488,True,scanned
20260610_175521_48753422,4054,car,Node1,46354890,75865.07440496443,76396.22139181977,True,scanned
20260610_175521_48753422,4055,car,Node5,3611512307,75872.88958513088,76453.03904592335,True,scanned
20260610_175521_48753422,4056,car,Node1,46354890,75888.1267727716,76396.22139181977,True,scanned
20260610_175521_48753422,4057,car,Node5,3611512307,75889.75052897667,76453.03904592335,True,scanned
20260610_175521_48753422,4058,car,Node1,46354890,75895.18888064707,76408.99216646799,True,scanned
20260610_175521_48753422,4059,shuttle,Bus_start,46477307,75901.28811498478,78568.25361044488,True,scanned
20260610_175521_48753422,4060,car,Node1,46354890,75902.10847409877,76408.99216646799,True,scanned
20260610_175521_48753422,4061,car,Node1,46354890,75903.6242799306,76413.49050565188,True,scanned
20260610_175521_48753422,4062,car,Node5,3611512307,75907.2696486688,76472.24761190345,True,scanned
20260610_175521_48753422,4063,car,Node1,46354890,75908.74079043102,76421.4624916384,True,scanned
20260610_175521_48753422,4064,car,Node1,46354890,75910.12246553655,76421.4624916384,True,scanned
20260610_175521_48753422,4065,car,Node1,46354890,75912.23492980975,76476.95927426759,True,scanned
20260610_175521_48753422,4066,shuttle,Bus_start,46477307,75926.27458325111,78570.25361044488,True,scanned
20260610_175521_48753422,4067,shuttle,Bus_start,46477307,75934.48514239669,78572.25361044488,True,scanned
20260610_175521_48753422,4068,car,Node5,3611512307,75935.82809470389,76501.22199185459,True,scanned
20260610_175521_48753422,4069,shuttle,Bus_start,46477307,75943.9237251611,78574.25361044488,True,scanned
20260610_175521_48753422,4070,shuttle,Bus_start,46477307,75947.34061929004,78576.25361044488,True,scanned
20260610_175521_48753422,4071,shuttle,Bus_start,46477307,75963.78901311626,78581.25361044488,True,scanned
20260610_175521_48753422,4072,car,Node1,46354890,75972.33744156716,76476.95927426759,True,scanned
20260610_175521_48753422,4073,shuttle,Bus_start,46477307,75974.7540152639,78583.25361044488,True,scanned
20260610_175521_48753422,4074,car,Node1,46354890,75982.33280010961,76503.57652526068,True,scanned
20260610_175521_48753422,4075,car,Node1,46354890,75987.6702407259,76503.57652526068,True,scanned
20260610_175521_48753422,4076,car,Node5,3611512307,75992.27314552732,76604.09620410184,True,scanned
20260610_175521_48753422,4077,shuttle,Bus_start,46477307,75998.42383667546,78585.25361044488,True,scanned
20260610_175521_48753422,4078,car,Node1,46354890,75998.71042862663,76503.57652526068,True,scanned
20260610_175521_48753422,4079,car,Node1,46354890,75999.51949680195,76506.76759790901,True,scanned
20260610_175521_48753422,4080,shuttle,Bus_start,46477307,76004.46067667242,78587.25361044488,True,scanned
20260610_175521_48753422,4081,car,Node1,46354890,76005.42810749625,76520.5342699925,True,scanned
20260610_175521_48753422,4082,car,Node5,3611512307,76009.9003132303,76604.09620410184,True,scanned
20260610_175521_48753422,4083,car,Node1,46354890,76011.17839408385,76520.5342699925,True,scanned
20260610_175521_48753422,4084,car,Node1,46354890,76015.04214005446,76520.5342699925,True,scanned
20260610_175521_48753422,4085,car,Node1,46354890,76015.32151223555,76529.932788954,True,scanned
20260610_175521_48753422,4086,shuttle,Bus_start,46477307,76022.02076647835,78589.25361044488,True,scanned
20260610_175521_48753422,4087,car,Node1,46354890,76023.98889018878,76529.932788954,True,scanned
20260610_175521_48753422,4088,car,Node4,46493064,76027.28622246605,76629.2580901977,True,scanned
20260610_175521_48753422,4089,car,Node4,46493064,76031.73374245713,76646.13931316455,True,scanned
20260610_175521_48753422,4090,car,Node1,46354890,76034.81679046954,76542.93796935349,True,scanned
20260610_175521_48753422,4091,car,Node1,46354890,76036.89077488868,76542.93796935349,True,scanned
20260610_175521_48753422,4092,car,Node1,46354890,76037.08093951413,76542.93796935349,True,scanned
20260610_175521_48753422,4093,car,Node4,46493064,76039.28728217233,76646.13931316455,True,scanned
20260610_175521_48753422,4094,car,Node5,3611512307,76044.36980476766,76604.09620410184,True,scanned
20260610_175521_48753422,4095,car,Node1,46354890,76046.20053544114,76578.99201906292,True,scanned
20260610_175521_48753422,4096,car,Node5,3611512307,76047.57671846528,76634.71281788344,True,scanned
20260610_175521_48753422,4097,shuttle,Bus_start,46477307,76047.71711070537,78590.2834367054,True,scanned
20260610_175521_48753422,4098,shuttle,Bus_start,46477307,76053.33358683997,78590.2834367054,True,scanned
20260610_175521_48753422,4099,shuttle,Bus_start,46477307,76059.95225202576,78592.25361044488,True,scanned
20260610_175521_48753422,4100,shuttle,Bus_start,46477307,76060.04649358561,78594.25361044488,True,scanned
20260610_175521_48753422,4101,shuttle,Bus_start,46477307,76062.58150676917,78596.25361044488,True,scanned
20260610_175521_48753422,4102,car,Node5,3611512307,76067.88173796277,76634.71281788344,True,scanned
20260610_175521_48753422,4103,shuttle,Bus_start,46477307,76070.11080240553,78598.25361044488,True,scanned
20260610_175521_48753422,4104,car,Node1,46354890,76074.16866299443,76578.99201906292,True,scanned
20260610_175521_48753422,4105,car,Node1,46354890,76079.82288703791,76587.39989629308,True,scanned
20260610_175521_48753422,4106,car,Node5,3611512307,76084.67207166954,76666.12203531932,True,scanned
20260610_175521_48753422,4107,car,Node1,46354890,76092.82679064035,76620.37616450053,True,scanned
20260610_175521_48753422,4108,car,Node5,3611512307,76099.66138346447,76666.12203531932,True,scanned
20260610_175521_48753422,4109,shuttle,Bus_start,46477307,76102.54725955828,79010.24303142255,True,scanned
20260610_175521_48753422,4110,car,Node1,46354890,76115.28440824595,76620.37616450053,True,scanned
20260610_175521_48753422,4111,shuttle,Bus_start,46477307,76116.05449977481,79012.24303142255,True,scanned
20260610_175521_48753422,4112,shuttle,Bus_start,46477307,76127.61543127152,79014.24303142255,True,scanned
20260610_175521_48753422,4113,car,Node1,46354890,76132.94293656391,76640.45473440766,True,scanned
20260610_175521_48753422,4114,car,Node5,3611512307,76135.42682265305,76727.50792300502,True,scanned
20260610_175521_48753422,4115,car,Node1,46354890,76136.66271163235,76640.45473440766,True,scanned
20260610_175521_48753422,4116,car,Node1,46354890,76138.40970888876,76674.37169547318,True,scanned
20260610_175521_48753422,4117,car,Node5,3611512307,76147.49908594914,76729.50792300502,True,scanned
20260610_175521_48753422,4118,car,Node1,46354890,76158.77226830227,76674.37169547318,True,scanned
20260610_175521_48753422,4119,car,Node5,3611512307,76162.19224692998,76731.50792300502,True,scanned
20260610_175521_48753422,4120,car,Node4,46493064,76164.06020036117,76768.50792300502,True,scanned
20260610_175521_48753422,4121,shuttle,Bus_start,46477307,76169.84185682645,79016.24303142255,True,scanned
20260610_175521_48753422,4122,shuttle,Bus_start,46477307,76170.55074226484,79018.24303142255,True,scanned
20260610_175521_48753422,4123,car,Node1,46354890,76171.57934043086,76674.37169547318,True,scanned
20260610_175521_48753422,4124,car,Node1,46354890,76172.15286256737,76684.95261641193,True,scanned
20260610_175521_48753422,4125,car,Node1,46354890,76174.45412457742,76684.95261641193,True,scanned
20260610_175521_48753422,4126,car,Node5,3611512307,76176.0600344031,76812.62950434348,True,scanned
20260610_175521_48753422,4127,car,Node1,46354890,76179.44295945027,76684.95261641193,True,scanned
20260610_175521_48753422,4128,car,Node1,46354890,76187.5807673284,76694.56188845854,True,scanned
20260610_175521_48753422,4129,car,Node1,46354890,76194.54689491985,76711.66873559412,True,scanned
20260610_175521_48753422,4130,car,Node1,46354890,76205.73070895628,76712.50792300502,True,scanned
20260610_175521_48753422,4131,car,Node1,46354890,76207.31927021005,76714.50792300502,True,scanned
20260610_175521_48753422,4132,car,Node1,46354890,76215.92637655744,76744.50792300502,True,scanned
20260610_175521_48753422,4133,car,Node1,46354890,76219.21821227536,76746.50792300502,True,scanned
20260610_175521_48753422,4134,car,Node1,46354890,76235.86453644703,76748.50792300502,True,scanned
20260610_175521_48753422,4135,car,Node1,46354890,76238.70540859294,76776.50792300502,True,scanned
20260610_175521_48753422,4136,car,Node1,46354890,76247.66004040428,76776.66873559412,True,scanned
20260610_175521_48753422,4137,car,Node5,3611512307,76249.08654501547,76814.62950434348,True,scanned
20260610_175521_48753422,4138,shuttle,Bus_start,46477307,76249.50213604748,79020.24303142255,True,scanned
20260610_175521_48753422,4139,shuttle,Bus_start,46477307,76261.30775242232,79023.24303142255,True,scanned
20260610_175521_48753422,4140,car,Node1,46354890,76266.21821300052,76777.50792300502,True,scanned
20260610_175521_48753422,4141,shuttle,Bus_start,46477307,76273.64560954586,79025.24303142255,True,scanned
20260610_175521_48753422,4142,car,Node5,3611512307,76273.93946858244,76858.62950434348,True,scanned
20260610_175521_48753422,4143,shuttle,Bus_start,46477307,76274.25818819855,79027.24303142255,True,scanned
20260610_175521_48753422,4144,car,Node1,46354890,76276.89596180216,76804.44500121368,True,scanned
20260610_175521_48753422,4145,shuttle,Bus_start,46477307,76291.01699152413,79028.69759690903,True,scanned
20260610_175521_48753422,4146,car,Node5,3611512307,76295.13196347383,76860.62950434348,True,scanned
20260610_175521_48753422,4147,shuttle,Bus_start,46477307,76295.34341558116,79030.24303142255,True,scanned
20260610_175521_48753422,4148,car,Node5,3611512307,76295.93369248415,76923.27958884933,True,scanned
20260610_175521_48753422,4149,car,Node5,3611512307,76295.94789018543,76923.27958884933,True,scanned
20260610_175521_48753422,4150,shuttle,Bus_start,46477307,76296.07207472633,79032.24303142255,True,scanned
20260610_175521_48753422,4151,shuttle,Bus_start,46477307,76300.41082381361,79034.24303142255,True,scanned
20260610_175521_48753422,4152,car,Node1,46354890,76301.65264617137,76804.62950434348,True,scanned
20260610_175521_48753422,4153,car,Node1,46354890,76307.85037819366,76817.44500121368,True,scanned
20260610_175521_48753422,4154,shuttle,Bus_start,46477307,76312.25232091085,79036.24303142255,True,scanned
20260610_175521_48753422,4155,shuttle,Bus_start,46477307,76312.2838736572,79038.24303142255,True,scanned
20260610_175521_48753422,4156,shuttle,Bus_start,46477307,76313.4928598391,79040.24303142255,True,scanned
20260610_175521_48753422,4157,car,Node1,46354890,76315.92339786867,76827.62950434348,True,scanned
20260610_175521_48753422,4158,car,Node1,46354890,76326.12636488663,76845.62950434348,True,scanned
20260610_175521_48753422,4159,shuttle,Bus_start,46477307,76336.00702402726,79042.24303142255,True,scanned
20260610_175521_48753422,4160,shuttle,Bus_start,46477307,76337.22565221084,79044.24303142255,True,scanned
20260610_175521_48753422,4161,shuttle,Bus_start,46477307,76338.48250558326,79046.24303142255,True,scanned
20260610_175521_48753422,4162,car,Node1,46354890,76339.65017771044,76847.62950434348,True,scanned
20260610_175521_48753422,4163,car,Node1,46354890,76343.03780115835,76868.62950434348,True,scanned
20260610_175521_48753422,4164,car,Node1,46354890,76358.86247344474,76869.44500121368,True,scanned
20260610_175521_48753422,4165,shuttle,Bus_start,46477307,76360.06851798814,79048.24303142255,True,scanned
20260610_175521_48753422,4166,car,Node5,3611512307,76362.64485891614,76923.27958884933,True,scanned
20260610_175521_48753422,4167,shuttle,Bus_start,46477307,76363.20200853064,79050.24303142255,True,scanned
20260610_175521_48753422,4168,shuttle,Bus_start,46477307,76364.29536960526,79052.24303142255,True,scanned
20260610_175521_48753422,4169,shuttle,Bus_start,46477307,76366.81169582672,79054.24303142255,True,scanned
20260610_175521_48753422,4170,car,Node1,46354890,76372.87868375346,76878.13746151552,True,scanned
20260610_175521_48753422,4171,car,Node5,3611512307,76380.73451897838,76944.07382385808,True,scanned
20260610_175521_48753422,4172,car,Node1,46354890,76382.37871103146,76889.00482927597,True,scanned
20260610_175521_48753422,4173,shuttle,Bus_start,46477307,76385.60006617867,79056.24303142255,True,scanned
20260610_175521_48753422,4174,shuttle,Bus_start,46477307,76390.80694625451,79058.24303142255,True,scanned
20260610_175521_48753422,4175,car,Node1,46354890,76394.86545025244,76903.7655027833,True,scanned
20260610_175521_48753422,4176,shuttle,Bus_start,46477307,76395.19127547678,79060.24303142255,True,scanned
20260610_175521_48753422,4177,shuttle,Bus_start,46477307,76395.35723151348,79062.24303142255,True,scanned
20260610_175521_48753422,4178,car,Node1,46354890,76397.19166308705,76903.7655027833,True,scanned
20260610_175521_48753422,4179,car,Node5,3611512307,76399.34831333968,76966.7504419037,True,scanned
20260610_175521_48753422,4180,car,Node5,3611512307,76402.84192098428,76966.7504419037,True,scanned
20260610_175521_48753422,4181,car,Node1,46354890,76404.59379965991,76927.80090149264,True,scanned
20260610_175521_48753422,4182,car,Node1,46354890,76420.6936750969,76927.80090149264,True,scanned
20260610_175521_48753422,4183,car,Node1,46354890,76421.68303708186,76927.80090149264,True,scanned
20260610_175521_48753422,4184,shuttle,Bus_start,46477307,76427.53207908306,79064.24303142255,True,scanned
20260610_175521_48753422,4185,shuttle,Bus_start,46477307,76428.35094182585,79066.24303142255,True,scanned
20260610_175521_48753422,4186,car,Node1,46354890,76433.45198210297,76984.32102829426,True,scanned
20260610_175521_48753422,4187,shuttle,Bus_start,46477307,76434.21295194118,79068.24303142255,True,scanned
20260610_175521_48753422,4188,car,Node5,3611512307,76435.09252250455,77036.0399886088,True,scanned
20260610_175521_48753422,4189,car,Node5,3611512307,76451.455286894,77036.0399886088,True,scanned
20260610_175521_48753422,4190,shuttle,Bus_start,46477307,76465.59406891209,79070.24303142255,True,scanned
20260610_175521_48753422,4191,shuttle,Bus_start,46477307,76466.73924651001,79072.24303142255,True,scanned
20260610_175521_48753422,4192,car,Node5,3611512307,76474.45366528841,77036.0399886088,True,scanned
20260610_175521_48753422,4193,car,Node5,3611512307,76478.90360422416,77062.92626878116,True,scanned
20260610_175521_48753422,4194,car,Node1,46354890,76481.80264569963,76984.32102829426,True,scanned
20260610_175521_48753422,4195,shuttle,Bus_start,46477307,76485.40226726048,79074.24303142255,True,scanned
20260610_175521_48753422,4196,car,Node1,46354890,76485.71235590192,76991.60518320222,True,scanned
20260610_175521_48753422,4197,shuttle,Bus_start,46477307,76487.1410148043,79076.24303142255,True,scanned
20260610_175521_48753422,4198,shuttle,Bus_start,46477307,76488.38376902012,79078.24303142255,True,scanned
20260610_175521_48753422,4199,car,Node5,3611512307,76499.58696390146,77062.92626878116,True,scanned
20260610_175521_48753422,4200,shuttle,Bus_start,46477307,76501.7588953773,79080.24303142255,True,scanned
20260610_175521_48753422,4201,car,Node5,3611512307,76519.33714430989,77119.22361473458,True,scanned
20260610_175521_48753422,4202,car,Node1,46354890,76520.04485197441,77051.31684883627,True,scanned
20260610_175521_48753422,4203,car,Node1,46354890,76527.99570254928,77051.31684883627,True,scanned
20260610_175521_48753422,4204,shuttle,Bus_start,46477307,76543.44461407859,79082.24303142255,True,scanned
20260610_175521_48753422,4205,shuttle,Bus_start,46477307,76546.91944181717,79084.24303142255,True,scanned
20260610_175521_48753422,4206,car,Node1,46354890,76550.74425290825,77051.31684883627,True,scanned
20260610_175521_48753422,4207,car,Node5,3611512307,76557.6372914142,77119.22361473458,True,scanned
20260610_175521_48753422,4208,car,Node1,46354890,76564.03631638967,77066.0221877355,True,scanned
20260610_175521_48753422,4209,shuttle,Bus_start,46477307,76568.04141281045,79089.24303142255,True,scanned
20260610_175521_48753422,4210,car,Node1,46354890,76569.17994197682,77073.96887633664,True,scanned
20260610_175521_48753422,4211,shuttle,Bus_start,46477307,76572.24997193586,79091.24303142255,True,scanned
20260610_175521_48753422,4212,car,Node5,3611512307,76575.3501078936,77240.45802826957,True,scanned
20260610_175521_48753422,4213,shuttle,Bus_start,46477307,76583.15733108003,79098.32023796336,True,scanned
20260610_175521_48753422,4214,shuttle,Bus_start,46477307,76604.69223066597,79100.32023796336,True,scanned
20260610_175521_48753422,4215,shuttle,Bus_start,46477307,76606.45531655558,79102.32023796336,True,scanned
20260610_175521_48753422,4216,shuttle,Bus_start,46477307,76619.8185036981,79104.32023796336,True,scanned
20260610_175521_48753422,4217,car,Node1,46354890,76627.21060230913,77131.50970010749,True,scanned
20260610_175521_48753422,4218,car,Node1,46354890,76629.9725331411,77131.50970010749,True,scanned
20260610_175521_48753422,4219,shuttle,Bus_start,46477307,76657.82664729617,79106.32023796336,True,scanned
20260610_175521_48753422,4220,car,Node1,46354890,76666.0899161429,77167.90105555697,True,scanned
20260610_175521_48753422,4221,shuttle,Bus_start,46477307,76668.5644200327,79108.32023796336,True,scanned
20260610_175521_48753422,4222,shuttle,Bus_start,46477307,76671.78687628833,79110.98082060063,True,scanned
20260610_175521_48753422,4223,car,Node5,3611512307,76672.50492042277,77240.45802826957,True,scanned
20260610_175521_48753422,4224,car,Node1,46354890,76675.23605805154,77230.76170623087,True,scanned
20260610_175521_48753422,4225,shuttle,Bus_start,46477307,76680.31651996907,79112.32023796336,True,scanned
20260610_175521_48753422,4226,car,Node5,3611512307,76680.7568827298,77240.45802826957,True,scanned
20260610_175521_48753422,4227,shuttle,Bus_start,46477307,76707.39218650744,79114.32023796336,True,scanned
20260610_175521_48753422,4228,car,Node5,3611512307,76710.2641728844,77271.6283827619,True,scanned
20260610_175521_48753422,4229,shuttle,Bus_start,46477307,76712.39931583391,79116.32023796336,True,scanned
20260610_175521_48753422,4230,car,Node1,46354890,76716.16387708322,77230.76170623087,True,scanned
20260610_175521_48753422,4231,shuttle,Bus_start,46477307,76717.27768182682,79118.32023796336,True,scanned
20260610_175521_48753422,4232,car,Node5,3611512307,76726.75106669842,77290.71595837215,True,scanned
20260610_175521_48753422,4233,shuttle,Bus_start,46477307,76728.25447932984,79120.32023796336,True,scanned
20260610_175521_48753422,4234,car,Node1,46354890,76730.18911030285,77230.76170623087,True,scanned
20260610_175521_48753422,4235,car,Node1,46354890,76731.22874699466,77242.26215500699,True,scanned
20260610_175521_48753422,4236,shuttle,Bus_start,46477307,76733.43693094389,79122.32023796336,True,scanned
20260610_175521_48753422,4237,shuttle,Bus_start,46477307,76738.74628037638,79124.32023796336,True,scanned
20260610_175521_48753422,4238,car,Node1,46354890,76738.9089431787,77242.26215500699,True,scanned
20260610_175521_48753422,4239,car,Node1,46354890,76743.89687092674,77260.41994289237,True,scanned
20260610_175521_48753422,4240,shuttle,Bus_start,46477307,76748.36249653995,79126.32023796336,True,scanned
20260610_175521_48753422,4241,shuttle,Bus_start,46477307,76754.13966723776,79128.32023796336,True,scanned
20260610_175521_48753422,4242,shuttle,Bus_start,46477307,76754.38443239854,79130.32023796336,True,scanned
20260610_175521_48753422,4243,car,Node1,46354890,76758.33123128519,77260.41994289237,True,scanned
20260610_175521_48753422,4244,car,Node5,3611512307,76761.58972350831,77346.71595837215,True,scanned
20260610_175521_48753422,4245,shuttle,Bus_start,46477307,76775.37688063255,79135.32023796336,True,scanned
20260610_175521_48753422,4246,car,Node5,3611512307,76781.1540803322,77348.71595837215,True,scanned
20260610_175521_48753422,4247,car,Node1,46354890,76782.50826291543,77284.59697452262,True,scanned
20260610_175521_48753422,4248,car,Node1,46354890,76784.22541350688,77338.8036944061,True,scanned
20260610_175521_48753422,4249,car,Node5,3611512307,76789.13191796097,77361.71595837215,True,scanned
20260610_175521_48753422,4250,shuttle,Bus_start,46477307,76793.47767233703,79137.32023796336,True,scanned
20260610_175521_48753422,4251,car,Node5,3611512307,76796.61256871889,77364.8036944061,True,scanned
20260610_175521_48753422,4252,shuttle,Bus_start,46477307,76804.01996112995,79139.32023796336,True,scanned
20260610_175521_48753422,4253,shuttle,Bus_start,46477307,76807.60695530694,79141.32023796336,True,scanned
20260610_175521_48753422,4254,car,Node1,46354890,76808.6830482416,77338.8036944061,True,scanned
20260610_175521_48753422,4255,shuttle,Bus_start,46477307,76809.66949137737,79143.32023796336,True,scanned
20260610_175521_48753422,4256,car,Node5,3611512307,76817.43678735258,77385.71595837215,True,scanned
20260610_175521_48753422,4257,car,Node4,46493064,76822.86415113255,77426.69076794595,True,scanned
20260610_175521_48753422,4258,car,Node5,3611512307,76825.44198064765,77463.55856658063,True,scanned
20260610_175521_48753422,4259,shuttle,Bus_start,46477307,76834.74038620685,79143.97806587133,True,scanned
20260610_175521_48753422,4260,car,Node1,46354890,76836.28531181147,77340.71595837215,True,scanned
20260610_175521_48753422,4261,shuttle,Bus_start,46477307,76836.85044330095,79144.32023796336,True,scanned
20260610_175521_48753422,4262,car,Node1,46354890,76844.89646494451,77353.71595837215,True,scanned
20260610_175521_48753422,4263,car,Node5,3611512307,76845.4322706499,77463.55856658063,True,scanned
20260610_175521_48753422,4264,car,Node1,46354890,76847.13295952759,77369.61968720004,True,scanned
20260610_175521_48753422,4265,car,Node1,46354890,76866.54975996462,77370.71595837215,True,scanned
20260610_175521_48753422,4266,shuttle,Bus_start,46477307,76871.2730167881,79146.32023796336,True,scanned
20260610_175521_48753422,4267,shuttle,Bus_start,46477307,76872.72992348517,79148.32023796336,True,scanned
20260610_175521_48753422,4268,car,Node1,46354890,76888.38948376686,77439.9010412193,True,scanned
20260610_175521_48753422,4269,car,Node5,3611512307,76896.80505573883,77463.55856658063,True,scanned
20260610_175521_48753422,4270,shuttle,Bus_start,46477307,76897.87388251339,79154.32023796336,True,scanned
20260610_175521_48753422,4271,shuttle,Bus_start,46477307,76902.88035398092,79156.32023796336,True,scanned
20260610_175521_48753422,4272,car,Node1,46354890,76913.28952453219,77440.83753971061,True,scanned
20260610_175521_48753422,4273,shuttle,Bus_start,46477307,76921.81667613564,79156.97806587133,True,scanned
20260610_175521_48753422,4274,shuttle,Bus_start,46477307,76930.54359829426,79157.32023796336,True,scanned
20260610_175521_48753422,4275,car,Node1,46354890,76938.36387425291,77442.83753971061,True,scanned
20260610_175521_48753422,4276,shuttle,Bus_start,46477307,76939.66066863135,79159.32023796336,True,scanned
20260610_175521_48753422,4277,shuttle,Bus_start,46477307,76944.05289361624,79161.32023796336,True,scanned
20260610_175521_48753422,4278,shuttle,Bus_start,46477307,76947.15783376072,79163.32023796336,True,scanned
20260610_175521_48753422,4279,car,Node1,46354890,76950.63839766916,77453.6229243896,True,scanned
20260610_175521_48753422,4280,car,Node1,46354890,76951.15731877639,77459.5771828819,True,scanned
20260610_175521_48753422,4281,car,Node1,46354890,76954.22701000799,77459.5771828819,True,scanned
20260610_175521_48753422,4282,car,Node1,46354890,76955.96798346049,77466.36762073521,True,scanned
20260610_175521_48753422,4283,car,Node1,46354890,76959.54949472917,77466.36762073521,True,scanned
20260610_175521_48753422,4284,car,Node5,3611512307,76967.19232690225,77600.05101724593,True,scanned
20260610_175521_48753422,4285,shuttle,Bus_start,46477307,76967.35445079027,79165.32023796336,True,scanned
20260610_175521_48753422,4286,shuttle,Bus_start,46477307,76970.57996099442,79167.32023796336,True,scanned
20260610_175521_48753422,4287,shuttle,Bus_start,46477307,76975.66676202802,79169.32023796336,True,scanned
20260610_175521_48753422,4288,car,Node1,46354890,76980.04736873046,77492.39875558438,True,scanned
20260610_175521_48753422,4289,shuttle,Bus_start,46477307,76981.16206841725,79170.32023796336,True,scanned
20260610_175521_48753422,4290,shuttle,Bus_start,46477307,76983.47650851498,79172.32023796336,True,scanned
20260610_175521_48753422,4291,car,Node1,46354890,76988.00082507473,77492.39875558438,True,scanned
20260610_175521_48753422,4292,car,Node1,46354890,76989.04758499525,77492.39875558438,True,scanned
20260610_175521_48753422,4293,car,Node5,3611512307,77025.95854151068,77600.05101724593,True,scanned
20260610_175521_48753422,4294,shuttle,Bus_start,46477307,77033.80911586614,79174.32023796336,True,scanned
20260610_175521_48753422,4295,car,Node4,46493064,77035.8648377166,77642.51341222141,True,scanned
20260610_175521_48753422,4296,car,Node5,3611512307,77040.34987170616,77600.05101724593,True,scanned
20260610_175521_48753422,4297,shuttle,Bus_start,46477307,77040.59191382804,79176.32023796336,True,scanned
20260610_175521_48753422,4298,car,Node1,46354890,77041.76663973888,77545.28331712846,True,scanned
20260610_175521_48753422,4299,shuttle,Bus_start,46477307,77046.40983181226,79587.95523221866,True,scanned
20260610_175521_48753422,4300,shuttle,Bus_start,46477307,77046.95657201462,79589.95523221866,True,scanned
20260610_175521_48753422,4301,car,Node1,46354890,77052.29339600462,77609.75385608558,True,scanned
20260610_175521_48753422,4302,car,Node4,46493064,77052.32132524936,77819.89786076795,True,scanned
20260610_175521_48753422,4303,car,Node5,3611512307,77062.96437653531,77625.35208802781,True,scanned
20260610_175521_48753422,4304,car,Node5,3611512307,77064.35410643325,77631.7116211038,True,scanned
20260610_175521_48753422,4305,shuttle,Bus_start,46477307,77070.22660682135,79591.95523221866,True,scanned
20260610_175521_48753422,4306,car,Node5,3611512307,77095.05120968324,77661.67819972958,True,scanned
20260610_175521_48753422,4307,shuttle,Bus_start,46477307,77101.35930961891,79593.95523221866,True,scanned
20260610_175521_48753422,4308,car,Node5,3611512307,77108.07692742241,77677.77271926982,True,scanned
20260610_175521_48753422,4309,car,Node5,3611512307,77108.6890551955,77677.77271926982,True,scanned
20260610_175521_48753422,4310,car,Node1,46354890,77110.12960656322,77609.75385608558,True,scanned
20260610_175521_48753422,4311,car,Node1,46354890,77110.19852858564,77625.90780451469,True,scanned
20260610_175521_48753422,4312,car,Node5,3611512307,77110.31257362344,77677.77271926982,True,scanned
20260610_175521_48753422,4313,shuttle,Bus_start,46477307,77111.4024758586,79595.95523221866,True,scanned
20260610_175521_48753422,4314,shuttle,Bus_start,46477307,77113.7265659741,79597.95523221866,True,scanned
20260610_175521_48753422,4315,car,Node1,46354890,77124.88650420721,77625.90780451469,True,scanned
20260610_175521_48753422,4316,car,Node1,46354890,77127.40558889689,77685.63084481648,True,scanned
20260610_175521_48753422,4317,shuttle,Bus_start,46477307,77132.07909783711,79599.95523221866,True,scanned
20260610_175521_48753422,4318,shuttle,Bus_start,46477307,77138.49716503225,79601.95523221866,True,scanned
20260610_175521_48753422,4319,shuttle,Bus_start,46477307,77140.87157349945,79603.95523221866,True,scanned
20260610_175521_48753422,4320,car,Node5,3611512307,77142.75198141224,77776.3803954732,True,scanned
20260610_175521_48753422,4321,shuttle,Bus_start,46477307,77144.66151599551,79605.95523221866,True,scanned
20260610_175521_48753422,4322,shuttle,Bus_start,46477307,77149.63374312183,79607.95523221866,True,scanned
20260610_175521_48753422,4323,car,Node1,46354890,77150.62338135726,77685.63084481648,True,scanned
20260610_175521_48753422,4324,shuttle,Bus_start,46477307,77165.24959179481,79610.95523221866,True,scanned
20260610_175521_48753422,4325,shuttle,Bus_start,46477307,77168.19892139581,79612.95523221866,True,scanned
20260610_175521_48753422,4326,car,Node5,3611512307,77184.01546458194,77776.3803954732,True,scanned
20260610_175521_48753422,4327,car,Node1,46354890,77185.05824888845,77685.63084481648,True,scanned
20260610_175521_48753422,4328,car,Node1,46354890,77198.60525652798,77707.14490649238,True,scanned
20260610_175521_48753422,4329,shuttle,Bus_start,46477307,77200.83953341148,79614.95523221866,True,scanned
20260610_175521_48753422,4330,shuttle,Bus_start,46477307,77201.57069053434,79616.95523221866,True,scanned
20260610_175521_48753422,4331,car,Node1,46354890,77205.33376707831,77707.14490649238,True,scanned
20260610_175521_48753422,4332,car,Node1,46354890,77214.0749923532,77718.68699200284,True,scanned
20260610_175521_48753422,4333,car,Node5,3611512307,77215.74566554002,77776.3803954732,True,scanned
20260610_175521_48753422,4334,shuttle,Bus_start,46477307,77217.68079047608,79618.95523221866,True,scanned
20260610_175521_48753422,4335,shuttle,Bus_start,46477307,77219.99833957649,79620.95523221866,True,scanned
20260610_175521_48753422,4336,shuttle,Bus_start,46477307,77228.39566454655,79623.95523221866,True,scanned
20260610_175521_48753422,4337,car,Node5,3611512307,77229.1851243794,77812.01066506065,True,scanned
20260610_175521_48753422,4338,car,Node5,3611512307,77250.82041464446,77812.01066506065,True,scanned
20260610_175521_48753422,4339,car,Node1,46354890,77251.43013696733,77761.8690688831,True,scanned
20260610_175521_48753422,4340,shuttle,Bus_start,46477307,77254.07379290275,79625.95523221866,True,scanned
20260610_175521_48753422,4341,car,Node1,46354890,77260.33190191671,77761.8690688831,True,scanned
20260610_175521_48753422,4342,shuttle,Bus_start,46477307,77262.7371259965,79627.95523221866,True,scanned
20260610_175521_48753422,4343,shuttle,Bus_start,46477307,77264.88035732771,79629.95523221866,True,scanned
20260610_175521_48753422,4344,shuttle,Bus_start,46477307,77279.6207987179,79631.95523221866,True,scanned
20260610_175521_48753422,4345,car,Node1,46354890,77284.02570636944,77892.92399373928,True,scanned
20260610_175521_48753422,4346,shuttle,Bus_start,46477307,77295.87038407027,79633.95523221866,True,scanned
20260610_175521_48753422,4347,shuttle,Bus_start,46477307,77308.92221955574,79635.03399595854,True,scanned
20260610_175521_48753422,4348,car,Node5,3611512307,77319.57074474843,77881.15706806882,True,scanned
20260610_175521_48753422,4349,shuttle,Bus_start,46477307,77332.5387533437,79635.95523221866,True,scanned
20260610_175521_48753422,4350,car,Node1,46354890,77335.83915922658,77894.15706806882,True,scanned
20260610_175521_48753422,4351,car,Node5,3611512307,77339.39945452711,77907.92399373928,True,scanned
20260610_175521_48753422,4352,car,Node5,3611512307,77343.3188319018,77909.92399373928,True,scanned
20260610_175521_48753422,4353,shuttle,Bus_start,46477307,77345.98329839794,79637.95523221866,True,scanned
20260610_175521_48753422,4354,shuttle,Bus_start,46477307,77350.0737553231,79639.95523221866,True,scanned
20260610_175521_48753422,4355,shuttle,Bus_start,46477307,77369.70328616875,79641.95523221866,True,scanned
20260610_175521_48753422,4356,shuttle,Bus_start,46477307,77374.46990225912,79643.95523221866,True,scanned
20260610_175521_48753422,4357,car,Node5,3611512307,77377.41682878154,77943.87022157347,True,scanned
20260610_175521_48753422,4358,car,Node5,3611512307,77381.72837777008,77943.87022157347,True,scanned
20260610_175521_48753422,4359,shuttle,Bus_start,46477307,77385.92897335603,79645.95523221866,True,scanned
20260610_175521_48753422,4360,car,Node1,46354890,77393.61666972794,77894.92399373928,True,scanned
20260610_175521_48753422,4361,car,Node1,46354890,77398.39320026283,77935.24343062691,True,scanned
20260610_175521_48753422,4362,car,Node1,46354890,77399.10215291037,77935.24343062691,True,scanned
20260610_175521_48753422,4363,car,Node5,3611512307,77412.8366702204,77976.12260203566,True,scanned
20260610_175521_48753422,4364,car,Node5,3611512307,77415.09465568762,78032.62640571309,True,scanned
20260610_175521_48753422,4365,shuttle,Bus_start,46477307,77420.305599581,79647.95523221866,True,scanned
20260610_175521_48753422,4366,shuttle,Bus_start,46477307,77425.10311403318,79649.95523221866,True,scanned
20260610_175521_48753422,4367,shuttle,Bus_start,46477307,77427.59999275504,79651.95523221866,True,scanned
20260610_175521_48753422,4368,shuttle,Bus_start,46477307,77430.38930777012,79653.95523221866,True,scanned
20260610_175521_48753422,4369,shuttle,Bus_start,46477307,77431.94555164689,79655.95523221866,True,scanned
20260610_175521_48753422,4370,car,Node1,46354890,77435.61918110456,77935.92399373928,True,scanned
20260610_175521_48753422,4371,car,Node1,46354890,77438.70213027838,77948.24343062691,True,scanned
20260610_175521_48753422,4372,car,Node1,46354890,77445.8955998398,77948.24343062691,True,scanned
20260610_175521_48753422,4373,car,Node1,46354890,77452.83603268673,78030.05103403828,True,scanned
20260610_175521_48753422,4374,shuttle,Bus_start,46477307,77464.12976235378,79657.95523221866,True,scanned
20260610_175521_48753422,4375,car,Node5,3611512307,77471.0400823927,78032.62640571309,True,scanned
20260610_175521_48753422,4376,shuttle,Bus_start,46477307,77472.55536164794,79659.95523221866,True,scanned
20260610_175521_48753422,4377,shuttle,Bus_start,46477307,77478.81387466574,79661.95523221866,True,scanned
20260610_175521_48753422,4378,shuttle,Bus_start,46477307,77480.9962109273,79663.95523221866,True,scanned
20260610_175521_48753422,4379,car,Node5,3611512307,77482.40747170527,78045.74677658497,True,scanned
20260610_175521_48753422,4380,shuttle,Bus_start,46477307,77492.10633470422,79665.95523221866,True,scanned
20260610_175521_48753422,4381,car,Node1,46354890,77499.90939132984,78030.05103403828,True,scanned
20260610_175521_48753422,4382,car,Node5,3611512307,77508.5176257714,78073.39627524138,True,scanned
20260610_175521_48753422,4383,car,Node4,46493064,77524.19825615283,78175.29141713331,True,scanned
20260610_175521_48753422,4384,car,Node1,46354890,77529.47843811025,78030.05103403828,True,scanned
20260610_175521_48753422,4385,car,Node1,46354890,77529.90419728242,78049.68480768873,True,scanned
20260610_175521_48753422,4386,car,Node1,46354890,77546.59782356034,78049.68480768873,True,scanned
20260610_175521_48753422,4387,car,Node1,46354890,77548.83823931302,78049.68480768873,True,scanned
20260610_175521_48753422,4388,car,Node1,46354890,77549.9709959576,78084.09773309022,True,scanned
20260610_175521_48753422,4389,car,Node1,46354890,77550.2285613739,78084.09773309022,True,scanned
20260610_175521_48753422,4390,shuttle,Bus_start,46477307,77554.72171818031,79675.97074389826,True,scanned
20260610_175521_48753422,4391,shuttle,Bus_start,46477307,77572.95027227112,79677.97074389826,True,scanned
20260610_175521_48753422,4392,shuttle,Bus_start,46477307,77573.25525094011,79679.97074389826,True,scanned
20260610_175521_48753422,4393,car,Node1,46354890,77583.25116471451,78084.09773309022,True,scanned
20260610_175521_48753422,4394,car,Node1,46354890,77591.27793757971,78115.97168569911,True,scanned
20260610_175521_48753422,4395,car,Node1,46354890,77592.61659898725,78115.97168569911,True,scanned
20260610_175521_48753422,4396,shuttle,Bus_start,46477307,77603.52687827164,79681.97074389826,True,scanned
20260610_175521_48753422,4397,car,Node4,46493064,77607.86647015203,78355.29141713331,True,scanned
20260610_175521_48753422,4398,car,Node1,46354890,77614.16054628504,78115.97168569911,True,scanned
20260610_175521_48753422,4399,car,Node5,3611512307,77621.7030687206,78249.15235570459,True,scanned
20260610_175521_48753422,4400,shuttle,Bus_start,46477307,77627.5692328453,79683.97074389826,True,scanned
20260610_175521_48753422,4401,shuttle,Bus_start,46477307,77637.55994018393,79685.97074389826,True,scanned
20260610_175521_48753422,4402,shuttle,Bus_start,46477307,77637.84765089638,79688.31866170678,True,scanned
20260610_175521_48753422,4403,car,Node1,46354890,77642.70262862158,78159.33080328973,True,scanned
20260610_175521_48753422,4404,shuttle,Bus_start,46477307,77648.98516685436,79689.97074389826,True,scanned
20260610_175521_48753422,4405,shuttle,Bus_start,46477307,77651.44556619554,79691.97074389826,True,scanned
20260610_175521_48753422,4406,car,Node1,46354890,77657.79363632335,78159.33080328973,True,scanned
20260610_175521_48753422,4407,shuttle,Bus_start,46477307,77687.61342053533,79693.97074389826,True,scanned
20260610_175521_48753422,4408,car,Node1,46354890,77691.81302487782,78247.0831346147,True,scanned
20260610_175521_48753422,4409,shuttle,Bus_start,46477307,77720.31165554572,79696.97074389826,True,scanned
20260610_175521_48753422,4410,car,Node1,46354890,77731.35605635951,78247.0831346147,True,scanned
20260610_175521_48753422,4411,car,Node4,46493064,77731.77348270503,78355.29141713331,True,scanned
20260610_175521_48753422,4412,shuttle,Bus_start,46477307,77739.4870058177,79698.97074389826,True,scanned
20260610_175521_48753422,4413,shuttle,Bus_start,46477307,77742.36852545294,79701.31866170678,True,scanned
20260610_175521_48753422,4414,car,Node5,3611512307,77743.35337083128,78383.04466810913,True,scanned
20260610_175521_48753422,4415,car,Node1,46354890,77747.45888509235,78247.0831346147,True,scanned
20260610_175521_48753422,4416,car,Node1,46354890,77752.16427515645,78254.72985065656,True,scanned
20260610_175521_48753422,4417,shuttle,Bus_start,46477307,77761.27556755634,79702.97074389826,True,scanned
20260610_175521_48753422,4418,car,Node1,46354890,77761.77694234102,78265.58579453787,True,scanned
20260610_175521_48753422,4419,shuttle,Bus_start,46477307,77763.54347971044,79704.97074389826,True,scanned
20260610_175521_48753422,4420,car,Node1,46354890,77769.78022158847,78276.73477913259,True,scanned
20260610_175521_48753422,4421,car,Node1,46354890,77773.19143686534,78276.73477913259,True,scanned
20260610_175521_48753422,4422,car,Node1,46354890,77780.04189184045,78285.57512556054,True,scanned
20260610_175521_48753422,4423,shuttle,Bus_start,46477307,77782.13691935648,79706.97074389826,True,scanned
20260610_175521_48753422,4424,shuttle,Bus_start,46477307,77796.81623013828,79707.97074389826,True,scanned
20260610_175521_48753422,4425,car,Node1,46354890,77818.93939792518,78322.73004776244,True,scanned
20260610_175521_48753422,4426,car,Node5,3611512307,77820.83091607795,78383.04466810913,True,scanned
20260610_175521_48753422,4427,shuttle,Bus_start,46477307,77830.19831408697,79709.97074389826,True,scanned
20260610_175521_48753422,4428,car,Node5,3611512307,77851.91560582294,78448.0373149914,True,scanned
20260610_175521_48753422,4429,car,Node4,46493064,77853.1514841251,78486.70715278905,True,scanned
20260610_175521_48753422,4430,shuttle,Bus_start,46477307,77855.61436688571,79711.97074389826,True,scanned
20260610_175521_48753422,4431,shuttle,Bus_start,46477307,77858.23709195823,79713.97074389826,True,scanned
20260610_175521_48753422,4432,car,Node1,46354890,77859.73025818568,78382.47064477821,True,scanned
20260610_175521_48753422,4433,shuttle,Bus_start,46477307,77864.25239809693,79715.97074389826,True,scanned
20260610_175521_48753422,4434,car,Node4,46493064,77878.69839401764,78487.13202910642,True,scanned
20260610_175521_48753422,4435,car,Node1,46354890,77880.93347781182,78382.47064477821,True,scanned
20260610_175521_48753422,4436,car,Node4,46493064,77883.24715745401,78489.13202910642,True,scanned
20260610_175521_48753422,4437,car,Node5,3611512307,77886.45099167101,78448.85678790425,True,scanned
20260610_175521_48753422,4438,car,Node5,3611512307,77900.32821206035,78463.66751694006,True,scanned
20260610_175521_48753422,4439,car,Node1,46354890,77902.87504703604,78413.63739875537,True,scanned
20260610_175521_48753422,4440,car,Node1,46354890,77912.79083037966,78413.63739875537,True,scanned
20260610_175521_48753422,4441,car,Node5,3611512307,77927.59064813671,78521.01720681542,True,scanned
20260610_175521_48753422,4442,car,Node1,46354890,77934.04564849018,78435.85678790425,True,scanned
20260610_175521_48753422,4443,car,Node5,3611512307,77934.74326065725,78521.01720681542,True,scanned
20260610_175521_48753422,4444,shuttle,Bus_start,46477307,77935.77270159425,79717.97074389826,True,scanned
20260610_175521_48753422,4445,shuttle,Bus_start,46477307,77940.01077476892,79719.97074389826,True,scanned
20260610_175521_48753422,4446,shuttle,Bus_start,46477307,77954.84071805862,79721.97074389826,True,scanned
20260610_175521_48753422,4447,car,Node5,3611512307,77957.90523446148,78521.13202910642,True,scanned
20260610_175521_48753422,4448,car,Node1,46354890,77958.67701867191,78500.13202910642,True,scanned
20260610_175521_48753422,4449,shuttle,Bus_start,46477307,77978.4895680587,79723.97074389826,True,scanned
20260610_175521_48753422,4450,car,Node1,46354890,77982.53476243411,78502.13202910642,True,scanned
20260610_175521_48753422,4451,car,Node5,3611512307,77983.01716447389,78640.94428295386,True,scanned
20260610_175521_48753422,4452,shuttle,Bus_start,46477307,77996.55109904276,79725.97074389826,True,scanned
20260610_175521_48753422,4453,car,Node1,46354890,77997.74429425242,78504.13202910642,True,scanned
20260610_175521_48753422,4454,shuttle,Bus_start,46477307,78005.16823236427,79730.97074389826,True,scanned
20260610_175521_48753422,4455,car,Node1,46354890,78006.09095523634,78525.70715278905,True,scanned
20260610_175521_48753422,4456,shuttle,Bus_start,46477307,78022.4525805959,79732.97074389826,True,scanned
20260610_175521_48753422,4457,car,Node1,46354890,78022.81134603567,78526.13202910642,True,scanned
20260610_175521_48753422,4458,shuttle,Bus_start,46477307,78032.98085190706,79734.97074389826,True,scanned
20260610_175521_48753422,4459,shuttle,Bus_start,46477307,78040.75038982414,79736.97074389826,True,scanned
20260610_175521_48753422,4460,shuttle,Bus_start,46477307,78042.4324265807,79738.97074389826,True,scanned
20260610_175521_48753422,4461,car,Node1,46354890,78048.05423288567,78577.2834367054,True,scanned
20260610_175521_48753422,4462,car,Node1,46354890,78057.51573657145,78577.2834367054,True,scanned
20260610_175521_48753422,4463,car,Node1,46354890,78076.71084077738,78579.25361044488,True,scanned
20260610_175521_48753422,4464,car,Node1,46354890,78079.52977729583,78605.08298226118,True,scanned
20260610_175521_48753422,4465,car,Node5,3611512307,78081.24313741409,78640.94428295386,True,scanned
20260610_175521_48753422,4466,shuttle,Bus_start,46477307,78082.36748104321,79740.51254430911,True,scanned
20260610_175521_48753422,4467,shuttle,Bus_start,46477307,78092.3078925768,79740.51254430911,True,scanned
20260610_175521_48753422,4468,car,Node1,46354890,78103.21295943353,78605.08298226118,True,scanned
20260610_175521_48753422,4469,car,Node1,46354890,78103.27184284711,78605.08298226118,True,scanned
20260610_175521_48753422,4470,shuttle,Bus_start,46477307,78108.07388061742,79741.97074389826,True,scanned
20260610_175521_48753422,4471,shuttle,Bus_start,46477307,78110.48998499152,79743.97074389826,True,scanned
20260610_175521_48753422,4472,car,Node5,3611512307,78112.11229992722,78673.47650980472,True,scanned
20260610_175521_48753422,4473,car,Node1,46354890,78124.39745514219,78680.10068764589,True,scanned
20260610_175521_48753422,4474,shuttle,Bus_start,46477307,78132.09697533872,79745.97074389826,True,scanned
20260610_175521_48753422,4475,shuttle,Bus_start,46477307,78134.36265487716,79747.97074389826,True,scanned
20260610_175521_48753422,4476,shuttle,Bus_start,46477307,78151.78940700249,79751.97074389826,True,scanned
20260610_175521_48753422,4477,shuttle,Bus_start,46477307,78153.6476740778,79753.51254430911,True,scanned
20260610_175521_48753422,4478,shuttle,Bus_start,46477307,78159.17784539507,79753.97074389826,True,scanned
20260610_175521_48753422,4479,shuttle,Bus_start,46477307,78168.26874139631,80165.31385718312,True,scanned
20260610_175521_48753422,4480,car,Node1,46354890,78170.83152303338,78680.10068764589,True,scanned
20260610_175521_48753422,4481,shuttle,Bus_start,46477307,78176.89153443683,80167.31385718312,True,scanned
20260610_175521_48753422,4482,car,Node1,46354890,78179.52809171786,78680.10068764589,True,scanned
20260610_175521_48753422,4483,shuttle,Bus_start,46477307,78181.57831026327,80169.31385718312,True,scanned
20260610_175521_48753422,4484,car,Node1,46354890,78181.71895845942,78685.63227533652,True,scanned
20260610_175521_48753422,4485,shuttle,Bus_start,46477307,78183.58584479844,80171.31385718312,True,scanned
20260610_175521_48753422,4486,shuttle,Bus_start,46477307,78184.28985236879,80173.31385718312,True,scanned
20260610_175521_48753422,4487,car,Node1,46354890,78185.41513767601,78693.10856624602,True,scanned
20260610_175521_48753422,4488,car,Node4,46493064,78186.46185774643,78785.88843716314,True,scanned
20260610_175521_48753422,4489,shuttle,Bus_start,46477307,78187.3155766413,80175.31385718312,True,scanned
20260610_175521_48753422,4490,car,Node1,46354890,78187.3679368008,78693.10856624602,True,scanned
20260610_175521_48753422,4491,shuttle,Bus_start,46477307,78202.20487509444,80177.31385718312,True,scanned
20260610_175521_48753422,4492,shuttle,Bus_start,46477307,78207.11984299104,80179.31385718312,True,scanned
20260610_175521_48753422,4493,car,Node1,46354890,78208.18962476734,78711.54079535647,True,scanned
20260610_175521_48753422,4494,car,Node1,46354890,78221.27478959727,78725.08567994929,True,scanned
20260610_175521_48753422,4495,car,Node1,46354890,78222.70527762995,78729.61997648363,True,scanned
20260610_175521_48753422,4496,car,Node4,46493064,78234.80215314373,78835.16231695385,True,scanned
20260610_175521_48753422,4497,shuttle,Bus_start,46477307,78244.80796963636,80181.31385718312,True,scanned
20260610_175521_48753422,4498,car,Node5,3611512307,78268.45590549758,78855.2776453456,True,scanned
20260610_175521_48753422,4499,car,Node5,3611512307,78269.19035070279,78855.2776453456,True,scanned
20260610_175521_48753422,4500,shuttle,Bus_start,46477307,78271.48063028319,80183.31385718312,True,scanned
20260610_175521_48753422,4501,shuttle,Bus_start,46477307,78276.83982711316,80185.31385718312,True,scanned
20260610_175521_48753422,4502,car,Node1,46354890,78308.37708935014,78845.9015150525,True,scanned
20260610_175521_48753422,4503,shuttle,Bus_start,46477307,78338.26226190133,80187.31385718312,True,scanned
20260610_175521_48753422,4504,car,Node1,46354890,78347.2097932503,78845.9015150525,True,scanned
20260610_175521_48753422,4505,shuttle,Bus_start,46477307,78351.65598402791,80189.31385718312,True,scanned
20260610_175521_48753422,4506,shuttle,Bus_start,46477307,78352.16319932693,80191.31385718312,True,scanned
20260610_175521_48753422,4507,shuttle,Bus_start,46477307,78353.10013580584,80193.31385718312,True,scanned
20260610_175521_48753422,4508,shuttle,Bus_start,46477307,78356.87744220995,80195.31385718312,True,scanned
20260610_175521_48753422,4509,shuttle,Bus_start,46477307,78357.94748942595,80197.31385718312,True,scanned
20260610_175521_48753422,4510,car,Node4,46493064,78359.50397127357,79015.69759690903,True,scanned
20260610_175521_48753422,4511,shuttle,Bus_start,46477307,78364.57796009252,80200.31385718312,True,scanned
20260610_175521_48753422,4512,car,Node5,3611512307,78365.72664376376,78977.90440766451,True,scanned
20260610_175521_48753422,4513,car,Node1,46354890,78373.36693161735,78881.2168915018,True,scanned
20260610_175521_48753422,4514,car,Node1,46354890,78381.31866953176,78881.2168915018,True,scanned
20260610_175521_48753422,4515,shuttle,Bus_start,46477307,78398.38075567072,80202.31385718312,True,scanned
20260610_175521_48753422,4516,shuttle,Bus_start,46477307,78406.03073295142,80204.31385718312,True,scanned
20260610_175521_48753422,4517,shuttle,Bus_start,46477307,78410.92452213659,80206.31385718312,True,scanned
20260610_175521_48753422,4518,car,Node5,3611512307,78418.20326212473,78977.90440766451,True,scanned
20260610_175521_48753422,4519,shuttle,Bus_start,46477307,78420.35697514302,80208.31385718312,True,scanned
20260610_175521_48753422,4520,shuttle,Bus_start,46477307,78423.15352372851,80210.31385718312,True,scanned
20260610_175521_48753422,4521,shuttle,Bus_start,46477307,78429.12655767758,80211.6429578913,True,scanned
20260610_175521_48753422,4522,shuttle,Bus_start,46477307,78429.70228273456,80213.31385718312,True,scanned
20260610_175521_48753422,4523,car,Node1,46354890,78434.6775284533,78940.82982787357,True,scanned
20260610_175521_48753422,4524,car,Node1,46354890,78440.25723194555,78940.82982787357,True,scanned
20260610_175521_48753422,4525,shuttle,Bus_start,46477307,78451.4299910054,80215.31385718312,True,scanned
20260610_175521_48753422,4526,car,Node1,46354890,78452.1603769961,78955.14490371653,True,scanned
20260610_175521_48753422,4527,shuttle,Bus_start,46477307,78454.51993734181,80217.31385718312,True,scanned
20260610_175521_48753422,4528,shuttle,Bus_start,46477307,78458.17520985617,80219.31385718312,True,scanned
20260610_175521_48753422,4529,car,Node1,46354890,78465.58651612376,78968.8486150373,True,scanned
20260610_175521_48753422,4530,car,Node5,3611512307,78468.69953240153,79031.84428268494,True,scanned
20260610_175521_48753422,4531,car,Node5,3611512307,78471.60535552513,79130.97806587133,True,scanned
20260610_175521_48753422,4532,car,Node1,46354890,78481.47642660404,78985.00232912494,True,scanned
20260610_175521_48753422,4533,shuttle,Bus_start,46477307,78496.0023455909,80221.31385718312,True,scanned
20260610_175521_48753422,4534,shuttle,Bus_start,46477307,78496.93690862082,80223.31385718312,True,scanned
20260610_175521_48753422,4535,car,Node5,3611512307,78497.04793703972,79131.32023796336,True,scanned
20260610_175521_48753422,4536,car,Node1,46354890,78515.94906868393,79018.71962613329,True,scanned
20260610_175521_48753422,4537,shuttle,Bus_start,46477307,78520.98482602964,80225.31385718312,True,scanned
20260610_175521_48753422,4538,car,Node1,46354890,78561.06356973702,79084.38425229496,True,scanned
20260610_175521_48753422,4539,car,Node5,3611512307,78571.33687636425,79133.32023796336,True,scanned
20260610_175521_48753422,4540,car,Node1,46354890,78576.11407520257,79085.24303142255,True,scanned
20260610_175521_48753422,4541,shuttle,Bus_start,46477307,78578.1816010398,80227.31385718312,True,scanned
20260610_175521_48753422,4542,shuttle,Bus_start,46477307,78583.8203788302,80229.31385718312,True,scanned
20260610_175521_48753422,4543,car,Node1,46354890,78583.85524230561,79087.24303142255,True,scanned
20260610_175521_48753422,4544,shuttle,Bus_start,46477307,78591.86105974425,80231.31385718312,True,scanned
20260610_175521_48753422,4545,car,Node1,46354890,78595.0443064719,79097.98082060063,True,scanned
20260610_175521_48753422,4546,shuttle,Bus_start,46477307,78597.22342250367,80233.31385718312,True,scanned
20260610_175521_48753422,4547,car,Node1,46354890,78600.89748054784,79104.83346626871,True,scanned
20260610_175521_48753422,4548,car,Node1,46354890,78604.58849724628,79150.32023796336,True,scanned
20260610_175521_48753422,4549,shuttle,Bus_start,46477307,78606.39472769092,80235.31385718312,True,scanned
20260610_175521_48753422,4550,shuttle,Bus_start,46477307,78623.25161436995,80237.31385718312,True,scanned
20260610_175521_48753422,4551,shuttle,Bus_start,46477307,78628.54491407014,80239.31385718312,True,scanned
20260610_175521_48753422,4552,car,Node1,46354890,78647.15859329824,79152.32023796336,True,scanned
20260610_175521_48753422,4553,shuttle,Bus_start,46477307,78651.50321213712,80241.31385718312,True,scanned
20260610_175521_48753422,4554,shuttle,Bus_start,46477307,78651.74749021443,80243.31385718312,True,scanned
20260610_175521_48753422,4555,car,Node1,46354890,78652.29560333349,79245.11668917653,True,scanned
20260610_175521_48753422,4556,car,Node5,3611512307,78653.34473126328,79213.89084775928,True,scanned
20260610_175521_48753422,4557,car,Node4,46493064,78654.13123672035,79254.92684207346,True,scanned
20260610_175521_48753422,4558,car,Node5,3611512307,78655.59665028943,79279.9210420657,True,scanned
20260610_175521_48753422,4559,shuttle,Bus_start,46477307,78673.21898703589,80253.30190875792,True,scanned
20260610_175521_48753422,4560,shuttle,Bus_start,46477307,78692.00000081985,80255.30190875792,True,scanned
20260610_175521_48753422,4561,shuttle,Bus_start,46477307,78704.67062191464,80257.30190875792,True,scanned
20260610_175521_48753422,4562,shuttle,Bus_start,46477307,78704.80942069212,80259.30190875792,True,scanned
20260610_175521_48753422,4563,car,Node5,3611512307,78714.09546441812,79279.9210420657,True,scanned
20260610_175521_48753422,4564,car,Node4,46493064,78714.25701133172,79435.79101842605,True,scanned
20260610_175521_48753422,4565,car,Node5,3611512307,78716.86938429676,79279.9210420657,True,scanned
20260610_175521_48753422,4566,shuttle,Bus_start,46477307,78721.43680515978,80261.30190875792,True,scanned
20260610_175521_48753422,4567,car,Node5,3611512307,78733.29383033547,79374.95493979602,True,scanned
20260610_175521_48753422,4568,shuttle,Bus_start,46477307,78742.01619552869,80263.30190875792,True,scanned
20260610_175521_48753422,4569,shuttle,Bus_start,46477307,78743.36197779917,80265.30190875792,True,scanned
20260610_175521_48753422,4570,shuttle,Bus_start,46477307,78744.82716039201,80267.30190875792,True,scanned
20260610_175521_48753422,4571,car,Node1,46354890,78745.59498590654,79245.11668917653,True,scanned
20260610_175521_48753422,4572,shuttle,Bus_start,46477307,78749.77409985848,80269.30190875792,True,scanned
20260610_175521_48753422,4573,shuttle,Bus_start,46477307,78753.32308689656,80271.30190875792,True,scanned
20260610_175521_48753422,4574,shuttle,Bus_start,46477307,78783.00267064142,80273.30190875792,True,scanned
20260610_175521_48753422,4575,car,Node1,46354890,78797.98665588073,79367.03370644875,True,scanned
20260610_175521_48753422,4576,car,Node5,3611512307,78803.20260934661,79374.95493979602,True,scanned
20260610_175521_48753422,4577,shuttle,Bus_start,46477307,78808.57007922845,80275.30190875792,True,scanned
20260610_175521_48753422,4578,car,Node1,46354890,78811.75304286918,79367.03370644875,True,scanned
20260610_175521_48753422,4579,car,Node5,3611512307,78814.47585133035,79374.95493979602,True,scanned
20260610_175521_48753422,4580,car,Node5,3611512307,78815.56036363845,79404.99322004366,True,scanned
20260610_175521_48753422,4581,shuttle,Bus_start,46477307,78824.05857857557,80278.30190875792,True,scanned
20260610_175521_48753422,4582,car,Node5,3611512307,78831.47993045635,79404.99322004366,True,scanned
20260610_175521_48753422,4583,shuttle,Bus_start,46477307,78840.3455313467,80280.30190875792,True,scanned
20260610_175521_48753422,4584,car,Node5,3611512307,78843.79087777153,79404.99322004366,True,scanned
20260610_175521_48753422,4585,shuttle,Bus_start,46477307,78847.0393649741,80282.30190875792,True,scanned
20260610_175521_48753422,4586,car,Node1,46354890,78868.48357624511,79367.03370644875,True,scanned
20260610_175521_48753422,4587,shuttle,Bus_start,46477307,78877.55490480138,80284.30190875792,True,scanned
20260610_175521_48753422,4588,shuttle,Bus_start,46477307,78878.90329817543,80286.30190875792,True,scanned
20260610_175521_48753422,4589,shuttle,Bus_start,46477307,78885.47057951799,80289.19899080471,True,scanned
20260610_175521_48753422,4590,shuttle,Bus_start,46477307,78891.9277640318,80289.30190875792,True,scanned
20260610_175521_48753422,4591,car,Node1,46354890,78893.39466881489,79393.14435830957,True,scanned
20260610_175521_48753422,4592,car,Node1,46354890,78917.0399893293,79441.83398875929,True,scanned
20260610_175521_48753422,4593,shuttle,Bus_start,46477307,78924.65895652682,80291.30190875792,True,scanned
20260610_175521_48753422,4594,car,Node1,46354890,78927.03663397406,79441.83398875929,True,scanned
20260610_175521_48753422,4595,car,Node1,46354890,78941.42965646612,79441.83398875929,True,scanned
20260610_175521_48753422,4596,car,Node1,46354890,78958.39852026098,79482.3192185757,True,scanned
20260610_175521_48753422,4597,car,Node5,3611512307,78958.93121942076,79519.36196732058,True,scanned
20260610_175521_48753422,4598,shuttle,Bus_start,46477307,78980.03232986521,80293.30190875792,True,scanned
20260610_175521_48753422,4599,car,Node1,46354890,78981.65835061407,79482.3192185757,True,scanned
20260610_175521_48753422,4600,shuttle,Bus_start,46477307,78985.24587193903,80295.30190875792,True,scanned
20260610_175521_48753422,4601,car,Node1,46354890,78985.61764075416,79495.93449466655,True,scanned
20260610_175521_48753422,4602,car,Node1,46354890,78994.13838513829,79495.93449466655,True,scanned
20260610_175521_48753422,4603,car,Node1,46354890,78995.47243046382,79552.12389969103,True,scanned
20260610_175521_48753422,4604,shuttle,Bus_start,46477307,78995.65181702186,80297.30190875792,True,scanned
20260610_175521_48753422,4605,car,Node5,3611512307,78996.70883742174,79557.67357896283,True,scanned
20260610_175521_48753422,4606,shuttle,Bus_start,46477307,79002.90368190054,80299.30190875792,True,scanned
20260610_175521_48753422,4607,shuttle,Bus_start,46477307,79008.32293029326,80301.30190875792,True,scanned
20260610_175521_48753422,4608,car,Node1,46354890,79009.1911725557,79552.12389969103,True,scanned
20260610_175521_48753422,4609,shuttle,Bus_start,46477307,79021.37323274289,80303.30190875792,True,scanned
20260610_175521_48753422,4610,shuttle,Bus_start,46477307,79044.77597885396,80305.30190875792,True,scanned
20260610_175521_48753422,4611,car,Node1,46354890,79050.79492497003,79552.12389969103,True,scanned
20260610_175521_48753422,4612,car,Node4,46493064,79064.00648621889,79793.18468291695,True,scanned
20260610_175521_48753422,4613,shuttle,Bus_start,46477307,79072.14440876625,80307.30190875792,True,scanned
20260610_175521_48753422,4614,shuttle,Bus_start,46477307,79075.62876226785,80309.30190875792,True,scanned
20260610_175521_48753422,4615,car,Node1,46354890,79093.5627460385,79609.03399595854,True,scanned
20260610_175521_48753422,4616,shuttle,Bus_start,46477307,79098.73464559125,80311.30190875792,True,scanned
20260610_175521_48753422,4617,shuttle,Bus_start,46477307,79104.69387730729,80313.30190875792,True,scanned
20260610_175521_48753422,4618,car,Node1,46354890,79109.63387424864,79609.03399595854,True,scanned
20260610_175521_48753422,4619,car,Node1,46354890,79114.25549516166,79622.03399595854,True,scanned
20260610_175521_48753422,4620,car,Node5,3611512307,79114.40120476998,79694.97074389826,True,scanned
20260610_175521_48753422,4621,car,Node1,46354890,79118.01453367058,79622.03399595854,True,scanned
20260610_175521_48753422,4622,car,Node5,3611512307,79135.43726248256,79695.65582787986,True,scanned
20260610_175521_48753422,4623,car,Node5,3611512307,79141.56060102304,79875.72971338544,True,scanned
20260610_175521_48753422,4624,car,Node1,46354890,79153.8634966766,79655.43822146596,True,scanned
20260610_175521_48753422,4625,car,Node5,3611512307,79173.58825858225,79875.72971338544,True,scanned
20260610_175521_48753422,4626,car,Node1,46354890,79173.75721123398,79675.31866170678,True,scanned
20260610_175521_48753422,4627,car,Node1,46354890,79177.7445929505,79682.65582787986,True,scanned
20260610_175521_48753422,4628,shuttle,Bus_start,46477307,79183.5913117135,80315.30190875792,True,scanned
20260610_175521_48753422,4629,car,Node1,46354890,79199.7840596906,79727.51254430911,True,scanned
20260610_175521_48753422,4630,shuttle,Bus_start,46477307,79202.48325163733,80317.30190875792,True,scanned
20260610_175521_48753422,4631,car,Node1,46354890,79202.90347388347,79727.51254430911,True,scanned
20260610_175521_48753422,4632,car,Node1,46354890,79225.26715948863,79728.97074389826,True,scanned
20260610_175521_48753422,4633,car,Node2,46336597,79226.29838918868,79749.97074389826,True,scanned
20260610_175521_48753422,4634,car,Node1,46354890,79228.01418749621,79819.60764125739,True,scanned
20260610_175521_48753422,4635,shuttle,Bus_start,46477307,79250.50575640284,80319.30190875792,True,scanned
20260610_175521_48753422,4636,shuttle,Bus_start,46477307,79306.88021588945,80324.30190875792,True,scanned
20260610_175521_48753422,4637,shuttle,Bus_start,46477307,79312.57880699464,80326.30190875792,True,scanned
20260610_175521_48753422,4638,car,Node1,46354890,79319.32813517992,79819.60764125739,True,scanned
20260610_175521_48753422,4639,car,Node5,3611512307,79325.07220137092,79888.6210416986,True,scanned
20260610_175521_48753422,4640,shuttle,Bus_start,46477307,79327.41829827096,80328.30190875792,True,scanned
20260610_175521_48753422,4641,shuttle,Bus_start,46477307,79346.83588489782,80330.30190875792,True,scanned
20260610_175521_48753422,4642,car,Node5,3611512307,79364.61389210392,79926.38624365584,True,scanned
20260610_175521_48753422,4643,car,Node1,46354890,79375.83816179253,79928.68652610057,True,scanned
20260610_175521_48753422,4644,car,Node5,3611512307,79421.76197505799,80076.88662717653,True,scanned
20260610_175521_48753422,4645,car,Node1,46354890,79429.39101523,79928.68652610057,True,scanned
20260610_175521_48753422,4646,car,Node1,46354890,79432.28285110804,80030.44780842242,True,scanned
20260610_175521_48753422,4647,car,Node5,3611512307,79447.43610672202,80076.88662717653,True,scanned
20260610_175521_48753422,4648,car,Node1,46354890,79471.854687865,80030.44780842242,True,scanned
20260610_175521_48753422,4649,shuttle,Bus_start,46477307,79484.70554510846,80332.30190875792,True,scanned
20260610_175521_48753422,4650,car,Node4,46493064,79496.4167541426,80097.8344409925,True,scanned
20260610_175521_48753422,4651,shuttle,Bus_start,46477307,79507.33932941535,80334.20275734185,True,scanned
20260610_175521_48753422,4652,shuttle,Bus_start,46477307,79516.82694864026,80753.35680805879,True,scanned
20260610_175521_48753422,4653,car,Node5,3611512307,79517.61102046858,80076.88662717653,True,scanned
20260610_175521_48753422,4654,shuttle,Bus_start,46477307,79518.47805674205,80755.35680805879,True,scanned
20260610_175521_48753422,4655,car,Node5,3611512307,79523.96613203819,80198.6429578913,True,scanned
20260610_175521_48753422,4656,car,Node1,46354890,79531.18932154574,80030.44780842242,True,scanned
20260610_175521_48753422,4657,shuttle,Bus_start,46477307,79543.63697601829,80757.35680805879,True,scanned
20260610_175521_48753422,4658,shuttle,Bus_start,46477307,79545.77688395439,80759.35680805879,True,scanned
20260610_175521_48753422,4659,car,Node1,46354890,79548.68518363898,80130.3225486502,True,scanned
20260610_175521_48753422,4660,car,Node2,46336597,79553.3568269258,80105.9430110432,True,scanned
20260610_175521_48753422,4661,shuttle,Bus_start,46477307,79564.32087487998,80761.35680805879,True,scanned
20260610_175521_48753422,4662,car,Node4,46493064,79593.83607224844,80276.19899080471,True,scanned
20260610_175521_48753422,4663,car,Node1,46354890,79602.28492649342,80130.3225486502,True,scanned
20260610_175521_48753422,4664,shuttle,Bus_start,46477307,79603.26218170873,80763.35680805879,True,scanned
20260610_175521_48753422,4665,car,Node4,46493064,79605.73683359065,80276.30190875792,True,scanned
20260610_175521_48753422,4666,shuttle,Bus_start,46477307,79619.39812263029,80765.35680805879,True,scanned
20260610_175521_48753422,4667,car,Node2,46336597,79625.14966118294,80288.30190875792,True,scanned
20260610_175521_48753422,4668,car,Node1,46354890,79629.87355148017,80130.3225486502,True,scanned
20260610_175521_48753422,4669,car,Node1,46354890,79632.347343464,80160.11340517162,True,scanned
20260610_175521_48753422,4670,shuttle,Bus_start,46477307,79633.72338664749,80767.35680805879,True,scanned
20260610_175521_48753422,4671,shuttle,Bus_start,46477307,79636.55142359158,80769.35680805879,True,scanned
20260610_175521_48753422,4672,car,Node5,3611512307,79639.40287236258,80198.6429578913,True,scanned
20260610_175521_48753422,4673,shuttle,Bus_start,46477307,79651.36223903988,80771.35680805879,True,scanned
20260610_175521_48753422,4674,shuttle,Bus_start,46477307,79653.31823310474,80773.35680805879,True,scanned
20260610_175521_48753422,4675,car,Node1,46354890,79659.6803021919,80160.11340517162,True,scanned
20260610_175521_48753422,4676,shuttle,Bus_start,46477307,79662.34361271423,80775.35680805879,True,scanned
20260610_175521_48753422,4677,car,Node5,3611512307,79665.95138143706,80368.52011021163,True,scanned
20260610_175521_48753422,4678,shuttle,Bus_start,46477307,79708.85299455024,80777.35680805879,True,scanned
20260610_175521_48753422,4679,car,Node1,46354890,79708.89272221527,80211.6429578913,True,scanned
20260610_175521_48753422,4680,car,Node1,46354890,79717.07641663292,80243.70652274747,True,scanned
20260610_175521_48753422,4681,car,Node4,46493064,79733.48863372844,80334.20275734185,True,scanned
20260610_175521_48753422,4682,car,Node1,46354890,79743.28529923368,80244.31385718312,True,scanned
20260610_175521_48753422,4683,car,Node1,46354890,79749.63854449986,80321.20275734185,True,scanned
20260610_175521_48753422,4684,shuttle,Bus_start,46477307,79751.98901936048,80780.35680805879,True,scanned
20260610_175521_48753422,4685,shuttle,Bus_start,46477307,79757.82627586188,80782.35680805879,True,scanned
20260610_175521_48753422,4686,shuttle,Bus_start,46477307,79760.9929876469,80784.35680805879,True,scanned
20260610_175521_48753422,4687,shuttle,Bus_start,46477307,79761.67118010274,80786.35680805879,True,scanned
20260610_175521_48753422,4688,shuttle,Bus_start,46477307,79788.0487728204,80788.35680805879,True,scanned
20260610_175521_48753422,4689,car,Node1,46354890,79791.55757451459,80321.20275734185,True,scanned
20260610_175521_48753422,4690,shuttle,Bus_start,46477307,79802.60602889917,80790.35680805879,True,scanned
20260610_175521_48753422,4691,shuttle,Bus_start,46477307,79802.62239151297,80791.35680805879,True,scanned
20260610_175521_48753422,4692,car,Node5,3611512307,79806.86297632773,80368.52011021163,True,scanned
20260610_175521_48753422,4693,shuttle,Bus_start,46477307,79819.10780139502,80793.35680805879,True,scanned
20260610_175521_48753422,4694,car,Node1,46354890,79819.82116882784,80322.30190875792,True,scanned
20260610_175521_48753422,4695,shuttle,Bus_start,46477307,79820.14297084384,80795.35680805879,True,scanned
20260610_175521_48753422,4696,car,Node1,46354890,79827.83778989004,80339.00053080104,True,scanned
20260610_175521_48753422,4697,car,Node1,46354890,79837.44491264029,80339.00053080104,True,scanned
20260610_175521_48753422,4698,shuttle,Bus_start,46477307,79840.4163196188,80797.35680805879,True,scanned
20260610_175521_48753422,4699,shuttle,Bus_start,46477307,79866.57443868964,80803.35680805879,True,scanned
20260610_175521_48753422,4700,car,Node1,46354890,79874.57815623046,80424.5381008108,True,scanned
20260610_175521_48753422,4701,car,Node2,46336597,79876.76230046712,80465.91715591079,True,scanned
20260610_175521_48753422,4702,car,Node5,3611512307,79882.72918264952,80466.51809464979,True,scanned
20260610_175521_48753422,4703,shuttle,Bus_start,46477307,79897.07329773082,80804.35680805879,True,scanned
20260610_175521_48753422,4704,car,Node5,3611512307,79906.36252719913,80466.51809464979,True,scanned
20260610_175521_48753422,4705,shuttle,Bus_start,46477307,79917.97194326094,80810.35680805879,True,scanned
20260610_175521_48753422,4706,car,Node1,46354890,79924.39050020334,80424.5381008108,True,scanned
20260610_175521_48753422,4707,shuttle,Bus_start,46477307,79942.01712495642,80810.62816086467,True,scanned
20260610_175521_48753422,4708,car,Node4,46493064,79947.0406578771,80695.77997169778,True,scanned
20260610_175521_48753422,4709,shuttle,Bus_start,46477307,79957.1528065863,80812.35680805879,True,scanned
20260610_175521_48753422,4710,car,Node1,46354890,79958.9437753044,80491.10177049872,True,scanned
20260610_175521_48753422,4711,car,Node5,3611512307,79978.30287848202,80635.74626357271,True,scanned
20260610_175521_48753422,4712,shuttle,Bus_start,46477307,79983.0381527516,80814.35680805879,True,scanned
20260610_175521_48753422,4713,shuttle,Bus_start,46477307,79987.57749444249,80816.35680805879,True,scanned
20260610_175521_48753422,4714,car,Node1,46354890,79990.68054698494,80491.10177049872,True,scanned
20260610_175521_48753422,4715,car,Node1,46354890,80000.02831514584,80591.08098766353,True,scanned
20260610_175521_48753422,4716,shuttle,Bus_start,46477307,80035.56070644579,80821.35680805879,True,scanned
20260610_175521_48753422,4717,shuttle,Bus_start,46477307,80038.84261959213,80823.35680805879,True,scanned
20260610_175521_48753422,4718,car,Node5,3611512307,80048.16640477673,80635.74626357271,True,scanned
20260610_175521_48753422,4719,shuttle,Bus_start,46477307,80050.80403046704,80823.62816086467,True,scanned
20260610_175521_48753422,4720,shuttle,Bus_start,46477307,80062.84554565135,80825.35680805879,True,scanned
20260610_175521_48753422,4721,shuttle,Bus_start,46477307,80075.36376057079,80827.35680805879,True,scanned
20260610_175521_48753422,4722,car,Node5,3611512307,80076.52027529679,80635.74626357271,True,scanned
20260610_175521_48753422,4723,car,Node5,3611512307,80088.66431225609,80668.95990375102,True,scanned
20260610_175521_48753422,4724,car,Node1,46354890,80091.87763298531,80591.08098766353,True,scanned
20260610_175521_48753422,4725,car,Node1,46354890,80094.04666444982,80596.55796188173,True,scanned
20260610_175521_48753422,4726,car,Node5,3611512307,80108.07697988395,80668.95990375102,True,scanned
20260610_175521_48753422,4727,car,Node5,3611512307,80108.30034386159,80797.62816086467,True,scanned
20260610_175521_48753422,4728,car,Node1,46354890,80108.61859610319,80609.66841070777,True,scanned
20260610_175521_48753422,4729,shuttle,Bus_start,46477307,80119.32790635663,80829.35680805879,True,scanned
20260610_175521_48753422,4730,car,Node1,46354890,80150.37447191047,80651.75606042448,True,scanned
20260610_175521_48753422,4731,car,Node5,3611512307,80159.8998186829,80799.35680805879,True,scanned
20260610_175521_48753422,4732,shuttle,Bus_start,46477307,80160.65699528928,80830.35680805879,True,scanned
20260610_175521_48753422,4733,shuttle,Bus_start,46477307,80168.95832198938,80832.35680805879,True,scanned
20260610_175521_48753422,4734,car,Node1,46354890,80218.85413965158,80778.13983254874,True,scanned
20260610_175521_48753422,4735,shuttle,Bus_start,46477307,80220.28066788497,80836.35680805879,True,scanned
20260610_175521_48753422,4736,shuttle,Bus_start,46477307,80225.04931463882,80836.62816086467,True,scanned
20260610_175521_48753422,4737,shuttle,Bus_start,46477307,80226.0392655489,81350.61615191755,True,scanned
20260610_175521_48753422,4738,shuttle,Bus_start,46477307,80235.49671561584,81352.61615191755,True,scanned
20260610_175521_48753422,4739,car,Node5,3611512307,80238.40217258874,80801.35680805879,True,scanned
20260610_175521_48753422,4740,car,Node5,3611512307,80239.84843301213,80817.35680805879,True,scanned
20260610_175521_48753422,4741,shuttle,Bus_start,46477307,80240.25970166815,81354.61615191755,True,scanned
20260610_175521_48753422,4742,shuttle,Bus_start,46477307,80243.7042671447,81356.61615191755,True,scanned
20260610_175521_48753422,4743,car,Node5,3611512307,80250.1039650106,80819.35680805879,True,scanned
20260610_175521_48753422,4744,shuttle,Bus_start,46477307,80255.81986315415,81358.61615191755,True,scanned
20260610_175521_48753422,4745,car,Node5,3611512307,80264.07410218925,80834.35680805879,True,scanned
20260610_175521_48753422,4746,car,Node5,3611512307,80279.32506326969,80844.94425489272,True,scanned
20260610_175521_48753422,4747,car,Node1,46354890,80279.86500717276,80778.35680805879,True,scanned
20260610_175521_48753422,4748,car,Node5,3611512307,80280.99184314492,80850.5581051809,True,scanned
20260610_175521_48753422,4749,shuttle,Bus_start,46477307,80285.24873787253,81360.61615191755,True,scanned
20260610_175521_48753422,4750,car,Node1,46354890,80286.33169531407,80806.35680805879,True,scanned
20260610_175521_48753422,4751,car,Node1,46354890,80302.76190884701,80808.35680805879,True,scanned
20260610_175521_48753422,4752,shuttle,Bus_start,46477307,80326.5484852997,81362.61615191755,True,scanned
20260610_175521_48753422,4753,car,Node5,3611512307,80330.56061888803,80899.11249034337,True,scanned
20260610_175521_48753422,4754,car,Node5,3611512307,80333.668463096,80899.11249034337,True,scanned
20260610_175521_48753422,4755,car,Node5,3611512307,80336.0587223823,80899.11249034337,True,scanned
20260610_175521_48753422,4756,car,Node1,46354890,80339.0993990672,80890.09026275153,True,scanned
20260610_175521_48753422,4757,shuttle,Bus_start,46477307,80360.12400432497,81364.61615191755,True,scanned
20260610_175521_48753422,4758,car,Node1,46354890,80390.88690807331,80890.09026275153,True,scanned
20260610_175521_48753422,4759,shuttle,Bus_start,46477307,80391.6501367602,81366.61615191755,True,scanned
20260610_175521_48753422,4760,car,Node1,46354890,80392.81906786983,80897.33083112781,True,scanned
20260610_175521_48753422,4761,car,Node1,46354890,80394.8195336959,80897.33083112781,True,scanned
20260610_175521_48753422,4762,shuttle,Bus_start,46477307,80395.92864286546,81368.61615191755,True,scanned
20260610_175521_48753422,4763,shuttle,Bus_start,46477307,80401.3119189044,81370.61615191755,True,scanned
20260610_175521_48753422,4764,car,Node5,3611512307,80406.92495391876,81061.71202482285,True,scanned
20260610_175521_48753422,4765,car,Node5,3611512307,80408.26114149841,81061.71202482285,True,scanned
20260610_175521_48753422,4766,car,Node1,46354890,80429.6478494753,80938.66034415548,True,scanned
20260610_175521_48753422,4767,car,Node1,46354890,80436.59650022113,80938.66034415548,True,scanned
20260610_175521_48753422,4768,car,Node1,46354890,80438.2391206417,80938.66034415548,True,scanned
20260610_175521_48753422,4769,shuttle,Bus_start,46477307,80446.05022614128,81372.61615191755,True,scanned
20260610_175521_48753422,4770,car,Node1,46354890,80454.11341786012,80998.40083319948,True,scanned
20260610_175521_48753422,4771,shuttle,Bus_start,46477307,80467.10373659486,81374.61615191755,True,scanned
20260610_175521_48753422,4772,shuttle,Bus_start,46477307,80480.07758781752,81376.61615191755,True,scanned
20260610_175521_48753422,4773,car,Node1,46354890,80497.29286759181,80998.40083319948,True,scanned
20260610_175521_48753422,4774,car,Node5,3611512307,80502.48603654692,81061.71202482285,True,scanned
20260610_175521_48753422,4775,shuttle,Bus_start,46477307,80506.34305558802,81378.61615191755,True,scanned
20260610_175521_48753422,4776,car,Node1,46354890,80516.47118028595,81033.45695939094,True,scanned
20260610_175521_48753422,4777,car,Node5,3611512307,80532.98197676535,81093.86490063243,True,scanned
20260610_175521_48753422,4778,car,Node1,46354890,80533.03573587716,81033.45695939094,True,scanned
20260610_175521_48753422,4779,shuttle,Bus_start,46477307,80564.38429341737,81383.61615191755,True,scanned
20260610_175521_48753422,4780,car,Node5,3611512307,80569.05393199043,81231.03545496782,True,scanned
20260610_175521_48753422,4781,car,Node4,46493064,80572.51066010397,81172.27936569808,True,scanned
20260610_175521_48753422,4782,car,Node5,3611512307,80598.27688696531,81231.03545496782,True,scanned
20260610_175521_48753422,4783,shuttle,Bus_start,46477307,80603.8005628688,81385.61615191755,True,scanned
20260610_175521_48753422,4784,shuttle,Bus_start,46477307,80617.68708327723,81387.61615191755,True,scanned
20260610_175521_48753422,4785,car,Node1,46354890,80639.78657233148,81144.66346783852,True,scanned
20260610_175521_48753422,4786,car,Node1,46354890,80645.48910730155,81144.66346783852,True,scanned
20260610_175521_48753422,4787,car,Node1,46354890,80646.38864246254,81144.66346783852,True,scanned
20260610_175521_48753422,4788,car,Node1,46354890,80658.55939137252,81165.48841786919,True,scanned
20260610_175521_48753422,4789,car,Node1,46354890,80666.01144028464,81165.48841786919,True,scanned
20260610_175521_48753422,4790,car,Node5,3611512307,80670.87988751716,81231.03545496782,True,scanned
20260610_175521_48753422,4791,shuttle,Bus_start,46477307,80686.82355326215,81389.61615191755,True,scanned
20260610_175521_48753422,4792,car,Node1,46354890,80698.439576589,81198.86080010278,True,scanned
20260610_175521_48753422,4793,car,Node5,3611512307,80699.88954238064,81391.61615191755,True,scanned
20260610_175521_48753422,4794,car,Node1,46354890,80711.45589229299,81286.90412589301,True,scanned
20260610_175521_48753422,4795,car,Node5,3611512307,80760.83770218186,81391.63160592901,True,scanned
20260610_175521_48753422,4796,car,Node1,46354890,80787.70077121479,81286.90412589301,True,scanned
20260610_175521_48753422,4797,car,Node1,46354890,80795.1073892815,81297.23873321511,True,scanned
20260610_175521_48753422,4798,car,Node1,46354890,80798.99481141703,81302.92103529321,True,scanned
20260610_175521_48753422,4799,car,Node1,46354890,80823.86880474792,81378.63160592901,True,scanned
20260610_175521_48753422,4800,car,Node5,3611512307,80828.19707405879,81392.61615191755,True,scanned
20260610_175521_48753422,4801,car,Node5,3611512307,80830.03601633546,81394.61615191755,True,scanned
20260610_175521_48753422,4802,car,Node4,46493064,80843.56764860226,81444.28382604229,True,scanned
20260610_175521_48753422,4803,car,Node5,3611512307,80845.26557346973,81478.07017947518,True,scanned
20260610_175521_48753422,4804,car,Node1,46354890,80852.06919312451,81379.61615191755,True,scanned
20260610_175521_48753422,4805,shuttle,Bus_start,46477307,80869.26424081314,81850.67105121842,True,scanned
20260610_175521_48753422,4806,car,Node1,46354890,80877.52364032133,81381.61615191755,True,scanned
20260610_175521_48753422,4807,shuttle,Bus_start,46477307,80887.82398727449,81852.67105121842,True,scanned
20260610_175521_48753422,4808,car,Node1,46354890,80908.02036409747,81409.40195261147,True,scanned
20260610_175521_48753422,4809,car,Node5,3611512307,80915.44715945303,81478.07017947518,True,scanned
20260610_175521_48753422,4810,car,Node1,46354890,80922.74354217607,81424.0688933398,True,scanned
20260610_175521_48753422,4811,car,Node1,46354890,80923.47364017928,81424.0688933398,True,scanned
20260610_175521_48753422,4812,car,Node5,3611512307,80949.23778113096,81618.7116756895,True,scanned
20260610_175521_48753422,4813,shuttle,Bus_start,46477307,80965.48055933858,81854.67105121842,True,scanned
20260610_175521_48753422,4814,car,Node1,46354890,80969.86854726882,81483.09777076593,True,scanned
20260610_175521_48753422,4815,shuttle,Bus_start,46477307,80971.4994826645,81856.67105121842,True,scanned
20260610_175521_48753422,4816,shuttle,Bus_start,46477307,80978.46942395197,81858.67105121842,True,scanned
20260610_175521_48753422,4817,car,Node1,46354890,80981.98980515826,81483.09777076593,True,scanned
20260610_175521_48753422,4818,shuttle,Bus_start,46477307,80998.4054765677,81860.67105121842,True,scanned
20260610_175521_48753422,4819,car,Node1,46354890,81000.82615459623,81502.20774311024,True,scanned
20260610_175521_48753422,4820,shuttle,Bus_start,46477307,81011.84492770399,81862.67105121842,True,scanned
20260610_175521_48753422,4821,car,Node5,3611512307,81019.0774593869,81618.7116756895,True,scanned
20260610_175521_48753422,4822,shuttle,Bus_start,46477307,81027.32942806064,81864.67105121842,True,scanned
20260610_175521_48753422,4823,car,Node1,46354890,81038.12388284918,81612.00389364574,True,scanned
20260610_175521_48753422,4824,car,Node1,46354890,81056.72890329274,81612.00389364574,True,scanned
20260610_175521_48753422,4825,car,Node5,3611512307,81059.48568741357,81618.7116756895,True,scanned
20260610_175521_48753422,4826,shuttle,Bus_start,46477307,81069.11626654958,81866.67105121842,True,scanned
20260610_175521_48753422,4827,car,Node5,3611512307,81105.29085109678,81665.44641854744,True,scanned
20260610_175521_48753422,4828,car,Node1,46354890,81112.80053896752,81612.00389364574,True,scanned
20260610_175521_48753422,4829,car,Node5,3611512307,81122.28341156586,81702.28153537794,True,scanned
20260610_175521_48753422,4830,car,Node1,46354890,81127.40597431759,81734.47536469351,True,scanned
20260610_175521_48753422,4831,shuttle,Bus_start,46477307,81132.65456099855,81871.67105121842,True,scanned
20260610_175521_48753422,4832,car,Node5,3611512307,81140.62440149405,81702.28153537794,True,scanned
20260610_175521_48753422,4833,car,Node5,3611512307,81187.38749558499,81748.49053488157,True,scanned
20260610_175521_48753422,4834,car,Node5,3611512307,81210.2662753562,81782.36762008848,True,scanned
20260610_175521_48753422,4835,car,Node1,46354890,81212.92719686069,81734.47536469351,True,scanned
20260610_175521_48753422,4836,shuttle,Bus_start,46477307,81217.16616223221,81873.67105121842,True,scanned
20260610_175521_48753422,4837,car,Node5,3611512307,81220.53722437548,81782.36762008848,True,scanned
20260610_175521_48753422,4838,car,Node5,3611512307,81224.83380390318,81918.21876962404,True,scanned
20260610_175521_48753422,4839,shuttle,Bus_start,46477307,81231.47230091982,81875.67105121842,True,scanned
20260610_175521_48753422,4840,car,Node1,46354890,81236.20053931754,81734.47536469351,True,scanned
20260610_175521_48753422,4841,car,Node1,46354890,81289.6306310238,81808.42730072452,True,scanned
20260610_175521_48753422,4842,car,Node1,46354890,81309.2239460463,81808.42730072452,True,scanned
20260610_175521_48753422,4843,car,Node1,46354890,81320.18713446333,81867.11725753562,True,scanned
20260610_175521_48753422,4844,shuttle,Bus_start,46477307,81328.95352997148,82405.92274739052,True,scanned
20260610_175521_48753422,4845,shuttle,Bus_start,46477307,81345.06873323035,82407.92274739052,True,scanned
20260610_175521_48753422,4846,car,Node5,3611512307,81358.99278134812,81918.21876962404,True,scanned
20260610_175521_48753422,4847,car,Node1,46354890,81366.26151026893,81867.67105121842,True,scanned
20260610_175521_48753422,4848,car,Node1,46354890,81367.9139028574,81869.67105121842,True,scanned
20260610_175521_48753422,4849,car,Node5,3611512307,81391.5245545343,82098.21876962404,True,scanned
20260610_175521_48753422,4850,shuttle,Bus_start,46477307,81401.42256792006,82409.92274739052,True,scanned
20260610_175521_48753422,4851,car,Node1,46354890,81447.028064065,81948.99788102107,True,scanned
20260610_175521_48753422,4852,car,Node1,46354890,81449.79452634286,81948.99788102107,True,scanned
20260610_175521_48753422,4853,shuttle,Bus_start,46477307,81449.90395857506,82411.92274739052,True,scanned
20260610_175521_48753422,4854,shuttle,Bus_start,46477307,81475.98145250772,82413.92274739052,True,scanned
20260610_175521_48753422,4855,car,Node1,46354890,81478.62554953237,82087.76203760959,True,scanned
20260610_175521_48753422,4856,shuttle,Bus_start,46477307,81485.72250532785,82415.92274739052,True,scanned
20260610_175521_48753422,4857,shuttle,Bus_start,46477307,81490.47819359881,82417.92274739052,True,scanned
20260610_175521_48753422,4858,shuttle,Bus_start,46477307,81501.41786110695,82419.92274739052,True,scanned
20260610_175521_48753422,4859,car,Node1,46354890,81568.36428923221,82087.76203760959,True,scanned
20260610_175521_48753422,4860,car,Node4,46493064,81576.64600529204,82176.41471088615,True,scanned
20260610_175521_48753422,4861,shuttle,Bus_start,46477307,81588.79824224472,82421.92274739052,True,scanned
20260610_175521_48753422,4862,car,Node1,46354890,81589.48721223361,82087.76203760959,True,scanned
20260610_175521_48753422,4863,car,Node1,46354890,81600.46951768993,82102.44768756539,True,scanned
20260610_175521_48753422,4864,shuttle,Bus_start,46477307,81602.01569536226,82423.92274739052,True,scanned
20260610_175521_48753422,4865,car,Node1,46354890,81602.7966803341,82102.44768756539,True,scanned
20260610_175521_48753422,4866,car,Node1,46354890,81624.56641666897,82258.18244017907,True,scanned
20260610_175521_48753422,4867,car,Node5,3611512307,81656.13007653062,82270.0604479024,True,scanned
20260610_175521_48753422,4868,shuttle,Bus_start,46477307,81663.34904098188,82425.92274739052,True,scanned
20260610_175521_48753422,4869,shuttle,Bus_start,46477307,81704.33898053132,82427.92274739052,True,scanned
20260610_175521_48753422,4870,car,Node1,46354890,81708.8474787642,82258.18244017907,True,scanned
20260610_175521_48753422,4871,car,Node5,3611512307,81709.90488045175,82270.0604479024,True,scanned
20260610_175521_48753422,4872,car,Node1,46354890,81759.90761480309,82258.18244017907,True,scanned
20260610_175521_48753422,4873,shuttle,Bus_start,46477307,81762.9535517899,82429.92274739052,True,scanned
20260610_175521_48753422,4874,car,Node5,3611512307,81771.8309905522,82449.13086872768,True,scanned
20260610_175521_48753422,4875,shuttle,Bus_start,46477307,81798.9909927957,82431.92274739052,True,scanned
20260610_175521_48753422,4876,shuttle,Bus_start,46477307,81814.95024498322,82891.82114141395,True,scanned
20260610_175521_48753422,4877,shuttle,Bus_start,46477307,81829.27345652149,82433.92274739052,True,scanned
20260610_175521_48753422,4878,car,Node1,46354890,81840.95365836908,82384.40316442083,True,scanned
20260610_175521_48753422,4879,shuttle,Bus_start,46477307,81841.17814067825,82893.82114141395,True,scanned
20260610_175521_48753422,4880,shuttle,Bus_start,46477307,81853.39739690888,82435.92274739052,True,scanned
20260610_175521_48753422,4881,car,Node1,46354890,81877.46503961111,82384.40316442083,True,scanned
20260610_175521_48753422,4882,shuttle,Bus_start,46477307,81879.25036424526,82895.82114141395,True,scanned
20260610_175521_48753422,4883,car,Node1,46354890,81886.12833904485,82384.40316442083,True,scanned
20260610_175521_48753422,4884,shuttle,Bus_start,46477307,81887.47854700673,82897.82114141395,True,scanned
20260610_175521_48753422,4885,shuttle,Bus_start,46477307,81919.70782947072,82899.82114141395,True,scanned
20260610_175521_48753422,4886,car,Node1,46354890,81922.84695041628,82472.72698404317,True,scanned
20260610_175521_48753422,4887,car,Node5,3611512307,81924.96159492733,82543.37676195172,True,scanned
20260610_175521_48753422,4888,shuttle,Bus_start,46477307,81936.18654851934,82901.82114141395,True,scanned
20260610_175521_48753422,4889,car,Node1,46354890,81968.24484710448,82472.72698404317,True,scanned
20260610_175521_48753422,4890,car,Node1,46354890,81973.52362936495,82472.72698404317,True,scanned
20260610_175521_48753422,4891,shuttle,Bus_start,46477307,81978.84894854896,82903.82114141395,True,scanned
20260610_175521_48753422,4892,car,Node5,3611512307,81983.22119450106,82543.37676195172,True,scanned
20260610_175521_48753422,4893,shuttle,Bus_start,46477307,81995.76385996751,82905.82114141395,True,scanned
20260610_175521_48753422,4894,shuttle,Bus_start,46477307,82025.57892655591,82907.82114141395,True,scanned
20260610_175521_48753422,4895,shuttle,Bus_start,46477307,82055.13988674979,82909.82114141395,True,scanned
20260610_175521_48753422,4896,car,Node1,46354890,82057.04315753214,82609.1211995707,True,scanned
20260610_175521_48753422,4897,car,Node1,46354890,82090.6995218357,82609.1211995707,True,scanned
20260610_175521_48753422,4898,car,Node1,46354890,82110.85775093055,82609.1211995707,True,scanned
20260610_175521_48753422,4899,car,Node5,3611512307,82112.30176256136,82722.40655921606,True,scanned
20260610_175521_48753422,4900,car,Node1,46354890,82129.84542968271,82654.2329416451,True,scanned
20260610_175521_48753422,4901,car,Node1,46354890,82143.74080142172,82654.2329416451,True,scanned
20260610_175521_48753422,4902,car,Node1,46354890,82155.04243927791,82654.2329416451,True,scanned
20260610_175521_48753422,4903,shuttle,Bus_start,46477307,82156.16156345297,82911.82114141395,True,scanned
20260610_175521_48753422,4904,shuttle,Bus_start,46477307,82159.81761880986,82913.82114141395,True,scanned
20260610_175521_48753422,4905,car,Node1,46354890,82166.85056676103,82668.41458592929,True,scanned
20260610_175521_48753422,4906,car,Node5,3611512307,82196.95838735251,82770.92710857569,True,scanned
20260610_175521_48753422,4907,car,Node5,3611512307,82210.83226236845,82770.92710857569,True,scanned
20260610_175521_48753422,4908,shuttle,Bus_start,46477307,82248.21136069157,82915.82114141395,True,scanned
20260610_175521_48753422,4909,car,Node1,46354890,82255.19158783855,82845.04488973977,True,scanned
20260610_175521_48753422,4910,car,Node1,46354890,82260.33240004528,82845.04488973977,True,scanned
20260610_175521_48753422,4911,shuttle,Bus_start,46477307,82264.69146559041,82917.82114141395,True,scanned
20260610_175521_48753422,4912,car,Node5,3611512307,82334.03679978455,82949.9348986757,True,scanned
20260610_175521_48753422,4913,shuttle,Bus_start,46477307,82360.73154445428,82919.82114141395,True,scanned
20260610_175521_48753422,4914,car,Node5,3611512307,82374.97280644224,82949.9348986757,True,scanned
20260610_175521_48753422,4915,car,Node5,3611512307,82391.53012938828,83041.37647135164,True,scanned
20260610_175521_48753422,4916,car,Node1,46354890,82413.19451578447,82982.91736355207,True,scanned
20260610_175521_48753422,4917,shuttle,Bus_start,46477307,82413.38085064283,83454.80182593204,True,scanned
20260610_175521_48753422,4918,car,Node4,46493064,82414.91948717831,83014.52096233805,True,scanned
20260610_175521_48753422,4919,car,Node4,46493064,82449.1681906755,83193.5145664688,True,scanned
20260610_175521_48753422,4920,car,Node1,46354890,82464.56611876814,82982.91736355207,True,scanned
20260610_175521_48753422,4921,car,Node5,3611512307,82478.85237804786,83041.37647135164,True,scanned
20260610_175521_48753422,4922,car,Node1,46354890,82484.76323024352,82982.91736355207,True,scanned
20260610_175521_48753422,4923,shuttle,Bus_start,46477307,82489.22783775225,83456.80182593204,True,scanned
20260610_175521_48753422,4924,car,Node1,46354890,82510.60058066976,83162.86184779927,True,scanned
20260610_175521_48753422,4925,shuttle,Bus_start,46477307,82511.73881535132,83458.80182593204,True,scanned
20260610_175521_48753422,4926,shuttle,Bus_start,46477307,82522.00725597846,83460.80182593204,True,scanned
20260610_175521_48753422,4927,car,Node5,3611512307,82531.61394676757,83220.36612147692,True,scanned
20260610_175521_48753422,4928,shuttle,Bus_start,46477307,82537.2062795309,83462.80182593204,True,scanned
20260610_175521_48753422,4929,shuttle,Bus_start,46477307,82550.66743678221,83464.80182593204,True,scanned
20260610_175521_48753422,4930,shuttle,Bus_start,46477307,82598.41205483608,83466.80182593204,True,scanned
20260610_175521_48753422,4931,shuttle,Bus_start,46477307,82628.66877259614,83468.80182593204,True,scanned
20260610_175521_48753422,4932,shuttle,Bus_start,46477307,82648.95245892157,83470.80182593204,True,scanned
20260610_175521_48753422,4933,shuttle,Bus_start,46477307,82659.6634589174,83472.80182593204,True,scanned
20260610_175521_48753422,4934,shuttle,Bus_start,46477307,82662.32572417168,83474.80182593204,True,scanned
20260610_175521_48753422,4935,shuttle,Bus_start,46477307,82668.9561137148,83476.80182593204,True,scanned
20260610_175521_48753422,4936,shuttle,Bus_start,46477307,82684.66962083965,83478.80182593204,True,scanned
20260610_175521_48753422,4937,car,Node4,46493064,82694.10569217204,83293.58964970389,True,scanned
20260610_175521_48753422,4938,shuttle,Bus_start,46477307,82696.63060195404,83480.80182593204,True,scanned
20260610_175521_48753422,4939,shuttle,Bus_start,46477307,82754.57585916473,83482.80182593204,True,scanned
20260610_175521_48753422,4940,car,Node5,3611512307,82770.77558170198,83373.03389420212,True,scanned
20260610_175521_48753422,4941,car,Node5,3611512307,82772.82997495594,83373.03389420212,True,scanned
20260610_175521_48753422,4942,car,Node5,3611512307,82813.15188022601,83373.03389420212,True,scanned
20260610_175521_48753422,4943,car,Node1,46354890,82902.68476605244,83417.99180786007,True,scanned
20260610_175521_48753422,4944,car,Node1,46354890,82919.96889658294,83417.99180786007,True,scanned
20260610_175521_48753422,4945,car,Node1,46354890,82950.0794822496,83449.28806308947,True,scanned
20260610_175521_48753422,4946,car,Node5,3611512307,82955.74848227194,83552.04357000222,True,scanned
20260610_175521_48753422,4947,shuttle,Bus_start,46477307,82966.51049372532,83938.4971155733,True,scanned
20260610_175521_48753422,4948,shuttle,Bus_start,46477307,83005.14228089374,83940.4971155733,True,scanned
20260610_175521_48753422,4949,car,Node1,46354890,83009.87444958463,83573.23343309842,True,scanned
20260610_175521_48753422,4950,car,Node5,3611512307,83010.02244736858,83731.98035814526,True,scanned
20260610_175521_48753422,4951,shuttle,Bus_start,46477307,83014.65516712605,83942.4971155733,True,scanned
20260610_175521_48753422,4952,shuttle,Bus_start,46477307,83023.57531078567,83944.4971155733,True,scanned
20260610_175521_48753422,4953,shuttle,Bus_start,46477307,83050.58511378491,83946.4971155733,True,scanned
20260610_175521_48753422,4954,car,Node1,46354890,83075.26270756935,83573.23343309842,True,scanned
20260610_175521_48753422,4955,shuttle,Bus_start,46477307,83084.74933956837,83948.4971155733,True,scanned
20260610_175521_48753422,4956,car,Node1,46354890,83184.13750591467,83682.9980834883,True,scanned
20260610_175521_48753422,4957,shuttle,Bus_start,46477307,83239.63732530376,83950.4971155733,True,scanned
20260610_175521_48753422,4958,car,Node1,46354890,83244.38740593195,83743.22934348439,True,scanned
20260610_175521_48753422,4959,shuttle,Bus_start,46477307,83295.5752481693,83952.4971155733,True,scanned
20260610_175521_48753422,4960,car,Node1,46354890,83350.46021329518,83872.68791516592,True,scanned
20260610_175521_48753422,4961,shuttle,Bus_start,46477307,83364.72210028526,83954.4971155733,True,scanned
20260610_175521_48753422,4962,shuttle,Bus_start,46477307,83373.06152819643,83956.4971155733,True,scanned
20260610_175521_48753422,4963,car,Node5,3611512307,83373.09555639885,84091.95423887458,True,scanned
20260610_175521_48753422,4964,car,Node1,46354890,83374.78450216529,83872.68791516592,True,scanned
20260610_175521_48753422,4965,car,Node1,46354890,83396.63850851121,83895.7402050948,True,scanned
20260610_175521_48753422,4966,shuttle,Bus_start,46477307,83401.4472772383,83958.4971155733,True,scanned
20260610_175521_48753422,4967,car,Node1,46354890,83428.69959435167,83979.87539262544,True,scanned
20260610_175521_48753422,4968,car,Node4,46493064,83430.917404539,84193.34731461828,True,scanned
20260610_175521_48753422,4969,car,Node1,46354890,83432.89712702404,83979.87539262544,True,scanned
20260610_175521_48753422,4970,car,Node1,46354890,83480.10640776277,83979.87539262544,True,scanned
20260610_175521_48753422,4971,shuttle,Bus_start,46477307,83484.33481084032,84501.31945413037,True,scanned
20260610_175521_48753422,4972,shuttle,Bus_start,46477307,83520.71502927867,84503.31945413037,True,scanned
20260610_175521_48753422,4973,car,Node5,3611512307,83575.32510937663,84135.60630798635,True,scanned
20260610_175521_48753422,4974,car,Node1,46354890,83579.52992588564,84078.35831179799,True,scanned
20260610_175521_48753422,4975,car,Node1,46354890,83594.00806373931,84253.1675986792,True,scanned
20260610_175521_48753422,4976,car,Node4,46493064,83596.49679884111,84373.34731461828,True,scanned
20260610_175521_48753422,4977,shuttle,Bus_start,46477307,83625.92816018389,84505.31945413037,True,scanned
20260610_175521_48753422,4978,car,Node5,3611512307,83632.1651075267,84314.1274680252,True,scanned
20260610_175521_48753422,4979,shuttle,Bus_start,46477307,83656.68195587996,84507.31945413037,True,scanned
20260610_175521_48753422,4980,car,Node1,46354890,83669.39327537251,84253.1675986792,True,scanned
20260610_175521_48753422,4981,car,Node1,46354890,83755.26418567856,84253.1675986792,True,scanned
20260610_175521_48753422,4982,car,Node1,46354890,83758.00714249979,84259.18817979182,True,scanned
20260610_175521_48753422,4983,car,Node1,46354890,83768.07962257045,84270.10216768154,True,scanned
20260610_175521_48753422,4984,shuttle,Bus_start,46477307,83782.66689322116,84509.31945413037,True,scanned
20260610_175521_48753422,4985,shuttle,Bus_start,46477307,83793.17988266381,84511.31945413037,True,scanned
20260610_175521_48753422,4986,shuttle,Bus_start,46477307,83800.21897279586,84513.31945413037,True,scanned
20260610_175521_48753422,4987,shuttle,Bus_start,46477307,83820.77958761652,84515.31945413037,True,scanned
20260610_175521_48753422,4988,car,Node5,3611512307,83836.39402797438,84494.1274680252,True,scanned
20260610_175521_48753422,4989,car,Node1,46354890,83856.14607636805,84445.98303557109,True,scanned
20260610_175521_48753422,4990,car,Node4,46493064,83875.3514676337,84553.34731461828,True,scanned
20260610_175521_48753422,4991,shuttle,Bus_start,46477307,83931.59100072642,84517.31945413037,True,scanned
20260610_175521_48753422,4992,shuttle,Bus_start,46477307,83966.11311313871,84977.01474377162,True,scanned
20260610_175521_48753422,4993,car,Node1,46354890,83990.12561679639,84625.98303557109,True,scanned
20260610_175521_48753422,4994,shuttle,Bus_start,46477307,84029.04034472571,84979.01474377162,True,scanned
20260610_175521_48753422,4995,shuttle,Bus_start,46477307,84058.55328227217,84981.01474377162,True,scanned
20260610_175521_48753422,4996,shuttle,Bus_start,46477307,84068.75168925099,84983.01474377162,True,scanned
20260610_175521_48753422,4997,car,Node1,46354890,84103.21200740132,84625.98303557109,True,scanned
20260610_175521_48753422,4998,car,Node1,46354890,84138.95464828878,84639.22002825054,True,scanned
20260610_175521_48753422,4999,car,Node1,46354890,84148.05299925749,84681.59814972138,True,scanned
20260610_175521_48753422,5000,shuttle,Bus_start,46477307,84151.24620746684,84985.01474377162,True,scanned
20260610_175521_48753422,5001,car,Node1,46354890,84175.75197017734,84681.59814972138,True,scanned
20260610_175521_48753422,5002,car,Node1,46354890,84181.55585418746,84681.59814972138,True,scanned
20260610_175521_48753422,5003,car,Node1,46354890,84192.9938729533,84695.1564761954,True,scanned
20260610_175521_48753422,5004,shuttle,Bus_start,46477307,84219.90622415941,84987.01474377162,True,scanned
20260610_175521_48753422,5005,shuttle,Bus_start,46477307,84228.05341732748,84989.01474377162,True,scanned
20260610_175521_48753422,5006,shuttle,Bus_start,46477307,84246.68395200536,84991.01474377162,True,scanned
20260610_175521_48753422,5007,shuttle,Bus_start,46477307,84271.17086114948,84993.01474377162,True,scanned
20260610_175521_48753422,5008,car,Node1,46354890,84311.97908799126,84809.8825009919,True,scanned
20260610_175521_48753422,5009,car,Node1,46354890,84341.80139594986,84907.01667988891,True,scanned
20260610_175521_48753422,5010,shuttle,Bus_start,46477307,84362.60236904054,84995.01474377162,True,scanned
20260610_175521_48753422,5011,car,Node5,3611512307,84375.25586116075,84996.41758847416,True,scanned
20260610_175521_48753422,5012,car,Node4,46493064,84385.9170790264,85093.34731461828,True,scanned
20260610_175521_48753422,5013,shuttle,Bus_start,46477307,84389.95993013565,85000.01474377162,True,scanned
20260610_175521_48753422,5014,car,Node5,3611512307,84405.49384575934,84996.41758847416,True,scanned
20260610_175521_48753422,5015,shuttle,Bus_start,46477307,84405.73292232623,85002.01474377162,True,scanned
20260610_175521_48753422,5016,car,Node1,46354890,84408.18829397656,84907.01667988891,True,scanned
20260610_175521_48753422,5017,shuttle,Bus_start,46477307,84415.89460325491,85004.01474377162,True,scanned
20260610_175521_48753422,5018,car,Node5,3611512307,84437.61522982559,84998.01474377162,True,scanned
20260610_175521_48753422,5019,shuttle,Bus_start,46477307,84509.75811659085,85535.8370823287,True,scanned
20260610_175521_48753422,5020,car,Node5,3611512307,84543.46149365911,85177.34360522176,True,scanned
20260610_175521_48753422,5021,car,Node1,46354890,84553.75309044536,85051.65650344599,True,scanned
20260610_175521_48753422,5022,shuttle,Bus_start,46477307,84602.90557825864,85537.8370823287,True,scanned
20260610_175521_48753422,5023,shuttle,Bus_start,46477307,84614.8417636396,85539.8370823287,True,scanned
20260610_175521_48753422,5024,shuttle,Bus_start,46477307,84660.29319850757,85541.8370823287,True,scanned
20260610_175521_48753422,5025,car,Node1,46354890,84665.75389148857,85169.69365845065,True,scanned
20260610_175521_48753422,5026,car,Node1,46354890,84665.97566116451,85169.69365845065,True,scanned
20260610_175521_48753422,5027,car,Node1,46354890,84671.79024545001,85169.69365845065,True,scanned
20260610_175521_48753422,5028,car,Node1,46354890,84713.19871217139,85212.71508731841,True,scanned
20260610_175521_48753422,5029,car,Node1,46354890,84713.61339073483,85212.71508731841,True,scanned
20260610_175521_48753422,5030,car,Node1,46354890,84721.8472963465,85277.74796656964,True,scanned
20260610_175521_48753422,5031,car,Node5,3611512307,84769.94302164717,85356.41758847416,True,scanned
20260610_175521_48753422,5032,car,Node1,46354890,84777.97898170697,85277.74796656964,True,scanned
20260610_175521_48753422,5033,shuttle,Bus_start,46477307,84791.55512074463,85543.8370823287,True,scanned
20260610_175521_48753422,5034,shuttle,Bus_start,46477307,84808.62819221964,85545.8370823287,True,scanned
20260610_175521_48753422,5035,car,Node1,46354890,84818.13698921012,85394.70861453857,True,scanned
20260610_175521_48753422,5036,car,Node4,46493064,84821.3297672572,85453.34731461828,True,scanned
20260610_175521_48753422,5037,shuttle,Bus_start,46477307,84855.98391123129,85547.8370823287,True,scanned
20260610_175521_48753422,5038,car,Node1,46354890,84896.80520153794,85394.70861453857,True,scanned
20260610_175521_48753422,5039,car,Node1,46354890,84922.383131396,85505.52782432409,True,scanned
20260610_175521_48753422,5040,car,Node1,46354890,85007.62441132346,85505.52782432409,True,scanned
20260610_175521_48753422,5041,car,Node1,46354890,85024.9029291108,85679.54848856713,True,scanned
20260610_175521_48753422,5042,shuttle,Bus_start,46477307,85034.25688935624,86019.53237196995,True,scanned
20260610_175521_48753422,5043,shuttle,Bus_start,46477307,85061.47569889712,86021.53237196995,True,scanned
20260610_175521_48753422,5044,car,Node5,3611512307,85063.07877967604,85621.8811383246,True,scanned
20260610_175521_48753422,5045,shuttle,Bus_start,46477307,85071.09768236517,86023.53237196995,True,scanned
20260610_175521_48753422,5046,car,Node1,46354890,85145.55302306649,85679.54848856713,True,scanned
20260610_175521_48753422,5047,shuttle,Bus_start,46477307,85172.74314720102,86025.53237196995,True,scanned
20260610_175521_48753422,5048,car,Node1,46354890,85181.6450755665,85679.54848856713,True,scanned
20260610_175521_48753422,5049,car,Node1,46354890,85216.43370728989,85715.53540387348,True,scanned
20260610_175521_48753422,5050,shuttle,Bus_start,46477307,85218.81828239723,86027.53237196995,True,scanned
20260610_175521_48753422,5051,shuttle,Bus_start,46477307,85222.68089948142,86029.53237196995,True,scanned
20260610_175521_48753422,5052,shuttle,Bus_start,46477307,85224.31953265356,86031.53237196995,True,scanned
20260610_175521_48753422,5053,car,Node1,46354890,85261.13479082203,85783.81444078122,True,scanned
20260610_175521_48753422,5054,car,Node5,3611512307,85268.23714558012,85827.03950422868,True,scanned
20260610_175521_48753422,5055,car,Node1,46354890,85284.04545591855,85783.81444078122,True,scanned
20260610_175521_48753422,5056,car,Node5,3611512307,85293.34015753372,85902.88853130315,True,scanned
20260610_175521_48753422,5057,shuttle,Bus_start,46477307,85333.18101480891,86033.53237196995,True,scanned
20260610_175521_48753422,5058,shuttle,Bus_start,46477307,85339.50795162114,86035.53237196995,True,scanned
20260610_175521_48753422,5059,car,Node5,3611512307,85343.16015590698,85902.88853130315,True,scanned
20260610_175521_48753422,5060,car,Node5,3611512307,85347.30901465823,85910.65905567794,True,scanned
20260610_175521_48753422,5061,car,Node1,46354890,85361.48832139838,85860.31670731073,True,scanned
20260610_175521_48753422,5062,shuttle,Bus_start,46477307,85369.05142217738,86037.53237196995,True,scanned
20260610_175521_48753422,5063,car,Node5,3611512307,85377.33902328776,85954.3235042725,True,scanned
20260610_175521_48753422,5064,car,Node5,3611512307,85393.09849949229,85954.3235042725,True,scanned
20260610_175521_48753422,5065,shuttle,Bus_start,46477307,85400.4389066597,86039.53237196995,True,scanned
20260610_175521_48753422,5066,car,Node1,46354890,85416.86793744727,85986.13495556574,True,scanned
20260610_175521_48753422,5067,shuttle,Bus_start,46477307,85446.30781766467,86041.53237196995,True,scanned
20260610_175521_48753422,5068,car,Node1,46354890,85488.2315425651,85986.13495556574,True,scanned
20260610_175521_48753422,5069,car,Node1,46354890,85498.46021375222,85998.72559371397,True,scanned
20260610_175521_48753422,5070,car,Node1,46354890,85544.36574514821,86083.43687162928,True,scanned
20260610_175521_48753422,5071,car,Node1,46354890,85550.86636498025,86083.43687162928,True,scanned
20260610_175521_48753422,5072,shuttle,Bus_start,46477307,85556.71916744819,,False,in_bus
20260610_175521_48753422,5073,car,Node1,46354890,85583.6678867666,86083.43687162928,True,scanned
20260610_175521_48753422,5074,car,Node1,46354890,85596.83740696686,86224.97455101306,True,scanned
20260610_175521_48753422,5075,shuttle,Bus_start,46477307,85691.25280468006,,False,in_bus
20260610_175521_48753422,5076,car,Node1,46354890,85700.705470707,86224.97455101306,True,scanned
20260610_175521_48753422,5077,shuttle,Bus_start,46477307,85713.6121531109,,False,in_bus
20260610_175521_48753422,5078,car,Node1,46354890,85727.07113801243,86224.97455101306,True,scanned
20260610_175521_48753422,5079,shuttle,Bus_start,46477307,85783.67960482254,,False,in_bus
20260610_175521_48753422,5080,car,Node5,3611512307,85790.27894644043,86349.081305089,True,scanned
20260610_175521_48753422,5081,car,Node1,46354890,85844.27165958838,,False,scanning
20260610_175521_48753422,5082,shuttle,Bus_start,46477307,85885.68291818892,,False,in_bus
20260610_175521_48753422,5083,car,Node1,46354890,85911.50293960271,,False,parking
20260610_175521_48753422,5084,shuttle,Bus_start,46477307,85947.49344639949,,False,in_bus
20260610_175521_48753422,5085,shuttle,Bus_start,46477307,85991.72105650892,,False,in_bus
20260610_175521_48753422,5086,shuttle,Bus_start,46477307,85993.6128307339,,False,in_bus
20260610_175521_48753422,5087,shuttle,Bus_start,46477307,85996.00371754872,,False,in_bus
20260610_175521_48753422,5088,shuttle,Bus_start,46477307,86005.41096540843,,False,in_bus
20260610_175521_48753422,5089,car,Node1,46354890,86014.84267616562,,False,parking
20260610_175521_48753422,5090,car,Node2,46336597,86059.85960144433,,False,parking
20260610_175521_48753422,5091,car,Node1,46354890,86064.20716399723,,False,parking
20260610_175521_48753422,5092,shuttle,Bus_start,46477307,86079.85767321897,,False,in_bus
20260610_175521_48753422,5093,car,Node5,3611512307,86103.1947556366,,False,parking
20260610_175521_48753422,5094,shuttle,Bus_start,46477307,86114.78147186777,,False,in_bus
20260610_175521_48753422,5095,car,Node1,46354890,86149.3213053869,,False,in_car
20260610_175521_48753422,5096,car,Node5,3611512307,86185.45006395191,,False,in_car
20260610_175521_48753422,5097,car,Node1,46354890,86222.18688710686,,False,in_car
20260610_175521_48753422,5098,car,Node5,3611512307,86235.54326140508,,False,in_car
20260610_175521_48753422,5099,shuttle,Bus_start,46477307,86249.56917635835,,False,walking_to_bus
20260610_175521_48753422,5100,shuttle,Bus_start,46477307,86333.53476225687,,False,walking_to_bus
